{"type": "FeatureCollection", "features": [{"type": "Feature", "geometry": {"type": "MultiPolygon", "coordinates": [[[[-3.58538, 43.47162], [-3.5885, 43.47183], [-3.58875, 43.47297], [-3.58814, 43.47378], [-3.589, 43.47526], [-3.58824, 43.47659], [-3.58535, 43.47816], [-3.58638, 43.47845], [-3.58815, 43.47794], [-3.58972, 43.47821], [-3.59059, 43.4792], [-3.59076, 43.48093], [-3.59465, 43.48145], [-3.59551, 43.4822], [-3.59604, 43.4837], [-3.59551, 43.48603], [-3.5946, 43.48693], [-3.59318, 43.48743], [-3.5932, 43.48914], [-3.59277, 43.4899], [-3.59153, 43.49071], [-3.59157, 43.49161], [-3.58869, 43.49358], [-3.58817, 43.49433], [-3.5881, 43.49765], [-3.58937, 43.49964], [-3.58892, 43.50115], [-3.58776, 43.50206], [-3.58706, 43.50329], [-3.58455, 43.5048], [-3.58333, 43.50445], [-3.58206, 43.50223], [-3.58293, 43.50179], [-3.58331, 43.50079], [-3.58429, 43.50004], [-3.58373, 43.49876], [-3.58484, 43.49699], [-3.58437, 43.49447], [-3.58478, 43.49355], [-3.58448, 43.49231], [-3.58587, 43.49158], [-3.58593, 43.48986], [-3.58745, 43.48779], [-3.58873, 43.48683], [-3.58906, 43.48583], [-3.59027, 43.48485], [-3.59177, 43.48435], [-3.59216, 43.48367], [-3.58936, 43.48373], [-3.58785, 43.48331], [-3.5868, 43.48215], [-3.58694, 43.48049], [-3.58374, 43.47976], [-3.58226, 43.47824], [-3.58224, 43.47745], [-3.58267, 43.47692], [-3.58631, 43.47524], [-3.5855, 43.47413], [-3.58594, 43.47272], [-3.58538, 43.47162]]], [[[-3.53093, 43.49277], [-3.53119, 43.49305], [-3.53118, 43.49312], [-3.53096, 43.49315], [-3.53093, 43.49277]]], [[[-3.52323, 43.49463], [-3.52395, 43.49502], [-3.52354, 43.49491], [-3.5232, 43.49565], [-3.52265, 43.49508], [-3.52323, 43.49463]]], [[[-3.52769, 43.49523], [-3.52875, 43.49569], [-3.52923, 43.49636], [-3.52863, 43.49624], [-3.52816, 43.49687], [-3.52676, 43.49617], [-3.52717, 43.49624], [-3.52716, 43.49559], [-3.52769, 43.49523]]], [[[-3.52473, 43.49663], [-3.52532, 43.49677], [-3.52496, 43.49693], [-3.52473, 43.49663]]], [[[-3.52481, 43.49795], [-3.52458, 43.49807], [-3.52476, 43.49791], [-3.52481, 43.49795]]], [[[-3.42653, 43.34822], [-3.4319, 43.34786], [-3.43516, 43.34926], [-3.43538, 43.35043], [-3.43245, 43.35581], [-3.43356, 43.35783], [-3.43566, 43.35945], [-3.43797, 43.36215], [-3.43816, 43.36418], [-3.44085, 43.36712], [-3.44519, 43.36804], [-3.4466, 43.36768], [-3.44998, 43.36804], [-3.45137, 43.36898], [-3.45136, 43.37028], [-3.4526, 43.3712], [-3.45887, 43.36962], [-3.46044, 43.37254], [-3.46037, 43.37302], [-3.45945, 43.37366], [-3.45967, 43.37385], [-3.45934, 43.37421], [-3.45989, 43.37498], [-3.46101, 43.37497], [-3.46104, 43.37461], [-3.46325, 43.37405], [-3.46279, 43.37362], [-3.46301, 43.37153], [-3.46382, 43.37144], [-3.46374, 43.37115], [-3.46454, 43.37094], [-3.46444, 43.37057], [-3.46557, 43.37015], [-3.46711, 43.37026], [-3.46874, 43.37248], [-3.47209, 43.37084], [-3.47398, 43.37056], [-3.47564, 43.36897], [-3.47671, 43.3685], [-3.48105, 43.36885], [-3.48353, 43.36797], [-3.48435, 43.36799], [-3.48476, 43.36848], [-3.48735, 43.36686], [-3.49029, 43.36686], [-3.49242, 43.36731], [-3.49494, 43.36678], [-3.49651, 43.36567], [-3.49665, 43.36504], [-3.49528, 43.36393], [-3.49563, 43.3632], [-3.49541, 43.36266], [-3.49685, 43.3611], [-3.49874, 43.36044], [-3.50167, 43.36029], [-3.50277, 43.35916], [-3.50395, 43.35887], [-3.50575, 43.35919], [-3.50662, 43.36034], [-3.50643, 43.36146], [-3.50566, 43.36262], [-3.50342, 43.36375], [-3.50053, 43.36404], [-3.50068, 43.36646], [-3.49961, 43.36786], [-3.50025, 43.36824], [-3.49995, 43.36919], [-3.50072, 43.3703], [-3.4985, 43.37171], [-3.49663, 43.37361], [-3.49739, 43.37508], [-3.49728, 43.3757], [-3.49572, 43.37585], [-3.49497, 43.37688], [-3.49352, 43.37718], [-3.493, 43.37776], [-3.49201, 43.37785], [-3.49176, 43.3775], [-3.49071, 43.37794], [-3.48899, 43.37616], [-3.48784, 43.37566], [-3.48728, 43.37475], [-3.48603, 43.37478], [-3.48538, 43.37538], [-3.48575, 43.37587], [-3.48558, 43.37628], [-3.48366, 43.37794], [-3.4839, 43.37914], [-3.48175, 43.37712], [-3.4816, 43.37859], [-3.48214, 43.37946], [-3.48192, 43.38035], [-3.47915, 43.38036], [-3.47661, 43.38226], [-3.47571, 43.38337], [-3.47591, 43.38442], [-3.47434, 43.38576], [-3.47318, 43.38865], [-3.47341, 43.3942], [-3.47459, 43.39514], [-3.47563, 43.39777], [-3.47957, 43.40094], [-3.47953, 43.40348], [-3.48, 43.40463], [-3.4827, 43.40678], [-3.4896, 43.41417], [-3.49172, 43.41772], [-3.49457, 43.41809], [-3.49717, 43.41902], [-3.50645, 43.42023], [-3.51128, 43.41955], [-3.51602, 43.41995], [-3.51854, 43.42222], [-3.51764, 43.42289], [-3.52222, 43.4239], [-3.52229, 43.42508], [-3.52331, 43.42525], [-3.52395, 43.42622], [-3.52633, 43.42799], [-3.52694, 43.42899], [-3.52872, 43.43005], [-3.52896, 43.43085], [-3.53248, 43.43246], [-3.53666, 43.43283], [-3.54034, 43.43396], [-3.54098, 43.43464], [-3.53516, 43.43459], [-3.53269, 43.43404], [-3.53208, 43.43433], [-3.53031, 43.43367], [-3.52736, 43.43341], [-3.52602, 43.43409], [-3.52544, 43.43536], [-3.52589, 43.43838], [-3.52421, 43.43864], [-3.52209, 43.43819], [-3.51913, 43.43858], [-3.51659, 43.43804], [-3.51513, 43.43541], [-3.51479, 43.43545], [-3.51467, 43.43449], [-3.51405, 43.43455], [-3.51304, 43.43376], [-3.51225, 43.43427], [-3.51105, 43.43426], [-3.51086, 43.43459], [-3.51127, 43.43511], [-3.51095, 43.43526], [-3.51192, 43.43634], [-3.51076, 43.43698], [-3.51463, 43.43929], [-3.51595, 43.43803], [-3.52252, 43.44128], [-3.52506, 43.44426], [-3.5284, 43.44715], [-3.529, 43.44845], [-3.52594, 43.45162], [-3.50837, 43.45407], [-3.50489, 43.45493], [-3.50278, 43.45634], [-3.50191, 43.4558], [-3.49883, 43.45549], [-3.49855, 43.45698], [-3.52096, 43.46156], [-3.53299, 43.46464], [-3.53413, 43.46523], [-3.5352, 43.46521], [-3.54738, 43.46825], [-3.55547, 43.46961], [-3.56503, 43.46981], [-3.56507, 43.47115], [-3.5642, 43.47165], [-3.563, 43.47147], [-3.56282, 43.47211], [-3.56317, 43.47252], [-3.56273, 43.47277], [-3.56393, 43.47323], [-3.56459, 43.47411], [-3.56334, 43.47415], [-3.56338, 43.47482], [-3.56447, 43.47456], [-3.56416, 43.47521], [-3.56627, 43.47621], [-3.56742, 43.47863], [-3.5648, 43.48003], [-3.56625, 43.48046], [-3.56526, 43.48151], [-3.56515, 43.48372], [-3.56652, 43.4847], [-3.56665, 43.48727], [-3.56516, 43.48689], [-3.56296, 43.4871], [-3.56166, 43.48763], [-3.56018, 43.48731], [-3.55791, 43.48912], [-3.55345, 43.48842], [-3.55262, 43.49019], [-3.55136, 43.49068], [-3.55079, 43.49161], [-3.54967, 43.49213], [-3.54983, 43.49399], [-3.54662, 43.49583], [-3.54081, 43.49669], [-3.54034, 43.49588], [-3.54109, 43.49554], [-3.54124, 43.49433], [-3.53984, 43.49303], [-3.53787, 43.49232], [-3.53628, 43.49222], [-3.53566, 43.4927], [-3.53631, 43.49325], [-3.53562, 43.49335], [-3.53572, 43.4938], [-3.53463, 43.49394], [-3.53314, 43.4931], [-3.53226, 43.49182], [-3.52865, 43.49249], [-3.52681, 43.49461], [-3.52469, 43.4937], [-3.52453, 43.494], [-3.52392, 43.49377], [-3.52251, 43.49429], [-3.52164, 43.4935], [-3.52054, 43.49468], [-3.51824, 43.49468], [-3.51724, 43.49428], [-3.51522, 43.49226], [-3.51306, 43.49205], [-3.51363, 43.49183], [-3.51305, 43.49135], [-3.51484, 43.49025], [-3.51441, 43.48961], [-3.51543, 43.48795], [-3.51468, 43.48707], [-3.51505, 43.48672], [-3.5145, 43.48633], [-3.51485, 43.48604], [-3.51474, 43.48496], [-3.51383, 43.48346], [-3.51546, 43.48171], [-3.51492, 43.48009], [-3.51521, 43.47919], [-3.51484, 43.47841], [-3.51338, 43.47727], [-3.51182, 43.47715], [-3.50838, 43.47555], [-3.50536, 43.47536], [-3.50352, 43.47405], [-3.5007, 43.47344], [-3.49885, 43.47187], [-3.49568, 43.47101], [-3.4852, 43.4704], [-3.47932, 43.46917], [-3.47646, 43.46951], [-3.4753, 43.46834], [-3.47555, 43.46711], [-3.47409, 43.46641], [-3.46648, 43.46606], [-3.46001, 43.46479], [-3.45289, 43.46504], [-3.44996, 43.46596], [-3.44916, 43.46684], [-3.44777, 43.46689], [-3.44674, 43.46611], [-3.44547, 43.46604], [-3.44464, 43.46538], [-3.44269, 43.46537], [-3.43936, 43.46445], [-3.43932, 43.46416], [-3.43878, 43.46454], [-3.43859, 43.46424], [-3.43571, 43.46444], [-3.43539, 43.46396], [-3.43449, 43.46413], [-3.43092, 43.46193], [-3.42973, 43.45994], [-3.42846, 43.45925], [-3.42729, 43.45766], [-3.42738, 43.45634], [-3.42672, 43.45613], [-3.42723, 43.4561], [-3.42711, 43.45533], [-3.4264, 43.45533], [-3.42681, 43.45519], [-3.42667, 43.45441], [-3.42722, 43.45385], [-3.42653, 43.45341], [-3.42648, 43.45247], [-3.42683, 43.45228], [-3.42614, 43.45167], [-3.42643, 43.45141], [-3.4255, 43.45138], [-3.42669, 43.45077], [-3.42719, 43.4494], [-3.42703, 43.44858], [-3.42786, 43.44775], [-3.42674, 43.44666], [-3.42669, 43.44612], [-3.42602, 43.44586], [-3.42662, 43.44516], [-3.42598, 43.44422], [-3.42653, 43.44357], [-3.42727, 43.44356], [-3.42763, 43.44283], [-3.42888, 43.44263], [-3.42899, 43.44187], [-3.43084, 43.44059], [-3.43158, 43.44059], [-3.4323, 43.43982], [-3.43383, 43.43922], [-3.4367, 43.43855], [-3.43848, 43.43713], [-3.44227, 43.43765], [-3.4442, 43.4386], [-3.44685, 43.43874], [-3.44939, 43.43932], [-3.44641, 43.43894], [-3.44725, 43.44035], [-3.44651, 43.44016], [-3.44858, 43.4411], [-3.4499, 43.44274], [-3.45308, 43.44518], [-3.45385, 43.44674], [-3.45379, 43.44777], [-3.4556, 43.45035], [-3.45615, 43.45027], [-3.45629, 43.45084], [-3.45758, 43.4503], [-3.45862, 43.45156], [-3.46082, 43.451], [-3.46102, 43.44962], [-3.46273, 43.44815], [-3.46256, 43.44484], [-3.46355, 43.44471], [-3.46343, 43.44326], [-3.46289, 43.44353], [-3.46294, 43.44423], [-3.46164, 43.44428], [-3.46142, 43.4425], [-3.46325, 43.44196], [-3.4634, 43.44268], [-3.4633, 43.44163], [-3.46199, 43.43944], [-3.46305, 43.44148], [-3.46192, 43.44188], [-3.46091, 43.44014], [-3.46171, 43.43979], [-3.46124, 43.43983], [-3.46042, 43.43911], [-3.45895, 43.43901], [-3.45906, 43.43875], [-3.45517, 43.43936], [-3.45498, 43.43899], [-3.45504, 43.43937], [-3.45395, 43.43949], [-3.45162, 43.43947], [-3.44987, 43.43935], [-3.44943, 43.43928], [-3.45033, 43.43937], [-3.45147, 43.43562], [-3.44945, 43.43362], [-3.45038, 43.43342], [-3.45009, 43.43261], [-3.4511, 43.43236], [-3.451, 43.43134], [-3.44961, 43.43164], [-3.44838, 43.42889], [-3.45094, 43.4283], [-3.44896, 43.42389], [-3.4497, 43.42371], [-3.45018, 43.423], [-3.44986, 43.42156], [-3.44853, 43.4198], [-3.44718, 43.42011], [-3.44293, 43.41563], [-3.44381, 43.41515], [-3.44114, 43.41282], [-3.44166, 43.41211], [-3.4423, 43.41202], [-3.4409, 43.41083], [-3.44053, 43.41], [-3.43832, 43.40921], [-3.44477, 43.40787], [-3.44729, 43.40631], [-3.44758, 43.40527], [-3.44858, 43.40453], [-3.44848, 43.40356], [-3.44922, 43.40223], [-3.45111, 43.40072], [-3.45325, 43.39994], [-3.4538, 43.4001], [-3.4558, 43.39647], [-3.45822, 43.39709], [-3.45836, 43.39459], [-3.45692, 43.39481], [-3.45609, 43.39414], [-3.45649, 43.39288], [-3.4561, 43.39227], [-3.45443, 43.39076], [-3.45258, 43.38998], [-3.45271, 43.38974], [-3.44795, 43.38831], [-3.44645, 43.38661], [-3.44051, 43.38388], [-3.43785, 43.38105], [-3.43421, 43.37976], [-3.43276, 43.37853], [-3.43193, 43.3792], [-3.43068, 43.37795], [-3.429, 43.37803], [-3.42761, 43.3766], [-3.42653, 43.37466], [-3.42629, 43.37277], [-3.42732, 43.37235], [-3.42746, 43.37147], [-3.42811, 43.37086], [-3.42791, 43.36944], [-3.42713, 43.36799], [-3.42696, 43.36605], [-3.42601, 43.36497], [-3.42649, 43.36259], [-3.42561, 43.3607], [-3.42646, 43.36019], [-3.42678, 43.35771], [-3.42853, 43.35449], [-3.42978, 43.35299], [-3.4299, 43.35131], [-3.42887, 43.34988], [-3.42796, 43.3495], [-3.42653, 43.34967], [-3.42653, 43.34822]], [[-3.52503, 43.47128], [-3.5249, 43.47366], [-3.52385, 43.47382], [-3.52448, 43.47395], [-3.52386, 43.47476], [-3.5241, 43.47549], [-3.52219, 43.4758], [-3.52191, 43.47531], [-3.52126, 43.47531], [-3.52084, 43.47588], [-3.51967, 43.4756], [-3.51906, 43.4762], [-3.51954, 43.47678], [-3.51892, 43.47742], [-3.51744, 43.47726], [-3.51789, 43.47986], [-3.51742, 43.48015], [-3.51778, 43.48005], [-3.51681, 43.48178], [-3.51475, 43.48288], [-3.51451, 43.48351], [-3.51511, 43.4839], [-3.51513, 43.48512], [-3.51599, 43.48527], [-3.51622, 43.48475], [-3.51873, 43.48366], [-3.52029, 43.48356], [-3.52054, 43.48537], [-3.52012, 43.48531], [-3.51966, 43.48671], [-3.52008, 43.48714], [-3.52064, 43.48708], [-3.51968, 43.4892], [-3.52154, 43.49285], [-3.52266, 43.49354], [-3.52443, 43.49327], [-3.52744, 43.49118], [-3.52894, 43.49074], [-3.52927, 43.48754], [-3.5308, 43.48581], [-3.53174, 43.48584], [-3.53317, 43.48444], [-3.53244, 43.484], [-3.53334, 43.48301], [-3.53186, 43.48153], [-3.53188, 43.48059], [-3.53053, 43.47968], [-3.53068, 43.47934], [-3.53155, 43.47922], [-3.5313, 43.47895], [-3.53195, 43.47847], [-3.53083, 43.4772], [-3.53049, 43.47435], [-3.52503, 43.47128]]], [[[-3.53982, 43.49473], [-3.54001, 43.4941], [-3.54068, 43.49425], [-3.54022, 43.49471], [-3.53982, 43.49473]]], [[[-3.52589, 43.49511], [-3.52599, 43.49562], [-3.52648, 43.49554], [-3.52641, 43.49615], [-3.52481, 43.49524], [-3.52589, 43.49511]]], [[[-3.52477, 43.49396], [-3.5248, 43.49422], [-3.52466, 43.49409], [-3.52477, 43.49396]]], [[[-3.52318, 43.49426], [-3.52315, 43.49438], [-3.5229, 43.49425], [-3.52318, 43.49426]]], [[[-3.51388, 43.48648], [-3.5139, 43.48671], [-3.5138, 43.48669], [-3.51388, 43.48648]]], [[[-3.54083, 43.49507], [-3.54036, 43.49511], [-3.54018, 43.49487], [-3.54055, 43.49462], [-3.54083, 43.49507]]]]}, "properties": {"codigo": "ES0000143", "nombre": "Marismas de Santoña, Victoria y Joyel y Ría de Ajo", "tipo": "ZEPA", "ha": 6734.7}}, {"type": "Feature", "geometry": {"type": "Polygon", "coordinates": [[[-4.56013, 43.02078], [-4.56978, 43.02539], [-4.57407, 43.027], [-4.57824, 43.0263], [-4.59036, 43.02588], [-4.59528, 43.02859], [-4.59557, 43.02982], [-4.59651, 43.02987], [-4.60163, 43.03259], [-4.60347, 43.03489], [-4.60608, 43.03577], [-4.60987, 43.03295], [-4.6107, 43.03167], [-4.61244, 43.03034], [-4.61894, 43.0276], [-4.62094, 43.02605], [-4.62749, 43.02462], [-4.62874, 43.02471], [-4.63019, 43.02371], [-4.63141, 43.02351], [-4.63477, 43.02035], [-4.63517, 43.01904], [-4.63877, 43.01682], [-4.65146, 43.02092], [-4.65817, 43.02132], [-4.66767, 43.02082], [-4.67317, 43.02137], [-4.67552, 43.02329], [-4.6847, 43.02633], [-4.69047, 43.02647], [-4.69458, 43.02585], [-4.69951, 43.02666], [-4.70734, 43.02544], [-4.71051, 43.02413], [-4.71334, 43.0206], [-4.71582, 43.01894], [-4.71831, 43.01881], [-4.72154, 43.018], [-4.72411, 43.01783], [-4.72692, 43.0194], [-4.72891, 43.01994], [-4.73109, 43.02225], [-4.73279, 43.02156], [-4.73728, 43.02109], [-4.73874, 43.02218], [-4.74108, 43.02487], [-4.74238, 43.02535], [-4.7433, 43.02679], [-4.74173, 43.03021], [-4.74221, 43.03229], [-4.74096, 43.03327], [-4.73945, 43.03709], [-4.73717, 43.04058], [-4.7341, 43.04272], [-4.73376, 43.04472], [-4.73236, 43.04703], [-4.73785, 43.05001], [-4.74177, 43.05538], [-4.74901, 43.05547], [-4.75291, 43.05722], [-4.75492, 43.05709], [-4.75659, 43.05611], [-4.75747, 43.05672], [-4.75835, 43.05671], [-4.76604, 43.05563], [-4.76542, 43.06715], [-4.7665, 43.07455], [-4.77088, 43.07687], [-4.77327, 43.07909], [-4.77647, 43.0805], [-4.78056, 43.08163], [-4.78417, 43.0838], [-4.78897, 43.08417], [-4.79474, 43.08656], [-4.79713, 43.08823], [-4.80092, 43.08785], [-4.80291, 43.0886], [-4.80433, 43.09007], [-4.80748, 43.09179], [-4.81332, 43.09204], [-4.8169, 43.09266], [-4.81734, 43.09606], [-4.82024, 43.09739], [-4.82149, 43.09934], [-4.82334, 43.09926], [-4.83025, 43.10095], [-4.83281, 43.10266], [-4.83539, 43.10728], [-4.83505, 43.10871], [-4.83626, 43.11191], [-4.83581, 43.11629], [-4.84432, 43.12065], [-4.84524, 43.12152], [-4.84579, 43.12388], [-4.84854, 43.12462], [-4.85137, 43.12593], [-4.84426, 43.13136], [-4.8427, 43.13333], [-4.84385, 43.14602], [-4.84198, 43.1463], [-4.84101, 43.14688], [-4.8386, 43.14704], [-4.8376, 43.15186], [-4.83495, 43.1559], [-4.83457, 43.15746], [-4.83474, 43.15822], [-4.83771, 43.16055], [-4.84024, 43.16172], [-4.84065, 43.16237], [-4.83884, 43.16675], [-4.84156, 43.16854], [-4.84595, 43.17032], [-4.84772, 43.17147], [-4.85174, 43.17287], [-4.84711, 43.17577], [-4.84747, 43.17834], [-4.84408, 43.1793], [-4.84249, 43.18056], [-4.83768, 43.18129], [-4.83279, 43.18061], [-4.83041, 43.17911], [-4.82795, 43.17884], [-4.82666, 43.17913], [-4.8256, 43.17861], [-4.82332, 43.17833], [-4.8212, 43.17948], [-4.81897, 43.17912], [-4.81771, 43.1804], [-4.81699, 43.18293], [-4.81657, 43.1833], [-4.81362, 43.18307], [-4.81061, 43.18119], [-4.80475, 43.18195], [-4.80254, 43.18281], [-4.79897, 43.18304], [-4.79563, 43.18435], [-4.79381, 43.1843], [-4.78672, 43.18578], [-4.78463, 43.18691], [-4.7841, 43.18784], [-4.78137, 43.18925], [-4.78138, 43.18988], [-4.7794, 43.19131], [-4.77899, 43.19208], [-4.77035, 43.18996], [-4.75995, 43.1867], [-4.75427, 43.184], [-4.74352, 43.18443], [-4.74153, 43.18581], [-4.73976, 43.18625], [-4.73865, 43.18608], [-4.73687, 43.18701], [-4.73649, 43.18805], [-4.73472, 43.18875], [-4.73362, 43.19102], [-4.73363, 43.1926], [-4.73319, 43.19341], [-4.7336, 43.19441], [-4.73713, 43.196], [-4.7376, 43.19687], [-4.73762, 43.19807], [-4.73706, 43.19874], [-4.73693, 43.19988], [-4.73562, 43.20171], [-4.73561, 43.20381], [-4.73648, 43.20537], [-4.73619, 43.20595], [-4.73647, 43.20694], [-4.73574, 43.2075], [-4.73556, 43.20902], [-4.73295, 43.21], [-4.73269, 43.21175], [-4.72983, 43.21349], [-4.72955, 43.21575], [-4.72776, 43.21679], [-4.7295, 43.22081], [-4.73071, 43.22241], [-4.73078, 43.22321], [-4.72956, 43.22432], [-4.72766, 43.22495], [-4.72715, 43.2261], [-4.72517, 43.22678], [-4.72326, 43.22859], [-4.72101, 43.22951], [-4.72492, 43.23706], [-4.72453, 43.2392], [-4.7226, 43.24058], [-4.72279, 43.24162], [-4.72557, 43.24635], [-4.72882, 43.24903], [-4.7299, 43.25168], [-4.73012, 43.25505], [-4.73076, 43.25599], [-4.73094, 43.25734], [-4.7288, 43.25609], [-4.7257, 43.25632], [-4.72351, 43.25711], [-4.72333, 43.25823], [-4.72149, 43.25841], [-4.71914, 43.25958], [-4.71162, 43.26097], [-4.70987, 43.26225], [-4.70604, 43.26687], [-4.70489, 43.26529], [-4.70405, 43.26498], [-4.69988, 43.26504], [-4.69899, 43.26469], [-4.69833, 43.26532], [-4.69643, 43.26563], [-4.69339, 43.26395], [-4.6918, 43.26451], [-4.6896, 43.266], [-4.68756, 43.26618], [-4.68582, 43.26515], [-4.68451, 43.26543], [-4.68332, 43.26714], [-4.68047, 43.26775], [-4.67497, 43.26763], [-4.66845, 43.265], [-4.65832, 43.26416], [-4.65697, 43.26446], [-4.65546, 43.26537], [-4.65391, 43.26517], [-4.65079, 43.26593], [-4.65081, 43.2668], [-4.64987, 43.26826], [-4.64937, 43.26794], [-4.64796, 43.26822], [-4.63969, 43.26776], [-4.63794, 43.26702], [-4.63598, 43.26749], [-4.63201, 43.26726], [-4.6376, 43.26429], [-4.63792, 43.26307], [-4.63735, 43.26156], [-4.64006, 43.25953], [-4.63506, 43.25419], [-4.64107, 43.25247], [-4.645, 43.24958], [-4.64597, 43.24787], [-4.65436, 43.24305], [-4.65482, 43.24219], [-4.65441, 43.24123], [-4.65546, 43.24197], [-4.65331, 43.23877], [-4.65033, 43.23635], [-4.64587, 43.23453], [-4.6398, 43.23099], [-4.64022, 43.22908], [-4.63999, 43.22675], [-4.63906, 43.22484], [-4.63761, 43.2237], [-4.63772, 43.22325], [-4.6359, 43.22358], [-4.63594, 43.22451], [-4.63542, 43.22545], [-4.63395, 43.22546], [-4.63087, 43.22725], [-4.62929, 43.22747], [-4.62719, 43.22715], [-4.6258, 43.22749], [-4.62619, 43.22669], [-4.62615, 43.22477], [-4.63093, 43.22025], [-4.62795, 43.21957], [-4.62526, 43.21947], [-4.62432, 43.21902], [-4.62174, 43.21924], [-4.62208, 43.21759], [-4.62352, 43.21699], [-4.62309, 43.21634], [-4.62657, 43.21537], [-4.62779, 43.21454], [-4.63346, 43.21342], [-4.6335, 43.21257], [-4.63417, 43.21169], [-4.63324, 43.21108], [-4.63306, 43.21046], [-4.63408, 43.21008], [-4.63473, 43.20932], [-4.6366, 43.20915], [-4.63805, 43.20721], [-4.63765, 43.20643], [-4.6379, 43.20571], [-4.63913, 43.20451], [-4.64457, 43.20244], [-4.6495, 43.20365], [-4.65155, 43.20325], [-4.65296, 43.20248], [-4.65387, 43.20127], [-4.6528, 43.20073], [-4.65241, 43.20002], [-4.65084, 43.19937], [-4.65058, 43.19799], [-4.65287, 43.19447], [-4.65495, 43.19442], [-4.65398, 43.19292], [-4.65418, 43.1922], [-4.65468, 43.19192], [-4.67339, 43.1886], [-4.67694, 43.18744], [-4.69232, 43.18083], [-4.69979, 43.17902], [-4.69811, 43.17308], [-4.69788, 43.16683], [-4.70638, 43.166], [-4.72053, 43.16543], [-4.72517, 43.16113], [-4.72888, 43.15856], [-4.72928, 43.15748], [-4.7319, 43.154], [-4.73759, 43.14776], [-4.74067, 43.14688], [-4.74906, 43.14347], [-4.7524, 43.14169], [-4.76266, 43.13744], [-4.77741, 43.13741], [-4.78221, 43.13791], [-4.78515, 43.13685], [-4.78673, 43.1351], [-4.78848, 43.13469], [-4.79303, 43.13428], [-4.79473, 43.1355], [-4.79583, 43.13568], [-4.79846, 43.13522], [-4.79948, 43.13413], [-4.8011, 43.13365], [-4.80328, 43.13394], [-4.80402, 43.13319], [-4.80306, 43.13192], [-4.80317, 43.13099], [-4.80249, 43.13081], [-4.80226, 43.13022], [-4.80581, 43.12887], [-4.80731, 43.12763], [-4.80232, 43.12852], [-4.80022, 43.1295], [-4.79832, 43.1296], [-4.7945, 43.12767], [-4.79092, 43.12806], [-4.78888, 43.12751], [-4.78693, 43.12612], [-4.78535, 43.12591], [-4.78172, 43.1218], [-4.77825, 43.11892], [-4.77654, 43.11636], [-4.77261, 43.11407], [-4.76687, 43.11349], [-4.76399, 43.11235], [-4.75771, 43.11089], [-4.75497, 43.11083], [-4.7536, 43.11131], [-4.75022, 43.11068], [-4.74721, 43.11111], [-4.74194, 43.1095], [-4.73822, 43.11017], [-4.73686, 43.10999], [-4.73135, 43.10329], [-4.72947, 43.10482], [-4.72862, 43.10688], [-4.72468, 43.1053], [-4.72402, 43.10366], [-4.72442, 43.1021], [-4.72378, 43.10017], [-4.72231, 43.09844], [-4.7202, 43.09686], [-4.71843, 43.09593], [-4.71371, 43.09501], [-4.70815, 43.09297], [-4.70225, 43.09284], [-4.70098, 43.0919], [-4.70048, 43.09034], [-4.69617, 43.09154], [-4.69366, 43.09106], [-4.68873, 43.09165], [-4.68796, 43.091], [-4.68579, 43.09096], [-4.68206, 43.08991], [-4.67831, 43.08967], [-4.67517, 43.09001], [-4.67483, 43.09035], [-4.66861, 43.0896], [-4.66727, 43.08984], [-4.66598, 43.08806], [-4.66427, 43.08959], [-4.66192, 43.08794], [-4.6604, 43.09052], [-4.65782, 43.09151], [-4.65461, 43.09075], [-4.65266, 43.09089], [-4.64869, 43.08908], [-4.6468, 43.0894], [-4.64474, 43.08888], [-4.64493, 43.08661], [-4.64338, 43.08831], [-4.64317, 43.08802], [-4.64376, 43.08574], [-4.64206, 43.08786], [-4.64044, 43.0888], [-4.63788, 43.08836], [-4.63717, 43.088], [-4.63716, 43.0876], [-4.63419, 43.08665], [-4.63276, 43.0874], [-4.62919, 43.09207], [-4.62892, 43.0935], [-4.62685, 43.09627], [-4.62696, 43.09678], [-4.62615, 43.09823], [-4.62506, 43.09861], [-4.62344, 43.09786], [-4.61291, 43.09632], [-4.61003, 43.09611], [-4.60601, 43.09693], [-4.60145, 43.09678], [-4.60015, 43.09449], [-4.6012, 43.09293], [-4.60164, 43.09062], [-4.6011, 43.08891], [-4.59737, 43.08581], [-4.59615, 43.08295], [-4.59374, 43.08057], [-4.58814, 43.08024], [-4.58325, 43.08269], [-4.58191, 43.08286], [-4.58, 43.08618], [-4.57504, 43.08958], [-4.57036, 43.09219], [-4.56723, 43.09503], [-4.56618, 43.09434], [-4.56664, 43.09354], [-4.56629, 43.09221], [-4.56398, 43.08924], [-4.56163, 43.08851], [-4.56211, 43.08629], [-4.56022, 43.08514], [-4.56003, 43.08304], [-4.55631, 43.08077], [-4.55629, 43.08011], [-4.55558, 43.07946], [-4.55308, 43.07949], [-4.5527, 43.07896], [-4.55093, 43.07889], [-4.54974, 43.07778], [-4.54637, 43.07746], [-4.54515, 43.07655], [-4.54475, 43.07542], [-4.53909, 43.07515], [-4.53557, 43.074], [-4.53423, 43.07427], [-4.53279, 43.07372], [-4.52873, 43.07352], [-4.52741, 43.0729], [-4.5261, 43.07306], [-4.52538, 43.07393], [-4.52362, 43.07455], [-4.52146, 43.07668], [-4.51852, 43.07743], [-4.51645, 43.07705], [-4.51334, 43.07592], [-4.51323, 43.07538], [-4.51058, 43.0747], [-4.50819, 43.07425], [-4.50563, 43.07473], [-4.50474, 43.07424], [-4.50216, 43.07402], [-4.49763, 43.07079], [-4.49697, 43.06866], [-4.49261, 43.06624], [-4.49167, 43.06504], [-4.48914, 43.06339], [-4.48894, 43.06274], [-4.48082, 43.05747], [-4.47927, 43.05518], [-4.47838, 43.05452], [-4.47115, 43.05169], [-4.47646, 43.04129], [-4.47591, 43.04094], [-4.47571, 43.0387], [-4.49398, 43.03965], [-4.49585, 43.03841], [-4.5114, 43.04388], [-4.5191, 43.04729], [-4.52125, 43.04753], [-4.54239, 43.03203], [-4.55211, 43.02554], [-4.55459, 43.02349], [-4.55707, 43.02013], [-4.55851, 43.01954], [-4.56013, 43.02078]]]}, "properties": {"codigo": "ES0000198", "nombre": "Liébana", "tipo": "ZEPA", "ha": 29041.8}}, {"type": "Feature", "geometry": {"type": "Polygon", "coordinates": [[[-4.5382, 43.1881], [-4.53939, 43.18899], [-4.54187, 43.18885], [-4.5449, 43.18926], [-4.54606, 43.19049], [-4.54897, 43.19048], [-4.55276, 43.19168], [-4.55352, 43.19411], [-4.55927, 43.19749], [-4.56365, 43.19806], [-4.56523, 43.1977], [-4.5676, 43.19795], [-4.57273, 43.19984], [-4.57263, 43.20021], [-4.57533, 43.1998], [-4.57902, 43.19989], [-4.58005, 43.19911], [-4.58229, 43.19894], [-4.58243, 43.19843], [-4.58982, 43.19806], [-4.60575, 43.2065], [-4.61211, 43.21086], [-4.61651, 43.21753], [-4.61691, 43.21931], [-4.61867, 43.21977], [-4.62021, 43.22071], [-4.62341, 43.22129], [-4.62717, 43.22132], [-4.63093, 43.22025], [-4.62615, 43.22477], [-4.6259, 43.22756], [-4.62719, 43.22715], [-4.62929, 43.22747], [-4.63087, 43.22725], [-4.63395, 43.22546], [-4.63542, 43.22545], [-4.63594, 43.22451], [-4.6359, 43.22358], [-4.63772, 43.22325], [-4.63761, 43.2237], [-4.63906, 43.22484], [-4.63999, 43.22675], [-4.64022, 43.22908], [-4.6398, 43.23099], [-4.64587, 43.23453], [-4.65033, 43.23635], [-4.65331, 43.23877], [-4.65544, 43.24188], [-4.65441, 43.24123], [-4.65482, 43.24219], [-4.65436, 43.24305], [-4.64597, 43.24787], [-4.645, 43.24958], [-4.64107, 43.25247], [-4.63506, 43.25419], [-4.64006, 43.25953], [-4.63735, 43.26156], [-4.63792, 43.26307], [-4.6376, 43.26429], [-4.63139, 43.26742], [-4.63199, 43.26839], [-4.63486, 43.26876], [-4.63631, 43.27113], [-4.63635, 43.27268], [-4.63699, 43.27417], [-4.63666, 43.27528], [-4.63445, 43.27733], [-4.6309, 43.27797], [-4.63039, 43.2797], [-4.62819, 43.28049], [-4.62675, 43.28166], [-4.62592, 43.28537], [-4.62383, 43.2883], [-4.62279, 43.28854], [-4.62115, 43.28782], [-4.61981, 43.28806], [-4.61889, 43.28911], [-4.61852, 43.29055], [-4.61496, 43.29129], [-4.61409, 43.29223], [-4.61153, 43.29372], [-4.60812, 43.29489], [-4.60662, 43.29672], [-4.60756, 43.29863], [-4.60346, 43.29819], [-4.59952, 43.29829], [-4.59906, 43.2987], [-4.59801, 43.29822], [-4.59802, 43.29737], [-4.59494, 43.29631], [-4.59314, 43.2952], [-4.591, 43.2931], [-4.58741, 43.29257], [-4.58666, 43.292], [-4.5858, 43.29227], [-4.58466, 43.29182], [-4.58259, 43.29187], [-4.58152, 43.29125], [-4.58149, 43.28999], [-4.58027, 43.28959], [-4.57555, 43.28993], [-4.57309, 43.28908], [-4.57286, 43.29007], [-4.57142, 43.29148], [-4.57014, 43.29177], [-4.56926, 43.29127], [-4.56223, 43.2901], [-4.55839, 43.28825], [-4.5553, 43.28811], [-4.55402, 43.28701], [-4.55172, 43.2867], [-4.55035, 43.28588], [-4.55043, 43.28506], [-4.55208, 43.28297], [-4.55206, 43.28176], [-4.55278, 43.28088], [-4.55283, 43.28021], [-4.55359, 43.27955], [-4.5534, 43.27795], [-4.55399, 43.27736], [-4.55274, 43.27621], [-4.55317, 43.27487], [-4.55237, 43.27396], [-4.55294, 43.27284], [-4.55279, 43.27194], [-4.54777, 43.26869], [-4.54718, 43.26864], [-4.54551, 43.26565], [-4.54391, 43.26469], [-4.54298, 43.26314], [-4.53981, 43.26195], [-4.53948, 43.261], [-4.53958, 43.25873], [-4.53839, 43.257], [-4.53801, 43.25511], [-4.53884, 43.25307], [-4.53901, 43.25091], [-4.54064, 43.25091], [-4.54261, 43.25191], [-4.54559, 43.2546], [-4.54964, 43.25647], [-4.55131, 43.25659], [-4.55561, 43.25784], [-4.55817, 43.25772], [-4.55889, 43.25828], [-4.56134, 43.2585], [-4.57146, 43.2535], [-4.57378, 43.25325], [-4.57649, 43.25133], [-4.57769, 43.25129], [-4.5786, 43.25025], [-4.58042, 43.25012], [-4.5813, 43.24953], [-4.58104, 43.24866], [-4.58204, 43.2468], [-4.5774, 43.24448], [-4.573, 43.24073], [-4.56965, 43.23898], [-4.56582, 43.23497], [-4.56417, 43.23411], [-4.56365, 43.23344], [-4.56308, 43.2324], [-4.5631, 43.23036], [-4.56154, 43.22853], [-4.56369, 43.22592], [-4.55889, 43.22332], [-4.55693, 43.22114], [-4.55804, 43.21461], [-4.55358, 43.21283], [-4.54989, 43.2072], [-4.54952, 43.20612], [-4.54975, 43.20503], [-4.5456, 43.20317], [-4.5428, 43.20295], [-4.53303, 43.19829], [-4.53363, 43.19746], [-4.53364, 43.19487], [-4.53546, 43.19462], [-4.5359, 43.19362], [-4.53907, 43.19165], [-4.5387, 43.19083], [-4.5393, 43.19031], [-4.53858, 43.18919], [-4.5382, 43.1881]]]}, "properties": {"codigo": "ES0000248", "nombre": "Desfiladero de la Hermida", "tipo": "ZEPA", "ha": 6376.8}}, {"type": "Feature", "geometry": {"type": "Polygon", "coordinates": [[[-4.41853, 43.11602], [-4.41922, 43.11783], [-4.42005, 43.11666], [-4.42177, 43.11689], [-4.42465, 43.11909], [-4.42498, 43.12043], [-4.429, 43.11991], [-4.42914, 43.11875], [-4.42866, 43.11853], [-4.42883, 43.11809], [-4.43042, 43.11672], [-4.43187, 43.11645], [-4.43313, 43.11706], [-4.43437, 43.11705], [-4.43696, 43.11598], [-4.4386, 43.11618], [-4.44263, 43.11475], [-4.44379, 43.11483], [-4.44868, 43.12026], [-4.44937, 43.12053], [-4.45095, 43.1203], [-4.45239, 43.12122], [-4.45565, 43.12209], [-4.45649, 43.12266], [-4.45688, 43.12396], [-4.45762, 43.12459], [-4.45897, 43.12396], [-4.4594, 43.12455], [-4.46149, 43.12371], [-4.46396, 43.12391], [-4.46505, 43.12446], [-4.46307, 43.12527], [-4.4639, 43.1266], [-4.46336, 43.12859], [-4.4651, 43.12943], [-4.4662, 43.13208], [-4.4685, 43.13318], [-4.46997, 43.13215], [-4.4706, 43.13212], [-4.47264, 43.13324], [-4.47332, 43.13408], [-4.47403, 43.13622], [-4.47507, 43.13729], [-4.47486, 43.13817], [-4.47546, 43.1386], [-4.47519, 43.13878], [-4.478, 43.14194], [-4.47971, 43.14192], [-4.48095, 43.14261], [-4.48272, 43.14259], [-4.48285, 43.14293], [-4.48403, 43.1425], [-4.4849, 43.14149], [-4.48756, 43.14074], [-4.48809, 43.14192], [-4.48948, 43.14277], [-4.49349, 43.14277], [-4.496, 43.14351], [-4.49504, 43.14478], [-4.49352, 43.14505], [-4.49427, 43.14511], [-4.49353, 43.14555], [-4.49306, 43.14651], [-4.49351, 43.1484], [-4.4951, 43.14995], [-4.49528, 43.15077], [-4.4947, 43.15151], [-4.49669, 43.15264], [-4.49723, 43.15423], [-4.49946, 43.15368], [-4.50069, 43.15437], [-4.50155, 43.1541], [-4.50406, 43.15473], [-4.5045, 43.15502], [-4.50455, 43.15571], [-4.5041, 43.15624], [-4.50512, 43.15602], [-4.50766, 43.1566], [-4.50988, 43.1565], [-4.50864, 43.16044], [-4.51056, 43.16145], [-4.51039, 43.16188], [-4.51195, 43.16328], [-4.51368, 43.16388], [-4.51438, 43.16464], [-4.52077, 43.16497], [-4.52315, 43.16558], [-4.52598, 43.16657], [-4.52697, 43.16735], [-4.52719, 43.16778], [-4.52576, 43.16755], [-4.52567, 43.16805], [-4.52441, 43.16846], [-4.52285, 43.16973], [-4.52038, 43.1705], [-4.51965, 43.17124], [-4.51982, 43.1718], [-4.52048, 43.17216], [-4.52091, 43.17548], [-4.52161, 43.17633], [-4.52188, 43.17822], [-4.52935, 43.18413], [-4.53002, 43.1862], [-4.53399, 43.18774], [-4.53543, 43.18761], [-4.5382, 43.1881], [-4.5393, 43.19031], [-4.5387, 43.19083], [-4.5391, 43.1914], [-4.53892, 43.19191], [-4.5359, 43.19362], [-4.53546, 43.19462], [-4.53364, 43.19487], [-4.53333, 43.19811], [-4.52993, 43.19806], [-4.5281, 43.19868], [-4.52435, 43.20183], [-4.52308, 43.19981], [-4.51999, 43.1986], [-4.51851, 43.19704], [-4.51843, 43.19625], [-4.51628, 43.19746], [-4.51489, 43.19908], [-4.51228, 43.19943], [-4.50984, 43.19914], [-4.50881, 43.20016], [-4.506, 43.20079], [-4.5038, 43.1983], [-4.50357, 43.19731], [-4.50118, 43.19751], [-4.49715, 43.19617], [-4.49669, 43.19534], [-4.49712, 43.19285], [-4.49956, 43.1918], [-4.50025, 43.19095], [-4.49813, 43.1908], [-4.49719, 43.19006], [-4.49337, 43.19028], [-4.49271, 43.18997], [-4.49275, 43.18687], [-4.49194, 43.18645], [-4.49186, 43.18497], [-4.49133, 43.18443], [-4.49174, 43.1829], [-4.49147, 43.18169], [-4.49054, 43.18309], [-4.48843, 43.18424], [-4.48484, 43.18502], [-4.48296, 43.18485], [-4.47642, 43.1821], [-4.47477, 43.18022], [-4.47474, 43.17904], [-4.4722, 43.17898], [-4.47118, 43.17821], [-4.47048, 43.177], [-4.46533, 43.17663], [-4.46324, 43.17577], [-4.46165, 43.17614], [-4.45964, 43.17592], [-4.45732, 43.17409], [-4.45635, 43.17259], [-4.45433, 43.17198], [-4.45314, 43.17115], [-4.4533, 43.16837], [-4.45272, 43.16766], [-4.45102, 43.16691], [-4.4499, 43.16557], [-4.4485, 43.16538], [-4.44552, 43.16383], [-4.44179, 43.16316], [-4.43958, 43.16144], [-4.43753, 43.1609], [-4.43737, 43.16018], [-4.43091, 43.15786], [-4.42983, 43.1567], [-4.42766, 43.15693], [-4.4247, 43.15594], [-4.42128, 43.15372], [-4.41895, 43.15288], [-4.41851, 43.15176], [-4.4178, 43.15156], [-4.41482, 43.15293], [-4.4114, 43.15349], [-4.41048, 43.15304], [-4.40895, 43.15336], [-4.40473, 43.15265], [-4.40278, 43.15308], [-4.40025, 43.1527], [-4.39798, 43.15155], [-4.3944, 43.15149], [-4.3939, 43.15088], [-4.39242, 43.15054], [-4.38927, 43.15083], [-4.38644, 43.14953], [-4.38356, 43.14926], [-4.3821, 43.14984], [-4.38118, 43.14924], [-4.37895, 43.14962], [-4.3783, 43.14876], [-4.37876, 43.14747], [-4.37736, 43.14739], [-4.37889, 43.14587], [-4.37814, 43.1442], [-4.37953, 43.14306], [-4.37916, 43.14211], [-4.38004, 43.1412], [-4.37962, 43.14021], [-4.37815, 43.13956], [-4.378, 43.13894], [-4.38339, 43.13792], [-4.38531, 43.13859], [-4.38646, 43.13837], [-4.38745, 43.13875], [-4.38904, 43.13786], [-4.39011, 43.13652], [-4.38945, 43.136], [-4.38902, 43.1345], [-4.38929, 43.13275], [-4.38994, 43.13309], [-4.39036, 43.13238], [-4.39338, 43.13164], [-4.39526, 43.1323], [-4.39493, 43.13068], [-4.39584, 43.12844], [-4.397, 43.12717], [-4.39708, 43.12547], [-4.3989, 43.12319], [-4.40285, 43.12122], [-4.40303, 43.12043], [-4.40282, 43.11981], [-4.40194, 43.11936], [-4.40206, 43.11847], [-4.40373, 43.11878], [-4.40831, 43.1185], [-4.41673, 43.11962], [-4.41653, 43.11828], [-4.41853, 43.11602]]]}, "properties": {"codigo": "ES0000249", "nombre": "Sierra de Peña Sagra", "tipo": "ZEPA", "ha": 5061.7}}, {"type": "Feature", "geometry": {"type": "Polygon", "coordinates": [[[-4.23841, 42.95419], [-4.24025, 42.95653], [-4.24163, 42.95677], [-4.24217, 42.9576], [-4.24464, 42.95835], [-4.24596, 42.95942], [-4.24699, 42.95939], [-4.24748, 42.96009], [-4.24879, 42.96017], [-4.25389, 42.96291], [-4.26259, 42.96534], [-4.27329, 42.96633], [-4.27803, 42.96547], [-4.28634, 42.96776], [-4.28826, 42.96884], [-4.29072, 42.96921], [-4.29391, 42.9685], [-4.29904, 42.96656], [-4.30191, 42.96661], [-4.3137, 42.96949], [-4.3189, 42.9695], [-4.332, 42.97118], [-4.33566, 42.97058], [-4.34469, 42.97167], [-4.34805, 42.97246], [-4.35104, 42.97527], [-4.36173, 42.98377], [-4.36288, 42.98493], [-4.36697, 42.99112], [-4.36864, 42.99206], [-4.36987, 42.99362], [-4.37245, 42.99483], [-4.37483, 42.9988], [-4.37395, 43.00221], [-4.37436, 43.00607], [-4.37763, 43.00992], [-4.37998, 43.01074], [-4.38137, 43.01299], [-4.38463, 43.01461], [-4.38605, 43.01608], [-4.38709, 43.02022], [-4.38912, 43.02319], [-4.3857, 43.02315], [-4.38028, 43.02388], [-4.37946, 43.02343], [-4.37626, 43.02441], [-4.37534, 43.0252], [-4.37365, 43.02469], [-4.37046, 43.02579], [-4.36758, 43.02531], [-4.36511, 43.02271], [-4.36446, 43.02248], [-4.36179, 43.02493], [-4.35933, 43.02538], [-4.35691, 43.02505], [-4.35504, 43.02468], [-4.35309, 43.02324], [-4.35196, 43.02364], [-4.35141, 43.02296], [-4.3493, 43.02229], [-4.34689, 43.02044], [-4.34313, 43.01909], [-4.34173, 43.01793], [-4.34058, 43.01615], [-4.34036, 43.01463], [-4.33868, 43.01304], [-4.3348, 43.01158], [-4.33017, 43.00899], [-4.32693, 43.00846], [-4.32583, 43.00787], [-4.32425, 43.00591], [-4.3232, 43.00532], [-4.32142, 43.00546], [-4.31837, 43.00458], [-4.31406, 43.00527], [-4.31066, 43.00385], [-4.31002, 43.00296], [-4.30553, 43.00136], [-4.30465, 43.0005], [-4.30077, 42.9999], [-4.29507, 43.00087], [-4.2917, 43.00029], [-4.28959, 43.00166], [-4.28565, 43.00236], [-4.28293, 43.00351], [-4.28036, 43.00509], [-4.27981, 43.00581], [-4.27879, 43.0047], [-4.27739, 43.00397], [-4.27502, 43.0038], [-4.27319, 43.00323], [-4.27205, 43.00226], [-4.27247, 43.00096], [-4.2701, 43.00254], [-4.26747, 43.00206], [-4.26534, 43.0006], [-4.2641, 42.99831], [-4.26341, 42.998], [-4.26126, 42.99773], [-4.25891, 42.99834], [-4.2564, 42.99821], [-4.25223, 42.99714], [-4.24797, 42.9939], [-4.24724, 42.9918], [-4.24652, 42.99128], [-4.24463, 42.99073], [-4.2427, 42.99102], [-4.24218, 42.99059], [-4.24194, 42.98987], [-4.24263, 42.98798], [-4.24417, 42.98602], [-4.24349, 42.98442], [-4.242, 42.98277], [-4.23756, 42.97947], [-4.23701, 42.97867], [-4.2372, 42.97772], [-4.23668, 42.97689], [-4.23442, 42.97569], [-4.23247, 42.97397], [-4.23196, 42.97207], [-4.23214, 42.96968], [-4.23305, 42.96748], [-4.23554, 42.96502], [-4.23629, 42.96351], [-4.23601, 42.96163], [-4.23479, 42.95888], [-4.2363, 42.95604], [-4.23841, 42.95419]]]}, "properties": {"codigo": "ES0000250", "nombre": "Sierra de Híjar", "tipo": "ZEPA", "ha": 4736.0}}, {"type": "Feature", "geometry": {"type": "Polygon", "coordinates": [[[-4.27582, 43.03485], [-4.27843, 43.03646], [-4.27941, 43.03551], [-4.28281, 43.03383], [-4.28619, 43.0348], [-4.28835, 43.0332], [-4.29261, 43.0337], [-4.29617, 43.0333], [-4.29868, 43.03454], [-4.30092, 43.03377], [-4.30356, 43.035], [-4.30665, 43.03557], [-4.30767, 43.03654], [-4.30848, 43.03615], [-4.30926, 43.03501], [-4.31074, 43.03436], [-4.31635, 43.03487], [-4.31934, 43.03425], [-4.32288, 43.03487], [-4.32435, 43.03461], [-4.3261, 43.03489], [-4.32856, 43.03408], [-4.33233, 43.03541], [-4.33325, 43.0346], [-4.33585, 43.03394], [-4.33666, 43.03325], [-4.34114, 43.03429], [-4.34369, 43.03534], [-4.34412, 43.03491], [-4.34632, 43.03793], [-4.35146, 43.04079], [-4.35293, 43.04118], [-4.3644, 43.04196], [-4.36798, 43.04295], [-4.36928, 43.04353], [-4.36969, 43.04434], [-4.37108, 43.04482], [-4.38158, 43.04481], [-4.38995, 43.04526], [-4.39242, 43.04583], [-4.39953, 43.04393], [-4.40095, 43.0427], [-4.40286, 43.03881], [-4.40343, 43.03825], [-4.40504, 43.03786], [-4.40725, 43.03843], [-4.40942, 43.03999], [-4.4143, 43.04166], [-4.41525, 43.04152], [-4.42253, 43.04283], [-4.42613, 43.04461], [-4.43187, 43.04569], [-4.43306, 43.04659], [-4.43411, 43.04844], [-4.43679, 43.0503], [-4.43824, 43.05219], [-4.4415, 43.05432], [-4.44248, 43.0559], [-4.44618, 43.05724], [-4.44755, 43.05854], [-4.44965, 43.0574], [-4.45381, 43.05677], [-4.45459, 43.05713], [-4.45676, 43.05705], [-4.45989, 43.05876], [-4.46106, 43.06071], [-4.46687, 43.06261], [-4.46678, 43.06345], [-4.46379, 43.06604], [-4.46283, 43.06832], [-4.46382, 43.06873], [-4.46588, 43.07114], [-4.46635, 43.07301], [-4.46608, 43.07389], [-4.46456, 43.07494], [-4.4624, 43.07741], [-4.45724, 43.08031], [-4.45608, 43.08161], [-4.45316, 43.08234], [-4.45217, 43.0832], [-4.44795, 43.0849], [-4.44321, 43.08607], [-4.44146, 43.09052], [-4.44084, 43.09106], [-4.43967, 43.09116], [-4.43934, 43.09326], [-4.43707, 43.0949], [-4.4362, 43.09673], [-4.43339, 43.09767], [-4.43203, 43.09853], [-4.43127, 43.09969], [-4.42997, 43.10036], [-4.42982, 43.10141], [-4.43037, 43.10229], [-4.42978, 43.10351], [-4.43048, 43.10519], [-4.4293, 43.106], [-4.42967, 43.10653], [-4.42595, 43.10656], [-4.42514, 43.1071], [-4.4221, 43.1074], [-4.41953, 43.10854], [-4.41647, 43.10745], [-4.41367, 43.11017], [-4.41227, 43.11049], [-4.40986, 43.11204], [-4.40895, 43.11356], [-4.40727, 43.11293], [-4.40472, 43.11344], [-4.40364, 43.11581], [-4.39949, 43.11852], [-4.39961, 43.11917], [-4.40174, 43.12063], [-4.39937, 43.1218], [-4.39824, 43.12183], [-4.39786, 43.1208], [-4.39738, 43.12169], [-4.39682, 43.1217], [-4.39605, 43.12253], [-4.39616, 43.12398], [-4.39476, 43.12594], [-4.3946, 43.12681], [-4.39266, 43.12898], [-4.39038, 43.13016], [-4.38792, 43.13032], [-4.38708, 43.13108], [-4.38696, 43.13199], [-4.38752, 43.13332], [-4.38897, 43.13273], [-4.38878, 43.13478], [-4.38935, 43.1356], [-4.38924, 43.13616], [-4.38992, 43.13657], [-4.38865, 43.13798], [-4.38741, 43.13866], [-4.38321, 43.1378], [-4.37782, 43.13888], [-4.37658, 43.13833], [-4.37438, 43.13832], [-4.37106, 43.13892], [-4.35945, 43.13636], [-4.35534, 43.13346], [-4.3472, 43.13543], [-4.34361, 43.13548], [-4.34149, 43.13611], [-4.33984, 43.13741], [-4.33896, 43.13883], [-4.33629, 43.13937], [-4.33283, 43.13749], [-4.33135, 43.13527], [-4.32912, 43.13476], [-4.3146, 43.13364], [-4.31078, 43.13273], [-4.30742, 43.13276], [-4.30137, 43.13046], [-4.30034, 43.13061], [-4.29671, 43.1293], [-4.29452, 43.13157], [-4.29383, 43.13312], [-4.29271, 43.13438], [-4.29272, 43.13654], [-4.28995, 43.14139], [-4.28715, 43.14457], [-4.28677, 43.14549], [-4.28698, 43.14639], [-4.28577, 43.14622], [-4.28479, 43.14656], [-4.27695, 43.1419], [-4.27382, 43.14098], [-4.27069, 43.1378], [-4.26244, 43.13378], [-4.26102, 43.13245], [-4.25683, 43.1298], [-4.25609, 43.12917], [-4.25579, 43.12731], [-4.25102, 43.12308], [-4.24964, 43.12054], [-4.24543, 43.11641], [-4.24064, 43.11491], [-4.2401, 43.11301], [-4.2376, 43.11151], [-4.23725, 43.1107], [-4.23534, 43.10947], [-4.23317, 43.10859], [-4.23217, 43.10321], [-4.22942, 43.10136], [-4.22826, 43.09908], [-4.22842, 43.09243], [-4.22798, 43.09071], [-4.22859, 43.09002], [-4.23344, 43.08916], [-4.2344, 43.08705], [-4.23284, 43.08542], [-4.23195, 43.08381], [-4.23208, 43.08228], [-4.23315, 43.08175], [-4.23377, 43.07996], [-4.23675, 43.07799], [-4.23549, 43.07513], [-4.23601, 43.07129], [-4.23528, 43.06838], [-4.23331, 43.06764], [-4.23309, 43.06499], [-4.23255, 43.06427], [-4.2364, 43.06555], [-4.23989, 43.06728], [-4.24397, 43.0715], [-4.24618, 43.0724], [-4.26376, 43.0761], [-4.26486, 43.07587], [-4.26471, 43.07321], [-4.26697, 43.07142], [-4.26923, 43.07093], [-4.26959, 43.07054], [-4.26893, 43.0698], [-4.2699, 43.06913], [-4.26943, 43.06829], [-4.2718, 43.06783], [-4.26804, 43.06546], [-4.26146, 43.06373], [-4.25957, 43.06277], [-4.25912, 43.06197], [-4.25884, 43.06038], [-4.26226, 43.06056], [-4.26964, 43.05889], [-4.27034, 43.05809], [-4.26813, 43.05689], [-4.26846, 43.05626], [-4.26663, 43.05633], [-4.26607, 43.05592], [-4.26605, 43.05429], [-4.26662, 43.05398], [-4.26651, 43.05369], [-4.26756, 43.05366], [-4.26747, 43.0528], [-4.26572, 43.05122], [-4.26365, 43.0481], [-4.26174, 43.04726], [-4.26132, 43.04655], [-4.2611, 43.04526], [-4.26153, 43.0427], [-4.26008, 43.03913], [-4.26087, 43.03815], [-4.26168, 43.03783], [-4.27018, 43.03646], [-4.27352, 43.03519], [-4.27582, 43.03485]]]}, "properties": {"codigo": "ES0000251", "nombre": "Sierra del Cordel y cabeceras del Nansa y del Saja", "tipo": "ZEPA", "ha": 16245.2}}, {"type": "Feature", "geometry": {"type": "Polygon", "coordinates": [[[-4.01036, 42.97185], [-4.01169, 42.97338], [-4.01388, 42.97301], [-4.01542, 42.97162], [-4.01646, 42.97149], [-4.01853, 42.97301], [-4.02309, 42.9732], [-4.02725, 42.97209], [-4.02774, 42.97234], [-4.02796, 42.97308], [-4.03065, 42.97349], [-4.03266, 42.97304], [-4.033, 42.97214], [-4.03386, 42.97157], [-4.03442, 42.97225], [-4.03554, 42.97255], [-4.03772, 42.9713], [-4.0388, 42.97142], [-4.04206, 42.97055], [-4.04468, 42.97124], [-4.04565, 42.97082], [-4.0465, 42.97143], [-4.04705, 42.97137], [-4.04903, 42.97099], [-4.05117, 42.96964], [-4.05327, 42.97052], [-4.05242, 42.97206], [-4.0532, 42.97275], [-4.05863, 42.97065], [-4.06222, 42.9686], [-4.06434, 42.96873], [-4.0657, 42.96833], [-4.07031, 42.96952], [-4.07131, 42.97053], [-4.07253, 42.97065], [-4.07363, 42.9701], [-4.07609, 42.97146], [-4.07803, 42.9709], [-4.07896, 42.97215], [-4.0818, 42.97161], [-4.08431, 42.97338], [-4.08553, 42.97181], [-4.08758, 42.97317], [-4.09111, 42.97388], [-4.09386, 42.97183], [-4.09628, 42.97124], [-4.09713, 42.97175], [-4.09592, 42.97393], [-4.09698, 42.97487], [-4.09757, 42.97499], [-4.09895, 42.97413], [-4.10068, 42.97373], [-4.10242, 42.97569], [-4.10442, 42.9762], [-4.10269, 42.97717], [-4.10271, 42.97816], [-4.10423, 42.97953], [-4.10406, 42.98226], [-4.10488, 42.98361], [-4.10647, 42.98488], [-4.1043, 42.98797], [-4.10494, 42.98878], [-4.11033, 42.99026], [-4.11353, 42.99], [-4.11891, 42.99077], [-4.12335, 42.98978], [-4.12425, 42.98988], [-4.12449, 42.99086], [-4.12351, 42.99201], [-4.12295, 42.9938], [-4.12099, 42.99693], [-4.12127, 43.00242], [-4.11292, 43.0035], [-4.10288, 43.00563], [-4.09934, 43.00536], [-4.0947, 43.00631], [-4.0917, 43.00513], [-4.08851, 43.00468], [-4.07909, 43.00495], [-4.07721, 43.00514], [-4.07218, 43.00774], [-4.07029, 43.00706], [-4.0698, 43.00603], [-4.0692, 43.00577], [-4.05705, 43.00688], [-4.05571, 43.00802], [-4.05032, 43.00967], [-4.04182, 43.01065], [-4.0381, 43.01046], [-4.03609, 43.00966], [-4.03338, 43.01003], [-4.02322, 43.01198], [-4.02049, 43.0143], [-4.01943, 43.01466], [-4.01396, 43.01553], [-4.00372, 43.01609], [-3.98885, 43.0189], [-3.97859, 43.02263], [-3.97873, 43.02354], [-3.97821, 43.02423], [-3.97698, 43.02468], [-3.97553, 43.02612], [-3.97298, 43.02575], [-3.96677, 43.02632], [-3.96475, 43.02538], [-3.96051, 43.02559], [-3.958, 43.02709], [-3.95649, 43.02866], [-3.95603, 43.02953], [-3.9563, 43.03149], [-3.95874, 43.03281], [-3.96115, 43.03244], [-3.96134, 43.03313], [-3.96193, 43.03339], [-3.96792, 43.03169], [-3.96982, 43.03289], [-3.97354, 43.03684], [-3.97449, 43.03705], [-3.97369, 43.03865], [-3.97177, 43.04031], [-3.97131, 43.04117], [-3.9709, 43.04507], [-3.96826, 43.04626], [-3.96223, 43.04531], [-3.95894, 43.04975], [-3.95455, 43.04797], [-3.95237, 43.04786], [-3.94935, 43.04706], [-3.94904, 43.04252], [-3.94745, 43.04241], [-3.94813, 43.0408], [-3.94978, 43.04096], [-3.95317, 43.03907], [-3.9538, 43.03733], [-3.95337, 43.03638], [-3.95381, 43.03435], [-3.95356, 43.03374], [-3.95292, 43.03388], [-3.95107, 43.03294], [-3.94915, 43.03023], [-3.94748, 43.02908], [-3.94408, 43.03032], [-3.94208, 43.03051], [-3.94069, 43.03208], [-3.94095, 43.03406], [-3.93803, 43.03599], [-3.93259, 43.0385], [-3.9232, 43.0362], [-3.91778, 43.03603], [-3.91582, 43.03526], [-3.91394, 43.03549], [-3.90833, 43.03506], [-3.90535, 43.03703], [-3.90166, 43.03871], [-3.89867, 43.03938], [-3.89671, 43.03853], [-3.89278, 43.03856], [-3.89306, 43.03559], [-3.89433, 43.0347], [-3.90523, 43.02042], [-3.90926, 43.0161], [-3.9247, 43.01035], [-3.94502, 43.00649], [-3.95609, 42.99796], [-3.96082, 42.99245], [-3.9632, 42.98878], [-3.96802, 42.98935], [-3.97156, 42.99111], [-3.97805, 42.98955], [-3.98008, 42.98974], [-3.98125, 42.98876], [-3.98416, 42.98741], [-3.9873, 42.98859], [-3.98895, 42.9887], [-3.99003, 42.98721], [-3.98976, 42.98679], [-3.99114, 42.98517], [-3.99147, 42.98252], [-3.99384, 42.98035], [-3.99603, 42.97734], [-3.9977, 42.97684], [-4.00101, 42.97493], [-4.00543, 42.97412], [-4.00693, 42.97303], [-4.0084, 42.97371], [-4.01036, 42.97185]]]}, "properties": {"codigo": "ES0000252", "nombre": "Embalse del Ebro", "tipo": "ZEPA", "ha": 6687.5}}, {"type": "Feature", "geometry": {"type": "Polygon", "coordinates": [[[-3.86204, 42.78652], [-3.86461, 42.78661], [-3.86867, 42.78853], [-3.87664, 42.79417], [-3.88605, 42.79824], [-3.89134, 42.80167], [-3.89445, 42.80454], [-3.90063, 42.80662], [-3.8994, 42.81246], [-3.89667, 42.81516], [-3.89428, 42.81524], [-3.89368, 42.81569], [-3.89059, 42.82091], [-3.88894, 42.821], [-3.88783, 42.82158], [-3.88772, 42.82275], [-3.88302, 42.82377], [-3.8812, 42.82597], [-3.8755, 42.82599], [-3.86851, 42.82405], [-3.86659, 42.82486], [-3.85948, 42.8243], [-3.85608, 42.82451], [-3.85351, 42.82656], [-3.85232, 42.82801], [-3.84574, 42.83953], [-3.84545, 42.84062], [-3.85005, 42.84127], [-3.85404, 42.84267], [-3.8638, 42.84954], [-3.86465, 42.85033], [-3.86513, 42.85205], [-3.86828, 42.8534], [-3.87024, 42.85527], [-3.86824, 42.85703], [-3.87129, 42.85976], [-3.87274, 42.86145], [-3.87269, 42.86207], [-3.87348, 42.86259], [-3.87321, 42.86352], [-3.87349, 42.86354], [-3.87355, 42.86936], [-3.87303, 42.87122], [-3.87098, 42.87434], [-3.87367, 42.87502], [-3.87179, 42.87853], [-3.8692, 42.88179], [-3.86817, 42.88531], [-3.86601, 42.88752], [-3.865, 42.88789], [-3.86382, 42.88963], [-3.861, 42.88779], [-3.86072, 42.88725], [-3.85747, 42.8863], [-3.85631, 42.88549], [-3.85423, 42.88532], [-3.85157, 42.88394], [-3.85183, 42.88347], [-3.83679, 42.87878], [-3.82618, 42.8702], [-3.82535, 42.86863], [-3.83148, 42.85975], [-3.83488, 42.85597], [-3.83408, 42.85249], [-3.83154, 42.84949], [-3.82464, 42.84269], [-3.81699, 42.83646], [-3.81693, 42.83006], [-3.82011, 42.82794], [-3.82022, 42.8267], [-3.81851, 42.82501], [-3.81779, 42.82323], [-3.81791, 42.82165], [-3.81668, 42.81944], [-3.81661, 42.81584], [-3.81594, 42.81316], [-3.8165, 42.81041], [-3.82075, 42.80647], [-3.82222, 42.80051], [-3.82356, 42.79886], [-3.8295, 42.79888], [-3.83274, 42.79653], [-3.84417, 42.79245], [-3.85424, 42.78756], [-3.86204, 42.78652]]]}, "properties": {"codigo": "ES0000253", "nombre": "Hoces del Ebro", "tipo": "ZEPA", "ha": 4053.2}}, {"type": "Feature", "geometry": {"type": "MultiPolygon", "coordinates": [[[[-4.60867, 43.13237], [-4.61629, 43.13272], [-4.61884, 43.13332], [-4.61919, 43.13478], [-4.62212, 43.13756], [-4.6264, 43.13787], [-4.62651, 43.1392], [-4.62578, 43.13941], [-4.62549, 43.14015], [-4.62578, 43.14069], [-4.62514, 43.14187], [-4.62464, 43.14196], [-4.62525, 43.14333], [-4.62522, 43.1444], [-4.62374, 43.14459], [-4.62069, 43.14335], [-4.6226, 43.14426], [-4.6233, 43.14507], [-4.62299, 43.14531], [-4.62339, 43.14586], [-4.6231, 43.14604], [-4.62196, 43.14612], [-4.62112, 43.14532], [-4.62072, 43.14564], [-4.62173, 43.14624], [-4.62145, 43.1465], [-4.62012, 43.1457], [-4.61938, 43.14678], [-4.61993, 43.14715], [-4.61877, 43.14745], [-4.61719, 43.14668], [-4.61675, 43.1469], [-4.61647, 43.14646], [-4.61718, 43.1441], [-4.61677, 43.144], [-4.61585, 43.14662], [-4.61407, 43.14574], [-4.61349, 43.14502], [-4.61311, 43.14593], [-4.61401, 43.14696], [-4.61411, 43.14758], [-4.61361, 43.14815], [-4.6142, 43.14921], [-4.61317, 43.14964], [-4.61138, 43.1493], [-4.61035, 43.14976], [-4.61031, 43.15054], [-4.61309, 43.15544], [-4.61288, 43.1578], [-4.61215, 43.15917], [-4.61146, 43.15911], [-4.61135, 43.15834], [-4.60989, 43.15682], [-4.60949, 43.15586], [-4.60497, 43.1538], [-4.60232, 43.15348], [-4.59994, 43.15112], [-4.59916, 43.15087], [-4.599, 43.15065], [-4.5991, 43.15013], [-4.59896, 43.1499], [-4.59435, 43.14845], [-4.59425, 43.14802], [-4.59343, 43.14811], [-4.59275, 43.14732], [-4.59485, 43.14719], [-4.59867, 43.14813], [-4.59858, 43.14573], [-4.60001, 43.1436], [-4.59981, 43.14218], [-4.59918, 43.14253], [-4.59888, 43.14332], [-4.59829, 43.14341], [-4.60018, 43.13943], [-4.60318, 43.13782], [-4.60184, 43.13778], [-4.60389, 43.13643], [-4.60601, 43.136], [-4.60761, 43.1367], [-4.60873, 43.13535], [-4.60995, 43.1352], [-4.60867, 43.13237]]], [[[-4.55357, 43.13355], [-4.55489, 43.13508], [-4.55648, 43.13472], [-4.55757, 43.13537], [-4.55785, 43.13682], [-4.56179, 43.13617], [-4.56511, 43.13779], [-4.56576, 43.1386], [-4.56885, 43.13893], [-4.5704, 43.14002], [-4.57373, 43.14035], [-4.57536, 43.14107], [-4.5768, 43.14118], [-4.58136, 43.14023], [-4.58712, 43.142], [-4.58858, 43.1429], [-4.59014, 43.14462], [-4.59136, 43.14498], [-4.59132, 43.14561], [-4.59219, 43.14621], [-4.59237, 43.14793], [-4.59891, 43.14994], [-4.599, 43.15079], [-4.60194, 43.15383], [-4.60477, 43.15423], [-4.60947, 43.15639], [-4.60953, 43.15684], [-4.60609, 43.15589], [-4.60068, 43.15736], [-4.60266, 43.15747], [-4.6048, 43.15961], [-4.60385, 43.16164], [-4.60137, 43.16332], [-4.60148, 43.16386], [-4.60247, 43.16462], [-4.6029, 43.16427], [-4.6037, 43.16465], [-4.60254, 43.16658], [-4.6014, 43.16754], [-4.60173, 43.16914], [-4.60062, 43.17128], [-4.59996, 43.17164], [-4.60079, 43.17203], [-4.60086, 43.17248], [-4.59981, 43.17199], [-4.60016, 43.17264], [-4.59929, 43.17254], [-4.59667, 43.17639], [-4.59123, 43.17478], [-4.58754, 43.17508], [-4.58561, 43.17456], [-4.57975, 43.17447], [-4.57794, 43.17405], [-4.57276, 43.17158], [-4.56769, 43.17071], [-4.56515, 43.16885], [-4.56162, 43.16706], [-4.56261, 43.16557], [-4.56654, 43.16375], [-4.56931, 43.16093], [-4.56756, 43.16118], [-4.56521, 43.16218], [-4.56211, 43.16107], [-4.56064, 43.16102], [-4.56017, 43.16122], [-4.55981, 43.16212], [-4.5584, 43.16114], [-4.55846, 43.15968], [-4.55756, 43.1579], [-4.55802, 43.15707], [-4.55774, 43.15621], [-4.55823, 43.15532], [-4.55811, 43.15378], [-4.55914, 43.15232], [-4.55975, 43.14996], [-4.55505, 43.15023], [-4.55291, 43.15077], [-4.55105, 43.14933], [-4.54931, 43.14891], [-4.5488, 43.14783], [-4.54929, 43.14608], [-4.54825, 43.14095], [-4.54926, 43.13906], [-4.55312, 43.13816], [-4.55257, 43.1378], [-4.55304, 43.13728], [-4.5527, 43.13591], [-4.55319, 43.1358], [-4.5539, 43.13664], [-4.55357, 43.13355]]], [[[-4.56013, 43.02078], [-4.56978, 43.02539], [-4.57407, 43.027], [-4.57824, 43.0263], [-4.59036, 43.02588], [-4.59528, 43.02859], [-4.59557, 43.02982], [-4.59651, 43.02987], [-4.60163, 43.03259], [-4.60347, 43.03489], [-4.60608, 43.03577], [-4.60987, 43.03295], [-4.6107, 43.03167], [-4.61244, 43.03034], [-4.61894, 43.0276], [-4.62094, 43.02605], [-4.62749, 43.02462], [-4.62874, 43.02471], [-4.63019, 43.02371], [-4.63141, 43.02351], [-4.63477, 43.02035], [-4.63517, 43.01904], [-4.63877, 43.01682], [-4.65146, 43.02092], [-4.65817, 43.02132], [-4.66767, 43.02082], [-4.67317, 43.02137], [-4.67552, 43.02329], [-4.6847, 43.02633], [-4.69047, 43.02647], [-4.69458, 43.02585], [-4.69951, 43.02666], [-4.70734, 43.02544], [-4.71051, 43.02413], [-4.71334, 43.0206], [-4.71582, 43.01894], [-4.71831, 43.01881], [-4.72154, 43.018], [-4.72411, 43.01783], [-4.72692, 43.0194], [-4.72891, 43.01994], [-4.73109, 43.02225], [-4.73279, 43.02156], [-4.73728, 43.02109], [-4.73874, 43.02218], [-4.74108, 43.02487], [-4.74238, 43.02535], [-4.7433, 43.02679], [-4.74173, 43.03021], [-4.74221, 43.03229], [-4.74096, 43.03327], [-4.73945, 43.03709], [-4.73717, 43.04058], [-4.7341, 43.04272], [-4.73376, 43.04472], [-4.73236, 43.04703], [-4.73785, 43.05001], [-4.74177, 43.05538], [-4.74901, 43.05547], [-4.75291, 43.05722], [-4.75492, 43.05709], [-4.75659, 43.05611], [-4.75747, 43.05672], [-4.75835, 43.05671], [-4.76604, 43.05563], [-4.76542, 43.06715], [-4.7665, 43.07455], [-4.77088, 43.07687], [-4.77327, 43.07909], [-4.77647, 43.0805], [-4.78056, 43.08163], [-4.78417, 43.0838], [-4.78897, 43.08417], [-4.79474, 43.08656], [-4.79713, 43.08823], [-4.80092, 43.08785], [-4.80291, 43.0886], [-4.80433, 43.09007], [-4.80748, 43.09179], [-4.81332, 43.09204], [-4.8169, 43.09266], [-4.81734, 43.09606], [-4.82024, 43.09739], [-4.82149, 43.09934], [-4.82334, 43.09926], [-4.83025, 43.10095], [-4.83281, 43.10266], [-4.83539, 43.10728], [-4.83505, 43.10871], [-4.83626, 43.11191], [-4.83581, 43.11629], [-4.84432, 43.12065], [-4.84524, 43.12152], [-4.84579, 43.12388], [-4.84854, 43.12462], [-4.85137, 43.12593], [-4.84426, 43.13136], [-4.8427, 43.13333], [-4.84385, 43.14602], [-4.84198, 43.1463], [-4.84101, 43.14688], [-4.8386, 43.14704], [-4.8376, 43.15186], [-4.83495, 43.1559], [-4.83457, 43.15746], [-4.83474, 43.15822], [-4.83771, 43.16055], [-4.84024, 43.16172], [-4.84065, 43.16237], [-4.83884, 43.16675], [-4.84156, 43.16854], [-4.84595, 43.17032], [-4.84772, 43.17147], [-4.85174, 43.17287], [-4.84711, 43.17577], [-4.84747, 43.17834], [-4.84408, 43.1793], [-4.84249, 43.18056], [-4.83768, 43.18129], [-4.83279, 43.18061], [-4.83041, 43.17911], [-4.82795, 43.17884], [-4.82666, 43.17913], [-4.8256, 43.17861], [-4.82332, 43.17833], [-4.8212, 43.17948], [-4.81897, 43.17912], [-4.81771, 43.1804], [-4.81699, 43.18293], [-4.81657, 43.1833], [-4.81362, 43.18307], [-4.81061, 43.18119], [-4.80475, 43.18195], [-4.80254, 43.18281], [-4.79897, 43.18304], [-4.79563, 43.18435], [-4.79381, 43.1843], [-4.78672, 43.18578], [-4.78463, 43.18691], [-4.7841, 43.18784], [-4.78137, 43.18925], [-4.78138, 43.18988], [-4.7794, 43.19131], [-4.77899, 43.19208], [-4.77035, 43.18996], [-4.75995, 43.1867], [-4.75427, 43.184], [-4.74352, 43.18443], [-4.74153, 43.18581], [-4.73976, 43.18625], [-4.73865, 43.18608], [-4.73687, 43.18701], [-4.73649, 43.18805], [-4.73472, 43.18875], [-4.73362, 43.19102], [-4.73363, 43.1926], [-4.73319, 43.19341], [-4.7336, 43.19441], [-4.73713, 43.196], [-4.7376, 43.19687], [-4.73762, 43.19807], [-4.73706, 43.19874], [-4.73693, 43.19988], [-4.73562, 43.20171], [-4.73561, 43.20381], [-4.73648, 43.20537], [-4.73619, 43.20595], [-4.73647, 43.20694], [-4.73574, 43.2075], [-4.73556, 43.20902], [-4.73295, 43.21], [-4.73269, 43.21175], [-4.72983, 43.21349], [-4.72955, 43.21575], [-4.72776, 43.21679], [-4.7295, 43.22081], [-4.73071, 43.22241], [-4.73078, 43.22321], [-4.72956, 43.22432], [-4.72766, 43.22495], [-4.72715, 43.2261], [-4.72517, 43.22678], [-4.72326, 43.22859], [-4.72101, 43.22951], [-4.72492, 43.23706], [-4.72453, 43.2392], [-4.7226, 43.24058], [-4.72279, 43.24162], [-4.72557, 43.24635], [-4.72882, 43.24903], [-4.7299, 43.25168], [-4.73012, 43.25505], [-4.73076, 43.25599], [-4.73094, 43.25734], [-4.7288, 43.25609], [-4.7257, 43.25632], [-4.72351, 43.25711], [-4.72333, 43.25823], [-4.72149, 43.25841], [-4.71914, 43.25958], [-4.71162, 43.26097], [-4.70987, 43.26225], [-4.70604, 43.26687], [-4.70489, 43.26529], [-4.70405, 43.26498], [-4.69988, 43.26504], [-4.69899, 43.26469], [-4.69833, 43.26532], [-4.69643, 43.26563], [-4.69339, 43.26395], [-4.6918, 43.26451], [-4.6896, 43.266], [-4.68756, 43.26618], [-4.68582, 43.26515], [-4.68451, 43.26543], [-4.68332, 43.26714], [-4.68256, 43.26745], [-4.68087, 43.26743], [-4.68047, 43.26775], [-4.67497, 43.26763], [-4.66845, 43.265], [-4.65832, 43.26416], [-4.65697, 43.26446], [-4.65546, 43.26537], [-4.65391, 43.26517], [-4.65079, 43.26593], [-4.65081, 43.2668], [-4.64987, 43.26826], [-4.64937, 43.26794], [-4.64796, 43.26822], [-4.63969, 43.26776], [-4.63794, 43.26702], [-4.63598, 43.26749], [-4.63225, 43.26736], [-4.63076, 43.26609], [-4.62393, 43.26448], [-4.62186, 43.2634], [-4.61955, 43.26096], [-4.61946, 43.26002], [-4.61776, 43.2589], [-4.61584, 43.25626], [-4.6155, 43.25628], [-4.6153, 43.25544], [-4.61308, 43.25431], [-4.61277, 43.2528], [-4.61232, 43.25245], [-4.60937, 43.25274], [-4.60664, 43.25153], [-4.60313, 43.25086], [-4.60144, 43.24978], [-4.59433, 43.24808], [-4.59212, 43.24826], [-4.58906, 43.24626], [-4.58699, 43.24662], [-4.58616, 43.24536], [-4.58411, 43.24402], [-4.58436, 43.24282], [-4.58272, 43.24154], [-4.5835, 43.24076], [-4.58342, 43.24027], [-4.58128, 43.23932], [-4.58123, 43.23805], [-4.57999, 43.23667], [-4.58004, 43.23559], [-4.57855, 43.23472], [-4.57908, 43.23418], [-4.57922, 43.2331], [-4.58224, 43.23121], [-4.58235, 43.2292], [-4.58326, 43.22832], [-4.58385, 43.22636], [-4.58612, 43.22417], [-4.58633, 43.22267], [-4.58801, 43.22161], [-4.58673, 43.22013], [-4.58785, 43.22018], [-4.58883, 43.21972], [-4.58988, 43.21845], [-4.59225, 43.217], [-4.59247, 43.21519], [-4.59115, 43.21418], [-4.59088, 43.21333], [-4.59137, 43.21285], [-4.59495, 43.21242], [-4.59572, 43.21169], [-4.59432, 43.2039], [-4.59148, 43.20184], [-4.59018, 43.20007], [-4.5904, 43.19962], [-4.59161, 43.19912], [-4.60575, 43.2065], [-4.61085, 43.20991], [-4.61233, 43.21107], [-4.61538, 43.21564], [-4.61656, 43.21765], [-4.61693, 43.21933], [-4.62022, 43.22069], [-4.62154, 43.22069], [-4.62313, 43.22131], [-4.62702, 43.22136], [-4.63093, 43.22023], [-4.62792, 43.21956], [-4.62529, 43.21947], [-4.62432, 43.21902], [-4.62173, 43.21908], [-4.62208, 43.21759], [-4.62352, 43.21699], [-4.62309, 43.21634], [-4.62416, 43.21581], [-4.62657, 43.21537], [-4.62779, 43.21454], [-4.63346, 43.21342], [-4.63348, 43.21261], [-4.63417, 43.21169], [-4.63324, 43.21108], [-4.63306, 43.21046], [-4.63407, 43.21008], [-4.63473, 43.20932], [-4.6366, 43.20915], [-4.63805, 43.20721], [-4.63765, 43.20643], [-4.6379, 43.20571], [-4.63913, 43.20451], [-4.64457, 43.20244], [-4.64949, 43.20365], [-4.65155, 43.20325], [-4.65296, 43.20248], [-4.65387, 43.20127], [-4.6528, 43.20073], [-4.65241, 43.20002], [-4.65084, 43.19937], [-4.65058, 43.19799], [-4.65285, 43.19449], [-4.65495, 43.19442], [-4.65398, 43.19292], [-4.65418, 43.1922], [-4.67333, 43.18862], [-4.67699, 43.18742], [-4.69225, 43.18086], [-4.69979, 43.17902], [-4.69811, 43.17306], [-4.69789, 43.16683], [-4.70636, 43.166], [-4.72053, 43.16543], [-4.72519, 43.16112], [-4.72888, 43.15856], [-4.72933, 43.15741], [-4.73182, 43.1541], [-4.73759, 43.14776], [-4.74102, 43.14674], [-4.74905, 43.14347], [-4.75242, 43.14168], [-4.76267, 43.13744], [-4.77776, 43.13742], [-4.78218, 43.13791], [-4.78516, 43.13685], [-4.78659, 43.13518], [-4.78848, 43.13468], [-4.79304, 43.13428], [-4.79473, 43.1355], [-4.79582, 43.13568], [-4.79846, 43.13522], [-4.79948, 43.13413], [-4.8011, 43.13365], [-4.80328, 43.13394], [-4.80402, 43.1332], [-4.80306, 43.13191], [-4.80317, 43.13098], [-4.80249, 43.13081], [-4.80226, 43.13022], [-4.80797, 43.12805], [-4.80808, 43.1276], [-4.80491, 43.12845], [-4.8022, 43.12852], [-4.79926, 43.12964], [-4.79644, 43.12913], [-4.79466, 43.12819], [-4.7907, 43.12815], [-4.78854, 43.12766], [-4.78657, 43.12628], [-4.78522, 43.12616], [-4.78406, 43.12434], [-4.78342, 43.12414], [-4.78149, 43.12163], [-4.77815, 43.1189], [-4.77672, 43.11651], [-4.77526, 43.11601], [-4.7719, 43.11378], [-4.76658, 43.11375], [-4.76411, 43.1123], [-4.75945, 43.11168], [-4.75931, 43.11104], [-4.75885, 43.11082], [-4.75752, 43.11097], [-4.75572, 43.11058], [-4.75348, 43.11142], [-4.74936, 43.11039], [-4.74763, 43.11136], [-4.7416, 43.10959], [-4.73917, 43.11009], [-4.73688, 43.10997], [-4.73134, 43.10329], [-4.72946, 43.10483], [-4.72862, 43.10688], [-4.72468, 43.10529], [-4.72402, 43.10365], [-4.72442, 43.10211], [-4.72378, 43.10016], [-4.7223, 43.09844], [-4.72015, 43.09683], [-4.71843, 43.09593], [-4.71322, 43.09487], [-4.70803, 43.09296], [-4.70225, 43.09283], [-4.70093, 43.09189], [-4.70044, 43.09039], [-4.69893, 43.09049], [-4.69615, 43.09156], [-4.69303, 43.09107], [-4.68894, 43.09166], [-4.68798, 43.09089], [-4.68585, 43.09097], [-4.68215, 43.08994], [-4.67635, 43.08987], [-4.67483, 43.09035], [-4.66866, 43.08957], [-4.66729, 43.08983], [-4.66605, 43.08805], [-4.66451, 43.08963], [-4.66229, 43.08786], [-4.66145, 43.08836], [-4.66014, 43.09079], [-4.65787, 43.09156], [-4.65483, 43.09071], [-4.65303, 43.09097], [-4.65152, 43.09018], [-4.6499, 43.08991], [-4.64957, 43.08931], [-4.64866, 43.08908], [-4.6465, 43.08937], [-4.64469, 43.08881], [-4.64494, 43.08657], [-4.64357, 43.08781], [-4.64343, 43.08837], [-4.64317, 43.08766], [-4.64378, 43.08568], [-4.64182, 43.08795], [-4.64026, 43.08873], [-4.63748, 43.08823], [-4.63685, 43.08743], [-4.63426, 43.0866], [-4.63298, 43.08727], [-4.63161, 43.08893], [-4.63147, 43.08969], [-4.62923, 43.09207], [-4.62911, 43.09319], [-4.6278, 43.09475], [-4.62615, 43.09823], [-4.62505, 43.09861], [-4.62344, 43.09786], [-4.6129, 43.09632], [-4.61004, 43.0961], [-4.606, 43.09693], [-4.60154, 43.09677], [-4.6004, 43.09429], [-4.60182, 43.09078], [-4.59977, 43.08776], [-4.59687, 43.08515], [-4.59631, 43.08326], [-4.59455, 43.08147], [-4.59245, 43.08059], [-4.5864, 43.08089], [-4.58182, 43.08363], [-4.57869, 43.08664], [-4.57115, 43.09199], [-4.56697, 43.09581], [-4.56812, 43.0972], [-4.56876, 43.09987], [-4.56974, 43.10109], [-4.57005, 43.10267], [-4.57155, 43.10355], [-4.5712, 43.1045], [-4.57175, 43.10565], [-4.57411, 43.1072], [-4.57297, 43.10862], [-4.57378, 43.11022], [-4.57333, 43.11081], [-4.57347, 43.11139], [-4.57175, 43.11204], [-4.57064, 43.11447], [-4.56894, 43.11528], [-4.56909, 43.11746], [-4.56795, 43.11831], [-4.56797, 43.119], [-4.56727, 43.12004], [-4.56574, 43.12062], [-4.56325, 43.1208], [-4.55905, 43.12225], [-4.55603, 43.12214], [-4.55459, 43.1232], [-4.55264, 43.1236], [-4.55056, 43.12246], [-4.54869, 43.12084], [-4.54665, 43.12038], [-4.54228, 43.12038], [-4.53741, 43.11742], [-4.5352, 43.11762], [-4.53155, 43.11589], [-4.52547, 43.11783], [-4.52313, 43.11714], [-4.52019, 43.11882], [-4.52004, 43.11957], [-4.51877, 43.11999], [-4.51789, 43.12193], [-4.51508, 43.12424], [-4.51493, 43.12583], [-4.51362, 43.12719], [-4.50803, 43.12756], [-4.50386, 43.13011], [-4.50281, 43.13028], [-4.50162, 43.12995], [-4.50091, 43.1314], [-4.49354, 43.13262], [-4.49061, 43.13375], [-4.48684, 43.1363], [-4.48294, 43.13823], [-4.47519, 43.13878], [-4.47583, 43.13902], [-4.47794, 43.14187], [-4.47973, 43.14192], [-4.48102, 43.14263], [-4.48259, 43.14257], [-4.48294, 43.14291], [-4.48403, 43.14252], [-4.4848, 43.14152], [-4.48747, 43.14073], [-4.48806, 43.14185], [-4.48948, 43.14278], [-4.49352, 43.14276], [-4.49598, 43.14348], [-4.4952, 43.14466], [-4.4936, 43.145], [-4.49435, 43.14507], [-4.49353, 43.14555], [-4.49305, 43.14653], [-4.49348, 43.14834], [-4.49511, 43.15011], [-4.49519, 43.15097], [-4.4946, 43.15149], [-4.49669, 43.15266], [-4.49718, 43.1542], [-4.49898, 43.15357], [-4.50067, 43.15431], [-4.50277, 43.15421], [-4.50439, 43.15501], [-4.50413, 43.1562], [-4.50522, 43.15596], [-4.50761, 43.15657], [-4.50977, 43.15642], [-4.50863, 43.16042], [-4.51035, 43.16125], [-4.51032, 43.16187], [-4.51206, 43.16334], [-4.51457, 43.16462], [-4.52113, 43.16498], [-4.526, 43.16656], [-4.52688, 43.16731], [-4.52699, 43.16781], [-4.52576, 43.16755], [-4.52564, 43.1681], [-4.52422, 43.16857], [-4.52272, 43.16981], [-4.52032, 43.17055], [-4.51965, 43.17125], [-4.52048, 43.17216], [-4.52091, 43.17548], [-4.52154, 43.17626], [-4.52188, 43.17825], [-4.5292, 43.18403], [-4.53027, 43.18636], [-4.53401, 43.18773], [-4.53839, 43.18804], [-4.53939, 43.18899], [-4.54186, 43.18885], [-4.5449, 43.18926], [-4.54606, 43.19049], [-4.54896, 43.19048], [-4.55276, 43.19168], [-4.55352, 43.19411], [-4.55811, 43.19695], [-4.56045, 43.19776], [-4.5676, 43.19795], [-4.57273, 43.19984], [-4.57264, 43.20021], [-4.57531, 43.1998], [-4.57902, 43.19989], [-4.58003, 43.19911], [-4.58229, 43.19893], [-4.58243, 43.19843], [-4.58982, 43.19806], [-4.59086, 43.19873], [-4.58968, 43.19944], [-4.58957, 43.20028], [-4.59196, 43.20312], [-4.59337, 43.20365], [-4.59501, 43.2115], [-4.59422, 43.21212], [-4.59167, 43.21221], [-4.59019, 43.21291], [-4.59008, 43.21381], [-4.59164, 43.21524], [-4.59151, 43.21655], [-4.59068, 43.21744], [-4.58928, 43.21806], [-4.58792, 43.21955], [-4.58612, 43.21983], [-4.58617, 43.22054], [-4.58713, 43.22142], [-4.58558, 43.22259], [-4.58514, 43.22403], [-4.5837, 43.22525], [-4.58273, 43.22778], [-4.5817, 43.22907], [-4.58165, 43.23095], [-4.5786, 43.23307], [-4.57798, 43.23483], [-4.57931, 43.236], [-4.57957, 43.23712], [-4.58044, 43.23815], [-4.58064, 43.23945], [-4.58262, 43.24039], [-4.58217, 43.24182], [-4.58374, 43.24297], [-4.5837, 43.24438], [-4.58581, 43.2457], [-4.58696, 43.24713], [-4.58877, 43.24667], [-4.59202, 43.24886], [-4.59386, 43.24859], [-4.59557, 43.24929], [-4.59856, 43.24963], [-4.59972, 43.25027], [-4.60116, 43.25037], [-4.60281, 43.25139], [-4.60643, 43.25177], [-4.60911, 43.25309], [-4.61042, 43.25312], [-4.61205, 43.25257], [-4.61319, 43.25459], [-4.61525, 43.25571], [-4.61491, 43.25711], [-4.61565, 43.25731], [-4.61785, 43.25991], [-4.61881, 43.26022], [-4.61881, 43.26115], [-4.62091, 43.26299], [-4.62112, 43.26368], [-4.62334, 43.26494], [-4.63052, 43.26654], [-4.63146, 43.26812], [-4.63428, 43.26864], [-4.63582, 43.27092], [-4.63607, 43.27311], [-4.6366, 43.27415], [-4.63606, 43.27539], [-4.63445, 43.27697], [-4.63069, 43.27778], [-4.63014, 43.27849], [-4.62992, 43.27969], [-4.62813, 43.28013], [-4.62661, 43.28131], [-4.62595, 43.28277], [-4.6257, 43.28506], [-4.62334, 43.28821], [-4.61969, 43.28794], [-4.6185, 43.28919], [-4.61833, 43.29041], [-4.61522, 43.29104], [-4.61402, 43.29226], [-4.61231, 43.29284], [-4.61157, 43.29368], [-4.60901, 43.29417], [-4.60743, 43.29493], [-4.60646, 43.29659], [-4.60711, 43.29852], [-4.60346, 43.29819], [-4.59877, 43.29861], [-4.59801, 43.29822], [-4.59802, 43.29737], [-4.59408, 43.29583], [-4.591, 43.2931], [-4.58741, 43.29257], [-4.58666, 43.292], [-4.5858, 43.29227], [-4.58466, 43.29182], [-4.58259, 43.29187], [-4.58152, 43.29125], [-4.58149, 43.28999], [-4.58027, 43.28959], [-4.57555, 43.28993], [-4.57309, 43.28908], [-4.57286, 43.29007], [-4.57142, 43.29148], [-4.57014, 43.29177], [-4.56926, 43.29127], [-4.56223, 43.2901], [-4.55839, 43.28825], [-4.5553, 43.28811], [-4.55402, 43.28701], [-4.55172, 43.2867], [-4.55027, 43.28571], [-4.55208, 43.28297], [-4.55206, 43.28176], [-4.55359, 43.27955], [-4.5534, 43.27795], [-4.55399, 43.27736], [-4.55274, 43.27621], [-4.55317, 43.27487], [-4.55237, 43.27396], [-4.55294, 43.27284], [-4.55279, 43.27194], [-4.54777, 43.26869], [-4.54718, 43.26864], [-4.54551, 43.26565], [-4.54391, 43.26469], [-4.54298, 43.26314], [-4.53981, 43.26195], [-4.53948, 43.261], [-4.53958, 43.25873], [-4.53839, 43.257], [-4.53801, 43.25511], [-4.53884, 43.25307], [-4.53901, 43.25097], [-4.54052, 43.2509], [-4.54259, 43.25187], [-4.54552, 43.25455], [-4.54958, 43.25646], [-4.55129, 43.25657], [-4.55487, 43.25773], [-4.558, 43.25768], [-4.55984, 43.25845], [-4.56126, 43.25851], [-4.57154, 43.2535], [-4.57359, 43.2533], [-4.57657, 43.25137], [-4.57803, 43.25108], [-4.57867, 43.25028], [-4.58095, 43.24991], [-4.58103, 43.24849], [-4.58204, 43.24679], [-4.57739, 43.24447], [-4.57299, 43.24073], [-4.56966, 43.23899], [-4.56582, 43.23497], [-4.56417, 43.23412], [-4.56365, 43.23344], [-4.56306, 43.23231], [-4.5631, 43.23036], [-4.56155, 43.22854], [-4.5637, 43.2259], [-4.55941, 43.22387], [-4.55704, 43.22133], [-4.55693, 43.22029], [-4.55752, 43.21955], [-4.55767, 43.21749], [-4.5586, 43.21569], [-4.5572, 43.21388], [-4.55368, 43.21286], [-4.55247, 43.21144], [-4.55112, 43.20845], [-4.54979, 43.20678], [-4.55046, 43.20609], [-4.55, 43.20532], [-4.5469, 43.20371], [-4.54622, 43.20287], [-4.5436, 43.203], [-4.5415, 43.20238], [-4.52833, 43.1961], [-4.52654, 43.19612], [-4.52499, 43.1956], [-4.5225, 43.19113], [-4.52273, 43.1886], [-4.52373, 43.18788], [-4.522, 43.18579], [-4.51801, 43.1791], [-4.51644, 43.1782], [-4.51486, 43.17553], [-4.51286, 43.17439], [-4.5122, 43.17229], [-4.50941, 43.17056], [-4.50626, 43.16786], [-4.50221, 43.16675], [-4.49981, 43.16307], [-4.49715, 43.16217], [-4.49194, 43.16163], [-4.48794, 43.15821], [-4.48632, 43.15748], [-4.48353, 43.15708], [-4.48273, 43.15644], [-4.48212, 43.15517], [-4.47867, 43.15293], [-4.47691, 43.15215], [-4.47523, 43.1522], [-4.47289, 43.15039], [-4.46717, 43.14873], [-4.46575, 43.14698], [-4.46451, 43.14629], [-4.46203, 43.14594], [-4.46728, 43.1417], [-4.46954, 43.1373], [-4.47101, 43.13664], [-4.47238, 43.13657], [-4.47498, 43.13706], [-4.47489, 43.13602], [-4.47659, 43.13395], [-4.47631, 43.12965], [-4.47847, 43.12794], [-4.48137, 43.12797], [-4.48336, 43.12512], [-4.48393, 43.12318], [-4.48229, 43.12186], [-4.48225, 43.1204], [-4.47849, 43.11812], [-4.47555, 43.11486], [-4.4716, 43.11434], [-4.47083, 43.11341], [-4.46741, 43.11322], [-4.46881, 43.11181], [-4.46855, 43.11015], [-4.46709, 43.109], [-4.46721, 43.10781], [-4.46932, 43.10478], [-4.46928, 43.10435], [-4.47148, 43.10247], [-4.47201, 43.10097], [-4.47032, 43.09984], [-4.4694, 43.09839], [-4.47094, 43.0969], [-4.47088, 43.09597], [-4.47231, 43.09352], [-4.47251, 43.09111], [-4.4729, 43.09049], [-4.47194, 43.0876], [-4.4706, 43.08605], [-4.46539, 43.0819], [-4.46566, 43.07854], [-4.46732, 43.07594], [-4.46751, 43.07482], [-4.4674, 43.07168], [-4.46794, 43.0686], [-4.46767, 43.06635], [-4.46941, 43.06323], [-4.46291, 43.05991], [-4.47115, 43.05169], [-4.47646, 43.04129], [-4.47591, 43.04094], [-4.47571, 43.0387], [-4.49398, 43.03965], [-4.49585, 43.03841], [-4.5114, 43.04388], [-4.5191, 43.04729], [-4.52125, 43.04753], [-4.54239, 43.03203], [-4.55211, 43.02554], [-4.55459, 43.02349], [-4.55707, 43.02013], [-4.55851, 43.01954], [-4.56013, 43.02078]]]]}, "properties": {"codigo": "ES1300001", "nombre": "Liébana", "tipo": "ZEC", "ha": 42515.5}}, {"type": "Feature", "geometry": {"type": "Polygon", "coordinates": [[[-3.70446, 43.12539], [-3.70563, 43.12515], [-3.7096, 43.1259], [-3.71379, 43.12842], [-3.71444, 43.12964], [-3.71729, 43.13124], [-3.71835, 43.13339], [-3.72006, 43.13543], [-3.725, 43.13862], [-3.72905, 43.1401], [-3.73443, 43.14088], [-3.73962, 43.14237], [-3.74067, 43.14376], [-3.74282, 43.14471], [-3.74916, 43.14449], [-3.75239, 43.14752], [-3.75473, 43.14948], [-3.75626, 43.15023], [-3.75857, 43.15236], [-3.76126, 43.15356], [-3.76339, 43.15773], [-3.76361, 43.15967], [-3.76544, 43.16178], [-3.76545, 43.16273], [-3.76362, 43.16248], [-3.76041, 43.16318], [-3.76014, 43.16359], [-3.76306, 43.16313], [-3.76316, 43.16508], [-3.76246, 43.16654], [-3.75899, 43.17094], [-3.75716, 43.17404], [-3.75639, 43.17397], [-3.75603, 43.1747], [-3.75112, 43.1773], [-3.74736, 43.17728], [-3.74434, 43.17658], [-3.74256, 43.1757], [-3.73725, 43.17771], [-3.7361, 43.17925], [-3.73659, 43.18005], [-3.73065, 43.17962], [-3.72781, 43.18111], [-3.72317, 43.18263], [-3.71462, 43.18421], [-3.71581, 43.19401], [-3.72072, 43.19724], [-3.72174, 43.19896], [-3.72459, 43.20178], [-3.72952, 43.20437], [-3.72878, 43.20698], [-3.72853, 43.21387], [-3.72726, 43.21601], [-3.73088, 43.21776], [-3.73407, 43.21975], [-3.73431, 43.22032], [-3.73339, 43.22162], [-3.73245, 43.22211], [-3.72769, 43.22256], [-3.72596, 43.22316], [-3.723, 43.22294], [-3.72186, 43.22378], [-3.71829, 43.22395], [-3.7159, 43.22326], [-3.70796, 43.22226], [-3.7085, 43.22081], [-3.70658, 43.2175], [-3.70673, 43.2145], [-3.70501, 43.21285], [-3.70516, 43.21211], [-3.70411, 43.21122], [-3.70342, 43.20976], [-3.70223, 43.20863], [-3.70162, 43.20859], [-3.70289, 43.21], [-3.7036, 43.21147], [-3.70451, 43.21214], [-3.70447, 43.21306], [-3.70613, 43.21461], [-3.70596, 43.21761], [-3.70789, 43.22093], [-3.70672, 43.22354], [-3.70542, 43.22479], [-3.70362, 43.22752], [-3.70382, 43.22864], [-3.70271, 43.22994], [-3.70044, 43.23128], [-3.69947, 43.23242], [-3.69944, 43.23336], [-3.7, 43.23441], [-3.69973, 43.23547], [-3.70025, 43.23816], [-3.70108, 43.23945], [-3.701, 43.24055], [-3.70274, 43.24152], [-3.70318, 43.24297], [-3.70486, 43.24401], [-3.70494, 43.24544], [-3.70674, 43.24667], [-3.70708, 43.2482], [-3.70935, 43.24928], [-3.70871, 43.25043], [-3.70951, 43.25093], [-3.71051, 43.25245], [-3.71114, 43.25446], [-3.71602, 43.25761], [-3.71462, 43.25937], [-3.71484, 43.26008], [-3.71564, 43.26057], [-3.7156, 43.26262], [-3.71431, 43.26485], [-3.71193, 43.2675], [-3.71201, 43.26932], [-3.71014, 43.27129], [-3.71045, 43.27252], [-3.71004, 43.27373], [-3.70897, 43.27438], [-3.70536, 43.27515], [-3.70516, 43.27555], [-3.70617, 43.27655], [-3.70303, 43.27891], [-3.70184, 43.27919], [-3.69885, 43.28099], [-3.69497, 43.27721], [-3.69049, 43.27585], [-3.68707, 43.27576], [-3.68364, 43.27724], [-3.68155, 43.27743], [-3.67935, 43.27646], [-3.67661, 43.27647], [-3.67173, 43.27516], [-3.66438, 43.27609], [-3.66001, 43.27747], [-3.65814, 43.27722], [-3.65583, 43.27872], [-3.65033, 43.28063], [-3.64929, 43.28042], [-3.64914, 43.27985], [-3.64797, 43.2794], [-3.64596, 43.27898], [-3.63899, 43.27914], [-3.63735, 43.28001], [-3.63241, 43.27959], [-3.63123, 43.27986], [-3.6281, 43.27732], [-3.61843, 43.27593], [-3.61433, 43.27654], [-3.61263, 43.27604], [-3.61169, 43.27687], [-3.60975, 43.27643], [-3.60773, 43.27702], [-3.60546, 43.27595], [-3.60451, 43.27389], [-3.60308, 43.2742], [-3.60178, 43.27395], [-3.60131, 43.27434], [-3.60034, 43.2741], [-3.5998, 43.27502], [-3.59885, 43.27553], [-3.59737, 43.2752], [-3.5965, 43.27549], [-3.59758, 43.27412], [-3.59674, 43.27231], [-3.60005, 43.26987], [-3.60091, 43.26726], [-3.60223, 43.26601], [-3.60166, 43.26404], [-3.60202, 43.26193], [-3.60558, 43.25926], [-3.60546, 43.25776], [-3.60602, 43.25659], [-3.60691, 43.25589], [-3.60616, 43.25021], [-3.60707, 43.24826], [-3.60713, 43.24724], [-3.60813, 43.24604], [-3.60755, 43.24425], [-3.60756, 43.24202], [-3.60892, 43.24062], [-3.60844, 43.23962], [-3.60634, 43.23756], [-3.6065, 43.23493], [-3.60592, 43.23397], [-3.60582, 43.23248], [-3.60376, 43.22944], [-3.60377, 43.22818], [-3.60026, 43.22495], [-3.59948, 43.22351], [-3.5982, 43.2228], [-3.59754, 43.22182], [-3.5975, 43.22102], [-3.59647, 43.22049], [-3.59522, 43.2179], [-3.59493, 43.21636], [-3.59208, 43.21401], [-3.59153, 43.21257], [-3.59214, 43.21165], [-3.59164, 43.21095], [-3.59171, 43.21009], [-3.58968, 43.20851], [-3.58974, 43.20773], [-3.5893, 43.20699], [-3.58877, 43.20721], [-3.5891, 43.20871], [-3.59112, 43.21023], [-3.59104, 43.21107], [-3.59151, 43.21162], [-3.59091, 43.21258], [-3.59153, 43.21423], [-3.5944, 43.2166], [-3.59464, 43.21807], [-3.59591, 43.22067], [-3.59701, 43.22132], [-3.59692, 43.22193], [-3.59765, 43.22301], [-3.59898, 43.22378], [-3.59972, 43.22517], [-3.60319, 43.22834], [-3.60315, 43.22954], [-3.60511, 43.2325], [-3.60502, 43.23367], [-3.60574, 43.23555], [-3.60556, 43.23775], [-3.60807, 43.2406], [-3.6068, 43.24209], [-3.60664, 43.24411], [-3.60725, 43.24599], [-3.60642, 43.24708], [-3.60529, 43.25077], [-3.60607, 43.25242], [-3.60573, 43.25451], [-3.60632, 43.25546], [-3.60516, 43.25641], [-3.60461, 43.25781], [-3.6049, 43.25918], [-3.60367, 43.25953], [-3.60126, 43.26172], [-3.60093, 43.26451], [-3.60156, 43.2657], [-3.60019, 43.26706], [-3.59915, 43.27005], [-3.59611, 43.27206], [-3.59674, 43.27397], [-3.59497, 43.27535], [-3.59298, 43.27456], [-3.58955, 43.27548], [-3.58672, 43.27527], [-3.58207, 43.27604], [-3.57958, 43.27694], [-3.57697, 43.27623], [-3.57567, 43.27639], [-3.57278, 43.27916], [-3.56975, 43.28015], [-3.56885, 43.28111], [-3.56699, 43.28206], [-3.56553, 43.2836], [-3.56209, 43.28482], [-3.55795, 43.28493], [-3.55493, 43.28411], [-3.548, 43.2832], [-3.54648, 43.28235], [-3.54429, 43.28264], [-3.54335, 43.2819], [-3.53972, 43.28245], [-3.53876, 43.28175], [-3.53734, 43.28139], [-3.53633, 43.28163], [-3.53666, 43.28252], [-3.53643, 43.28285], [-3.53534, 43.28234], [-3.53233, 43.28227], [-3.5284, 43.28327], [-3.52568, 43.28348], [-3.52524, 43.28307], [-3.52475, 43.28043], [-3.52554, 43.27753], [-3.52457, 43.27597], [-3.52253, 43.27444], [-3.51694, 43.27266], [-3.51397, 43.273], [-3.51232, 43.27179], [-3.51006, 43.27087], [-3.5068, 43.27046], [-3.50493, 43.26944], [-3.50077, 43.26812], [-3.4996, 43.26798], [-3.49764, 43.26888], [-3.49385, 43.26764], [-3.49223, 43.26605], [-3.48876, 43.26706], [-3.48735, 43.26665], [-3.48534, 43.2654], [-3.48421, 43.26365], [-3.48217, 43.26241], [-3.48124, 43.26059], [-3.47971, 43.2595], [-3.47867, 43.25716], [-3.47647, 43.25619], [-3.47399, 43.2558], [-3.47115, 43.2561], [-3.4693, 43.25709], [-3.46731, 43.25441], [-3.46432, 43.25295], [-3.4644, 43.25215], [-3.46249, 43.25037], [-3.46257, 43.24845], [-3.46134, 43.24707], [-3.46265, 43.24572], [-3.46631, 43.2443], [-3.46802, 43.24261], [-3.46794, 43.24209], [-3.46721, 43.24157], [-3.46482, 43.24129], [-3.46463, 43.24008], [-3.46706, 43.23866], [-3.46716, 43.23609], [-3.46835, 43.23525], [-3.46899, 43.23416], [-3.47027, 43.22682], [-3.46884, 43.22183], [-3.46995, 43.22089], [-3.47022, 43.2179], [-3.47297, 43.21534], [-3.47463, 43.21591], [-3.47715, 43.21786], [-3.4791, 43.22001], [-3.48155, 43.22006], [-3.4819, 43.2205], [-3.48186, 43.22221], [-3.48711, 43.22481], [-3.49003, 43.22583], [-3.49373, 43.22626], [-3.49594, 43.22777], [-3.49735, 43.22807], [-3.49788, 43.22809], [-3.49779, 43.22734], [-3.49998, 43.22775], [-3.50147, 43.22676], [-3.50371, 43.2262], [-3.50524, 43.2266], [-3.5074, 43.2264], [-3.51173, 43.22696], [-3.51696, 43.2278], [-3.52216, 43.22934], [-3.52481, 43.22938], [-3.52805, 43.22809], [-3.53033, 43.22668], [-3.52992, 43.22437], [-3.53048, 43.22165], [-3.52976, 43.21918], [-3.53044, 43.21924], [-3.53076, 43.2186], [-3.53144, 43.2184], [-3.53409, 43.2188], [-3.53468, 43.21818], [-3.53557, 43.21891], [-3.53711, 43.21855], [-3.53769, 43.21877], [-3.53829, 43.21754], [-3.53888, 43.21705], [-3.53903, 43.21742], [-3.53978, 43.21625], [-3.54395, 43.215], [-3.54643, 43.21612], [-3.54769, 43.21628], [-3.55338, 43.21575], [-3.55544, 43.21688], [-3.55661, 43.21708], [-3.55755, 43.21799], [-3.55726, 43.21875], [-3.55749, 43.22095], [-3.55882, 43.22178], [-3.55921, 43.22004], [-3.56206, 43.21788], [-3.56271, 43.21424], [-3.56373, 43.2122], [-3.57003, 43.20738], [-3.57198, 43.20532], [-3.57231, 43.2035], [-3.57369, 43.20055], [-3.57326, 43.19944], [-3.57161, 43.19764], [-3.57208, 43.19669], [-3.57333, 43.19658], [-3.57338, 43.19725], [-3.57394, 43.19761], [-3.57579, 43.19678], [-3.576, 43.19602], [-3.57542, 43.19568], [-3.57726, 43.19544], [-3.57966, 43.19416], [-3.58125, 43.19394], [-3.58215, 43.19431], [-3.58413, 43.19268], [-3.58442, 43.19229], [-3.58394, 43.19172], [-3.58516, 43.19036], [-3.58555, 43.18915], [-3.58545, 43.18739], [-3.5863, 43.1851], [-3.58594, 43.1844], [-3.5844, 43.18336], [-3.58688, 43.18403], [-3.58727, 43.18455], [-3.58703, 43.18385], [-3.58599, 43.1832], [-3.58663, 43.18174], [-3.5877, 43.18142], [-3.58789, 43.18045], [-3.58989, 43.17997], [-3.58742, 43.17854], [-3.59339, 43.17718], [-3.59313, 43.17381], [-3.5945, 43.17194], [-3.59342, 43.16987], [-3.59055, 43.16819], [-3.58964, 43.16712], [-3.58972, 43.16634], [-3.59179, 43.16396], [-3.5922, 43.16059], [-3.58747, 43.16049], [-3.58637, 43.16092], [-3.5842, 43.16069], [-3.58226, 43.16168], [-3.57822, 43.1621], [-3.57582, 43.1629], [-3.57227, 43.16247], [-3.56982, 43.16159], [-3.56521, 43.16318], [-3.56409, 43.16234], [-3.56182, 43.16179], [-3.56061, 43.16222], [-3.55859, 43.16405], [-3.5557, 43.16573], [-3.55223, 43.16681], [-3.55306, 43.1661], [-3.55293, 43.16496], [-3.55354, 43.16354], [-3.55484, 43.16265], [-3.55479, 43.16175], [-3.55577, 43.16111], [-3.55741, 43.15879], [-3.5565, 43.1554], [-3.55615, 43.15077], [-3.55705, 43.14921], [-3.56385, 43.15007], [-3.57281, 43.15287], [-3.58058, 43.15341], [-3.58558, 43.1545], [-3.59961, 43.15193], [-3.60334, 43.14976], [-3.60452, 43.15145], [-3.6041, 43.1559], [-3.60608, 43.15657], [-3.60664, 43.15822], [-3.60603, 43.16127], [-3.60712, 43.1625], [-3.60698, 43.16348], [-3.60903, 43.1647], [-3.60912, 43.1661], [-3.61139, 43.16736], [-3.61245, 43.16952], [-3.61713, 43.17125], [-3.61806, 43.17193], [-3.61999, 43.17237], [-3.62286, 43.17387], [-3.62632, 43.17379], [-3.63026, 43.17288], [-3.63166, 43.17301], [-3.63191, 43.17337], [-3.63153, 43.1739], [-3.63211, 43.17481], [-3.63358, 43.17495], [-3.63361, 43.17556], [-3.63799, 43.17641], [-3.64114, 43.1764], [-3.64185, 43.17751], [-3.64504, 43.17934], [-3.6471, 43.17925], [-3.65017, 43.18101], [-3.65102, 43.18104], [-3.65528, 43.17839], [-3.65816, 43.17764], [-3.65769, 43.1751], [-3.65516, 43.17157], [-3.65524, 43.17113], [-3.65833, 43.1694], [-3.66096, 43.16876], [-3.66077, 43.16787], [-3.66224, 43.16526], [-3.66676, 43.16284], [-3.66795, 43.15762], [-3.67662, 43.15508], [-3.67639, 43.15474], [-3.67709, 43.1545], [-3.6758, 43.1539], [-3.6765, 43.15113], [-3.67997, 43.14849], [-3.68172, 43.14664], [-3.68215, 43.14513], [-3.68421, 43.14238], [-3.68495, 43.14064], [-3.68561, 43.13718], [-3.68378, 43.13626], [-3.68745, 43.13315], [-3.68917, 43.13242], [-3.6929, 43.12841], [-3.69586, 43.12604], [-3.70388, 43.12341], [-3.70446, 43.12539]]]}, "properties": {"codigo": "ES1300002", "nombre": "Montaña oriental", "tipo": "ZEC", "ha": 21673.8}}, {"type": "Feature", "geometry": {"type": "MultiPolygon", "coordinates": [[[[-4.38474, 43.34669], [-4.38219, 43.34753], [-4.38167, 43.34815], [-4.38171, 43.3489], [-4.3844, 43.35044], [-4.38562, 43.35183], [-4.38592, 43.35277], [-4.38574, 43.35491], [-4.38611, 43.3557], [-4.38763, 43.35651], [-4.38988, 43.35675], [-4.38958, 43.35716], [-4.38687, 43.35737], [-4.38646, 43.35797], [-4.38673, 43.35868], [-4.38623, 43.35921], [-4.38628, 43.35975], [-4.38802, 43.36024], [-4.38655, 43.36023], [-4.38611, 43.3609], [-4.38605, 43.36339], [-4.38726, 43.36418], [-4.38554, 43.36429], [-4.38493, 43.36495], [-4.38582, 43.36582], [-4.38554, 43.36603], [-4.38596, 43.36651], [-4.38659, 43.36668], [-4.38582, 43.3672], [-4.38748, 43.36745], [-4.38583, 43.36786], [-4.38527, 43.36992], [-4.38767, 43.36986], [-4.38644, 43.37068], [-4.38737, 43.37109], [-4.38702, 43.37177], [-4.38795, 43.37276], [-4.38876, 43.37269], [-4.38773, 43.37178], [-4.38839, 43.37166], [-4.38839, 43.37089], [-4.38896, 43.37099], [-4.38871, 43.37131], [-4.38942, 43.37179], [-4.39003, 43.37147], [-4.3913, 43.37197], [-4.39169, 43.37156], [-4.39219, 43.37197], [-4.39352, 43.37191], [-4.39254, 43.37254], [-4.39259, 43.37302], [-4.39403, 43.37297], [-4.39235, 43.37386], [-4.39274, 43.37481], [-4.39332, 43.3742], [-4.39451, 43.37528], [-4.39547, 43.37325], [-4.39642, 43.37335], [-4.39606, 43.37367], [-4.397, 43.37388], [-4.39758, 43.37339], [-4.3973, 43.37315], [-4.39771, 43.3725], [-4.39881, 43.372], [-4.39854, 43.37051], [-4.39804, 43.37008], [-4.3988, 43.3695], [-4.39861, 43.36879], [-4.39919, 43.36946], [-4.3993, 43.37096], [-4.39996, 43.37105], [-4.39919, 43.37232], [-4.39862, 43.37247], [-4.39826, 43.37398], [-4.40189, 43.37448], [-4.40536, 43.37413], [-4.40305, 43.37477], [-4.40352, 43.37547], [-4.40243, 43.37491], [-4.39873, 43.37543], [-4.39876, 43.37662], [-4.39994, 43.37815], [-4.39746, 43.37809], [-4.39708, 43.37881], [-4.39723, 43.38052], [-4.39661, 43.3816], [-4.39861, 43.38437], [-4.39778, 43.38514], [-4.39795, 43.38607], [-4.40004, 43.38518], [-4.40425, 43.38438], [-4.40649, 43.38535], [-4.40654, 43.38465], [-4.40705, 43.38432], [-4.40343, 43.38306], [-4.40364, 43.3821], [-4.4045, 43.38117], [-4.40446, 43.38054], [-4.4052, 43.38085], [-4.40596, 43.37997], [-4.40877, 43.37988], [-4.40956, 43.37952], [-4.40961, 43.37911], [-4.41112, 43.37995], [-4.41236, 43.37932], [-4.41144, 43.37824], [-4.41363, 43.37872], [-4.41372, 43.37688], [-4.41446, 43.37738], [-4.41415, 43.37877], [-4.41572, 43.37889], [-4.41714, 43.37952], [-4.41764, 43.3792], [-4.41734, 43.37847], [-4.41951, 43.37746], [-4.42107, 43.37845], [-4.42042, 43.37906], [-4.42247, 43.37937], [-4.42078, 43.38078], [-4.42112, 43.38147], [-4.42024, 43.38147], [-4.41902, 43.38214], [-4.41485, 43.38239], [-4.41349, 43.38273], [-4.41214, 43.3836], [-4.40941, 43.38385], [-4.40867, 43.38438], [-4.40861, 43.386], [-4.40762, 43.38717], [-4.40377, 43.38785], [-4.40235, 43.38728], [-4.39957, 43.38731], [-4.39875, 43.38695], [-4.39718, 43.38757], [-4.39698, 43.38731], [-4.39432, 43.38843], [-4.39456, 43.38873], [-4.39255, 43.39006], [-4.3903, 43.39089], [-4.38941, 43.39168], [-4.39005, 43.39222], [-4.38927, 43.39224], [-4.38905, 43.39283], [-4.3903, 43.39287], [-4.39127, 43.3923], [-4.39207, 43.39373], [-4.39296, 43.3942], [-4.39583, 43.39339], [-4.39604, 43.39368], [-4.39766, 43.3935], [-4.3979, 43.39436], [-4.40003, 43.39407], [-4.40038, 43.39453], [-4.40185, 43.39483], [-4.40162, 43.39513], [-4.40238, 43.39551], [-4.40368, 43.39559], [-4.40365, 43.39515], [-4.40558, 43.39471], [-4.40683, 43.39329], [-4.40778, 43.39313], [-4.40846, 43.39234], [-4.40983, 43.39252], [-4.4094, 43.39181], [-4.41058, 43.39112], [-4.41389, 43.38955], [-4.4161, 43.3893], [-4.41636, 43.3886], [-4.41699, 43.38847], [-4.41773, 43.38914], [-4.41894, 43.38905], [-4.41888, 43.38941], [-4.41808, 43.3902], [-4.41543, 43.39084], [-4.41472, 43.39187], [-4.41637, 43.39363], [-4.41604, 43.3941], [-4.41699, 43.39403], [-4.41797, 43.39539], [-4.4189, 43.39502], [-4.41825, 43.39467], [-4.4183, 43.39417], [-4.41983, 43.39442], [-4.42043, 43.39358], [-4.42263, 43.39282], [-4.42345, 43.39294], [-4.4241, 43.39378], [-4.42493, 43.39411], [-4.42666, 43.39436], [-4.42792, 43.39548], [-4.42831, 43.39514], [-4.42782, 43.39455], [-4.42979, 43.39398], [-4.42988, 43.39314], [-4.42937, 43.39223], [-4.43097, 43.3914], [-4.43192, 43.39154], [-4.4325, 43.3932], [-4.4345, 43.39367], [-4.4351, 43.39551], [-4.4369, 43.39555], [-4.43732, 43.39463], [-4.4383, 43.39434], [-4.43831, 43.3932], [-4.44071, 43.39324], [-4.44095, 43.39253], [-4.44169, 43.39243], [-4.44078, 43.39191], [-4.44115, 43.39158], [-4.44344, 43.39133], [-4.44346, 43.39254], [-4.4439, 43.39253], [-4.44399, 43.3932], [-4.44283, 43.39418], [-4.44301, 43.39454], [-4.44246, 43.39476], [-4.4422, 43.39397], [-4.44149, 43.3948], [-4.43992, 43.39538], [-4.44166, 43.39558], [-4.44171, 43.39601], [-4.44116, 43.39648], [-4.44297, 43.39717], [-4.44382, 43.39651], [-4.44376, 43.39593], [-4.44426, 43.39528], [-4.44513, 43.39513], [-4.44567, 43.39439], [-4.44627, 43.39439], [-4.44673, 43.39527], [-4.44769, 43.39536], [-4.44904, 43.39425], [-4.44878, 43.39383], [-4.45057, 43.39286], [-4.45086, 43.3935], [-4.45162, 43.39345], [-4.45184, 43.39398], [-4.45232, 43.39398], [-4.45171, 43.39213], [-4.45119, 43.39169], [-4.45244, 43.39156], [-4.45192, 43.39107], [-4.45242, 43.39066], [-4.45412, 43.39085], [-4.45434, 43.39126], [-4.45564, 43.39159], [-4.45598, 43.39219], [-4.45769, 43.39194], [-4.45735, 43.39066], [-4.45351, 43.38951], [-4.4514, 43.38821], [-4.4527, 43.3866], [-4.45364, 43.3876], [-4.45716, 43.38895], [-4.45975, 43.38856], [-4.45953, 43.38901], [-4.46036, 43.38976], [-4.4622, 43.3902], [-4.46254, 43.39071], [-4.46843, 43.39057], [-4.46726, 43.38848], [-4.46534, 43.38763], [-4.46533, 43.38713], [-4.46408, 43.38604], [-4.46429, 43.38488], [-4.46845, 43.38497], [-4.46867, 43.38448], [-4.47106, 43.38336], [-4.47159, 43.38273], [-4.47206, 43.38285], [-4.47205, 43.38188], [-4.47335, 43.38052], [-4.47325, 43.38004], [-4.47218, 43.3795], [-4.47035, 43.3801], [-4.47073, 43.37962], [-4.46789, 43.37919], [-4.46419, 43.37769], [-4.46466, 43.37729], [-4.46307, 43.3761], [-4.46276, 43.37482], [-4.4625, 43.37498], [-4.46195, 43.37493], [-4.46247, 43.37457], [-4.46529, 43.3758], [-4.46675, 43.37449], [-4.46664, 43.37475], [-4.46721, 43.37478], [-4.46666, 43.3755], [-4.46704, 43.37563], [-4.46812, 43.37438], [-4.46724, 43.374], [-4.46791, 43.37366], [-4.46907, 43.37395], [-4.46994, 43.37341], [-4.4699, 43.3724], [-4.47048, 43.37198], [-4.47015, 43.37252], [-4.47061, 43.37304], [-4.47199, 43.37251], [-4.47088, 43.37522], [-4.46883, 43.37532], [-4.46792, 43.3762], [-4.46863, 43.37646], [-4.46898, 43.37587], [-4.4705, 43.3758], [-4.47119, 43.37759], [-4.47238, 43.37774], [-4.47248, 43.37624], [-4.47191, 43.37569], [-4.47253, 43.37484], [-4.47265, 43.37248], [-4.47165, 43.37237], [-4.47182, 43.37215], [-4.47301, 43.37146], [-4.47585, 43.37161], [-4.47881, 43.37078], [-4.47937, 43.37084], [-4.47953, 43.37169], [-4.47699, 43.37175], [-4.47482, 43.37254], [-4.47441, 43.37286], [-4.4747, 43.37363], [-4.47787, 43.37347], [-4.47844, 43.37333], [-4.47846, 43.37288], [-4.47868, 43.37281], [-4.47863, 43.37326], [-4.4797, 43.37376], [-4.4802, 43.3746], [-4.48096, 43.37701], [-4.48214, 43.37715], [-4.48257, 43.37762], [-4.48157, 43.37836], [-4.48215, 43.37964], [-4.4795, 43.38225], [-4.47943, 43.38273], [-4.47991, 43.38303], [-4.47908, 43.38347], [-4.47846, 43.38452], [-4.47488, 43.3869], [-4.47569, 43.38853], [-4.47652, 43.38915], [-4.48098, 43.38926], [-4.48172, 43.38886], [-4.48485, 43.38937], [-4.48459, 43.38997], [-4.48044, 43.39048], [-4.4802, 43.39162], [-4.47437, 43.39228], [-4.47481, 43.39266], [-4.47438, 43.39313], [-4.47541, 43.39337], [-4.47392, 43.39407], [-4.47684, 43.39353], [-4.4769, 43.39469], [-4.47868, 43.39436], [-4.47991, 43.39475], [-4.48057, 43.39402], [-4.48112, 43.39422], [-4.48152, 43.39372], [-4.48241, 43.39365], [-4.48285, 43.39306], [-4.48383, 43.39278], [-4.48477, 43.39306], [-4.48533, 43.39263], [-4.48568, 43.3929], [-4.48751, 43.39253], [-4.49027, 43.39315], [-4.49046, 43.3927], [-4.49127, 43.39328], [-4.49093, 43.39363], [-4.49098, 43.39491], [-4.49155, 43.39578], [-4.49143, 43.3963], [-4.49286, 43.39581], [-4.49621, 43.39637], [-4.4979, 43.39519], [-4.50017, 43.39463], [-4.49966, 43.3942], [-4.49805, 43.39405], [-4.49877, 43.39355], [-4.49866, 43.39298], [-4.49787, 43.39268], [-4.49901, 43.39246], [-4.4985, 43.39184], [-4.49656, 43.39129], [-4.4981, 43.39107], [-4.49686, 43.39052], [-4.49823, 43.39058], [-4.49896, 43.39009], [-4.50076, 43.38982], [-4.50672, 43.39037], [-4.50664, 43.39135], [-4.5056, 43.39102], [-4.50599, 43.3915], [-4.50742, 43.39183], [-4.50712, 43.39277], [-4.50995, 43.39308], [-4.51088, 43.39296], [-4.51175, 43.39219], [-4.51179, 43.39144], [-4.51051, 43.39061], [-4.51039, 43.39015], [-4.51126, 43.38928], [-4.51309, 43.38924], [-4.51337, 43.38997], [-4.51241, 43.39329], [-4.51166, 43.39318], [-4.51101, 43.3935], [-4.51033, 43.39324], [-4.50958, 43.39314], [-4.50932, 43.39316], [-4.50783, 43.39407], [-4.50752, 43.39402], [-4.50674, 43.39422], [-4.5062, 43.39486], [-4.50391, 43.39471], [-4.50118, 43.39513], [-4.49984, 43.39584], [-4.50032, 43.39596], [-4.49873, 43.39598], [-4.499, 43.39607], [-4.49757, 43.3969], [-4.49654, 43.39719], [-4.4949, 43.39693], [-4.4954, 43.39729], [-4.49512, 43.39754], [-4.49368, 43.39699], [-4.49217, 43.39693], [-4.49117, 43.39715], [-4.49023, 43.3967], [-4.491, 43.39607], [-4.49069, 43.39601], [-4.49085, 43.39571], [-4.4894, 43.39537], [-4.49062, 43.39437], [-4.49032, 43.39367], [-4.48861, 43.39373], [-4.48763, 43.39298], [-4.4836, 43.39343], [-4.4828, 43.39414], [-4.48176, 43.39423], [-4.48165, 43.39462], [-4.48046, 43.39464], [-4.48041, 43.39499], [-4.48019, 43.39509], [-4.48028, 43.39519], [-4.48019, 43.39522], [-4.48025, 43.39524], [-4.48008, 43.39535], [-4.47854, 43.39469], [-4.47776, 43.39489], [-4.478, 43.39533], [-4.47701, 43.39551], [-4.47631, 43.39531], [-4.47658, 43.39492], [-4.47609, 43.3949], [-4.47582, 43.3944], [-4.4735, 43.39473], [-4.47361, 43.39448], [-4.4725, 43.39443], [-4.47283, 43.39386], [-4.47412, 43.39326], [-4.47337, 43.39295], [-4.47385, 43.39244], [-4.47328, 43.39266], [-4.47295, 43.39233], [-4.47352, 43.39211], [-4.47289, 43.39163], [-4.47276, 43.39053], [-4.47311, 43.39], [-4.47252, 43.38914], [-4.4717, 43.38913], [-4.47049, 43.38971], [-4.47072, 43.39023], [-4.46998, 43.39051], [-4.46947, 43.3913], [-4.46564, 43.39178], [-4.46491, 43.39254], [-4.46421, 43.3926], [-4.46412, 43.39217], [-4.4634, 43.39271], [-4.46301, 43.39206], [-4.46293, 43.39268], [-4.46246, 43.39264], [-4.46072, 43.39125], [-4.45936, 43.39115], [-4.4586, 43.39226], [-4.45926, 43.39396], [-4.4585, 43.39387], [-4.45801, 43.3932], [-4.45712, 43.39348], [-4.45713, 43.39379], [-4.45542, 43.39354], [-4.45506, 43.39284], [-4.45371, 43.39217], [-4.45354, 43.39261], [-4.4529, 43.39275], [-4.45353, 43.39325], [-4.45362, 43.39392], [-4.45326, 43.39425], [-4.45361, 43.39449], [-4.45326, 43.39456], [-4.45359, 43.39498], [-4.45321, 43.39499], [-4.45307, 43.3947], [-4.45277, 43.39467], [-4.45243, 43.39506], [-4.45152, 43.39511], [-4.45096, 43.39386], [-4.45042, 43.39383], [-4.45077, 43.39449], [-4.45054, 43.39554], [-4.44998, 43.39495], [-4.44912, 43.39569], [-4.44821, 43.39572], [-4.44795, 43.39641], [-4.4457, 43.39514], [-4.44562, 43.39624], [-4.44501, 43.39652], [-4.44512, 43.39687], [-4.44351, 43.39776], [-4.4429, 43.3974], [-4.44257, 43.39766], [-4.44255, 43.39727], [-4.44099, 43.39658], [-4.44021, 43.39667], [-4.44039, 43.39551], [-4.43943, 43.39589], [-4.43985, 43.39493], [-4.44042, 43.39475], [-4.44008, 43.39445], [-4.44132, 43.39423], [-4.44139, 43.39371], [-4.44002, 43.39401], [-4.43914, 43.39374], [-4.43882, 43.39493], [-4.43749, 43.39551], [-4.43858, 43.39636], [-4.43751, 43.39598], [-4.43694, 43.3961], [-4.43691, 43.39679], [-4.43645, 43.39719], [-4.43571, 43.39638], [-4.43443, 43.3959], [-4.43428, 43.3945], [-4.43349, 43.39417], [-4.4335, 43.39374], [-4.43246, 43.39376], [-4.43248, 43.39416], [-4.43165, 43.39353], [-4.4305, 43.3942], [-4.43155, 43.39508], [-4.4322, 43.39629], [-4.43117, 43.39702], [-4.42786, 43.39641], [-4.42692, 43.39658], [-4.42686, 43.39709], [-4.42134, 43.39728], [-4.42007, 43.39816], [-4.41475, 43.39831], [-4.41087, 43.39782], [-4.40998, 43.39727], [-4.40117, 43.39755], [-4.39745, 43.39691], [-4.3967, 43.39667], [-4.39595, 43.39564], [-4.39725, 43.39404], [-4.39222, 43.39502], [-4.39254, 43.39465], [-4.39139, 43.39486], [-4.39196, 43.39425], [-4.38981, 43.39456], [-4.39112, 43.39349], [-4.39042, 43.39294], [-4.38876, 43.39303], [-4.38511, 43.39527], [-4.38508, 43.39357], [-4.38481, 43.39359], [-4.38589, 43.3926], [-4.38525, 43.39202], [-4.38253, 43.39138], [-4.37827, 43.39161], [-4.37271, 43.39246], [-4.36553, 43.39546], [-4.36037, 43.39852], [-4.35845, 43.39913], [-4.35567, 43.40137], [-4.35556, 43.40223], [-4.35619, 43.40281], [-4.35517, 43.40284], [-4.35409, 43.4035], [-4.35028, 43.40344], [-4.34655, 43.40544], [-4.34443, 43.40503], [-4.34305, 43.40565], [-4.34192, 43.40528], [-4.34066, 43.40585], [-4.3396, 43.40576], [-4.33852, 43.40542], [-4.33927, 43.40384], [-4.33862, 43.40283], [-4.33766, 43.40247], [-4.33765, 43.4007], [-4.33842, 43.39965], [-4.33851, 43.39855], [-4.33767, 43.39658], [-4.33443, 43.39388], [-4.32797, 43.39123], [-4.3225, 43.39073], [-4.3195, 43.39097], [-4.31953, 43.39066], [-4.31884, 43.39105], [-4.3188, 43.39034], [-4.31939, 43.38957], [-4.31846, 43.38911], [-4.31835, 43.38827], [-4.31924, 43.38662], [-4.31926, 43.38584], [-4.31858, 43.38558], [-4.31898, 43.38485], [-4.31827, 43.3849], [-4.31653, 43.3841], [-4.31596, 43.38317], [-4.31629, 43.38187], [-4.31574, 43.38156], [-4.31578, 43.3811], [-4.31686, 43.38018], [-4.31675, 43.37986], [-4.31771, 43.37956], [-4.31666, 43.37887], [-4.31707, 43.37777], [-4.31584, 43.37767], [-4.31504, 43.37564], [-4.31421, 43.37556], [-4.31394, 43.3749], [-4.31306, 43.37485], [-4.31287, 43.37443], [-4.3112, 43.37379], [-4.31106, 43.37264], [-4.3102, 43.3723], [-4.30942, 43.37304], [-4.30947, 43.37171], [-4.30911, 43.37118], [-4.30611, 43.3709], [-4.30685, 43.37001], [-4.30722, 43.36674], [-4.30847, 43.36685], [-4.30835, 43.36748], [-4.30891, 43.36826], [-4.31146, 43.36757], [-4.31203, 43.3678], [-4.3131, 43.36753], [-4.31407, 43.36794], [-4.31464, 43.3669], [-4.31502, 43.36752], [-4.31602, 43.36696], [-4.31666, 43.3671], [-4.31701, 43.36584], [-4.31782, 43.36534], [-4.31777, 43.36572], [-4.3172, 43.36587], [-4.31647, 43.36755], [-4.31483, 43.36769], [-4.31431, 43.36863], [-4.31106, 43.36863], [-4.31071, 43.36947], [-4.3117, 43.36989], [-4.31311, 43.36943], [-4.31455, 43.3696], [-4.31814, 43.37146], [-4.31778, 43.37219], [-4.31809, 43.37326], [-4.31754, 43.3738], [-4.31735, 43.37513], [-4.31831, 43.37576], [-4.3169, 43.37636], [-4.3184, 43.37744], [-4.31884, 43.37825], [-4.31854, 43.37871], [-4.31949, 43.3784], [-4.32033, 43.37939], [-4.32021, 43.38035], [-4.31801, 43.3808], [-4.31863, 43.38178], [-4.31818, 43.38234], [-4.31874, 43.38308], [-4.32107, 43.38266], [-4.32017, 43.3832], [-4.32109, 43.38354], [-4.3213, 43.38477], [-4.32562, 43.38443], [-4.326, 43.38456], [-4.32561, 43.38481], [-4.32603, 43.38527], [-4.32734, 43.38426], [-4.3301, 43.38321], [-4.33499, 43.38197], [-4.33492, 43.3811], [-4.33615, 43.38199], [-4.33997, 43.38081], [-4.34211, 43.38172], [-4.34247, 43.38218], [-4.34256, 43.38386], [-4.34118, 43.38374], [-4.34077, 43.3827], [-4.33933, 43.38138], [-4.33879, 43.38159], [-4.33863, 43.38266], [-4.33803, 43.38283], [-4.33796, 43.38368], [-4.33725, 43.38311], [-4.334, 43.38351], [-4.33182, 43.38471], [-4.33025, 43.38462], [-4.32996, 43.3857], [-4.32924, 43.38649], [-4.32979, 43.38695], [-4.32778, 43.38696], [-4.32796, 43.38817], [-4.32937, 43.38917], [-4.33073, 43.38951], [-4.33055, 43.39006], [-4.336, 43.39324], [-4.33918, 43.39628], [-4.34046, 43.39858], [-4.33867, 43.401], [-4.33916, 43.40228], [-4.34049, 43.40276], [-4.34025, 43.40324], [-4.34054, 43.40421], [-4.34672, 43.40293], [-4.35088, 43.4024], [-4.35275, 43.40258], [-4.35383, 43.40196], [-4.35368, 43.40154], [-4.35408, 43.40158], [-4.35551, 43.39975], [-4.3566, 43.39949], [-4.35598, 43.39932], [-4.36129, 43.39577], [-4.3671, 43.39261], [-4.36867, 43.3924], [-4.37095, 43.391], [-4.37018, 43.3904], [-4.37157, 43.38999], [-4.37156, 43.38838], [-4.37086, 43.38821], [-4.37025, 43.38732], [-4.36829, 43.38703], [-4.36598, 43.38588], [-4.36783, 43.38585], [-4.36865, 43.38625], [-4.36921, 43.38609], [-4.36893, 43.38547], [-4.37082, 43.38557], [-4.37118, 43.38642], [-4.37229, 43.38676], [-4.37255, 43.38786], [-4.37311, 43.38841], [-4.37278, 43.38915], [-4.373, 43.38952], [-4.37537, 43.39086], [-4.37765, 43.39019], [-4.3814, 43.3899], [-4.38192, 43.38953], [-4.38496, 43.39003], [-4.38545, 43.38969], [-4.38534, 43.38917], [-4.38838, 43.38881], [-4.38611, 43.38703], [-4.38609, 43.38641], [-4.38854, 43.38471], [-4.389, 43.38325], [-4.3904, 43.38226], [-4.38656, 43.38309], [-4.38552, 43.38241], [-4.38445, 43.38244], [-4.38441, 43.38157], [-4.38273, 43.38081], [-4.38042, 43.37892], [-4.38092, 43.37866], [-4.38099, 43.37809], [-4.37943, 43.37635], [-4.37707, 43.37562], [-4.3769, 43.37324], [-4.37571, 43.3711], [-4.37348, 43.36957], [-4.37142, 43.36999], [-4.37109, 43.36968], [-4.37201, 43.36897], [-4.37167, 43.3675], [-4.37347, 43.36761], [-4.37568, 43.36688], [-4.37612, 43.36553], [-4.376, 43.36447], [-4.37751, 43.363], [-4.37718, 43.36067], [-4.37803, 43.35633], [-4.38388, 43.35456], [-4.38413, 43.35343], [-4.38354, 43.35222], [-4.38391, 43.35189], [-4.38367, 43.35082], [-4.38029, 43.34931], [-4.37996, 43.34825], [-4.38203, 43.34701], [-4.38474, 43.34669]]], [[[-4.50621, 43.3949], [-4.50617, 43.39493], [-4.50615, 43.39488], [-4.50621, 43.3949]]], [[[-4.5007, 43.39622], [-4.50136, 43.39712], [-4.49942, 43.39724], [-4.49928, 43.39617], [-4.5007, 43.39622]]], [[[-4.49924, 43.39622], [-4.49923, 43.3962], [-4.49925, 43.39621], [-4.49924, 43.39622]]], [[[-4.49363, 43.39705], [-4.49363, 43.39704], [-4.49365, 43.39705], [-4.49363, 43.39705]]], [[[-4.48498, 43.39544], [-4.48494, 43.39549], [-4.48489, 43.39544], [-4.48498, 43.39544]]], [[[-4.48493, 43.3956], [-4.48488, 43.39563], [-4.48483, 43.39562], [-4.48493, 43.3956]]], [[[-4.48445, 43.39614], [-4.48423, 43.3962], [-4.4844, 43.3961], [-4.48445, 43.39614]]], [[[-4.48427, 43.39611], [-4.48377, 43.39626], [-4.48377, 43.39624], [-4.48427, 43.39611]]], [[[-4.48446, 43.39598], [-4.48285, 43.39632], [-4.48371, 43.39592], [-4.48276, 43.39616], [-4.48278, 43.39628], [-4.48249, 43.39628], [-4.48285, 43.39598], [-4.48215, 43.396], [-4.48292, 43.39587], [-4.48313, 43.39576], [-4.48218, 43.39584], [-4.48379, 43.39525], [-4.48474, 43.39533], [-4.48424, 43.39536], [-4.48476, 43.39546], [-4.48462, 43.39572], [-4.48387, 43.39582], [-4.48444, 43.3959], [-4.48446, 43.39598]]], [[[-4.43795, 43.39634], [-4.43753, 43.39606], [-4.43804, 43.39631], [-4.43795, 43.39634]]], [[[-4.45298, 43.39474], [-4.45285, 43.39478], [-4.45287, 43.39471], [-4.45298, 43.39474]]], [[[-4.46436, 43.39373], [-4.46423, 43.39397], [-4.46413, 43.39374], [-4.46436, 43.39373]]], [[[-4.46492, 43.39366], [-4.46463, 43.39382], [-4.46465, 43.39364], [-4.46492, 43.39366]]], [[[-4.46507, 43.39383], [-4.46497, 43.39381], [-4.46502, 43.39372], [-4.46507, 43.39383]]], [[[-4.47808, 43.39488], [-4.47803, 43.39495], [-4.47798, 43.39495], [-4.47808, 43.39488]]], [[[-4.47856, 43.39502], [-4.4785, 43.39503], [-4.47852, 43.395], [-4.47856, 43.39502]]], [[[-4.4786, 43.39487], [-4.47853, 43.39486], [-4.47863, 43.39481], [-4.4786, 43.39487]]], [[[-4.47876, 43.39499], [-4.47868, 43.39498], [-4.47872, 43.39495], [-4.47876, 43.39499]]], [[[-4.48064, 43.39485], [-4.48052, 43.39493], [-4.48055, 43.39481], [-4.48064, 43.39485]]], [[[-4.48202, 43.39601], [-4.482, 43.39604], [-4.48197, 43.39605], [-4.48202, 43.39601]]], [[[-4.48221, 43.39567], [-4.48214, 43.39565], [-4.48218, 43.39563], [-4.48221, 43.39567]]], [[[-4.48227, 43.39558], [-4.48237, 43.39564], [-4.48225, 43.39569], [-4.48227, 43.39558]]], [[[-4.48242, 43.39551], [-4.48237, 43.39552], [-4.48243, 43.39548], [-4.48242, 43.39551]]], [[[-4.48247, 43.39558], [-4.48256, 43.39552], [-4.48265, 43.39554], [-4.48247, 43.39558]]], [[[-4.48264, 43.39539], [-4.48255, 43.39548], [-4.48251, 43.39544], [-4.48264, 43.39539]]], [[[-4.48292, 43.39615], [-4.4828, 43.39618], [-4.4828, 43.39616], [-4.48292, 43.39615]]], [[[-4.4831, 43.39524], [-4.48311, 43.39527], [-4.48306, 43.39526], [-4.4831, 43.39524]]], [[[-4.48411, 43.39513], [-4.48404, 43.39515], [-4.48414, 43.39511], [-4.48411, 43.39513]]], [[[-4.48482, 43.39523], [-4.48456, 43.39521], [-4.48455, 43.39519], [-4.48482, 43.39523]]], [[[-4.48488, 43.39554], [-4.48478, 43.39557], [-4.48485, 43.39549], [-4.48488, 43.39554]]], [[[-4.4908, 43.39607], [-4.49074, 43.39609], [-4.49075, 43.39607], [-4.4908, 43.39607]]], [[[-4.49231, 43.39698], [-4.49229, 43.39695], [-4.49235, 43.39696], [-4.49231, 43.39698]]], [[[-4.4991, 43.396], [-4.49898, 43.39599], [-4.49911, 43.39599], [-4.4991, 43.396]]], [[[-4.49985, 43.39612], [-4.49963, 43.39615], [-4.4996, 43.39611], [-4.49985, 43.39612]]], [[[-4.49998, 43.39584], [-4.49994, 43.39583], [-4.49999, 43.39582], [-4.49998, 43.39584]]], [[[-4.5003, 43.39577], [-4.50026, 43.39576], [-4.5003, 43.39575], [-4.5003, 43.39577]]], [[[-4.50119, 43.39517], [-4.50134, 43.39521], [-4.50125, 43.39522], [-4.50119, 43.39517]]], [[[-4.50775, 43.39409], [-4.50764, 43.39411], [-4.50763, 43.3941], [-4.50775, 43.39409]]], [[[-4.50982, 43.39318], [-4.50975, 43.39323], [-4.50973, 43.3932], [-4.50982, 43.39318]]], [[[-4.5118, 43.39334], [-4.51174, 43.39334], [-4.51179, 43.39333], [-4.5118, 43.39334]]]]}, "properties": {"codigo": "ES1300003", "nombre": "Rias occidentales y Duna de Oyambre", "tipo": "ZEC", "ha": 1234.9}}, {"type": "Feature", "geometry": {"type": "MultiPolygon", "coordinates": [[[[-3.95838, 43.42803], [-3.96233, 43.43405], [-3.96223, 43.43548], [-3.96138, 43.43632], [-3.95927, 43.43714], [-3.95533, 43.43791], [-3.9537, 43.43951], [-3.95436, 43.4412], [-3.95732, 43.44359], [-3.95918, 43.44275], [-3.96073, 43.44096], [-3.96156, 43.44097], [-3.96078, 43.44039], [-3.96114, 43.43973], [-3.9637, 43.43857], [-3.96473, 43.43889], [-3.96686, 43.43798], [-3.9683, 43.43849], [-3.96958, 43.44003], [-3.9716, 43.43979], [-3.97234, 43.43804], [-3.97412, 43.43711], [-3.97442, 43.4362], [-3.97513, 43.43633], [-3.97763, 43.43564], [-3.97764, 43.43434], [-3.97897, 43.4335], [-3.9778, 43.43274], [-3.97865, 43.43242], [-3.98006, 43.43305], [-3.98051, 43.43378], [-3.98122, 43.43385], [-3.98048, 43.4327], [-3.98143, 43.43284], [-3.98215, 43.43244], [-3.9821, 43.43203], [-3.98119, 43.43188], [-3.98132, 43.43026], [-3.98088, 43.42935], [-3.98233, 43.43046], [-3.98361, 43.43027], [-3.98506, 43.43113], [-3.98648, 43.43134], [-3.98647, 43.43171], [-3.98792, 43.43249], [-3.98771, 43.43291], [-3.98829, 43.43273], [-3.99023, 43.43377], [-3.98821, 43.43491], [-3.98834, 43.43591], [-3.98756, 43.43741], [-3.98559, 43.43851], [-3.98442, 43.43984], [-3.9842, 43.4408], [-3.98308, 43.4413], [-3.98251, 43.44219], [-3.98261, 43.443], [-3.98353, 43.44292], [-3.98557, 43.44365], [-3.98507, 43.44627], [-3.98401, 43.4446], [-3.98395, 43.44385], [-3.98188, 43.44351], [-3.98218, 43.44181], [-3.98102, 43.4415], [-3.97505, 43.44562], [-3.96972, 43.44829], [-3.96771, 43.44974], [-3.96733, 43.45044], [-3.96574, 43.4509], [-3.96514, 43.4515], [-3.96518, 43.45226], [-3.96158, 43.45326], [-3.95777, 43.45526], [-3.95461, 43.45838], [-3.95447, 43.45903], [-3.95251, 43.46067], [-3.95199, 43.46163], [-3.95149, 43.46159], [-3.95164, 43.46208], [-3.95104, 43.46201], [-3.9513, 43.46217], [-3.95037, 43.46273], [-3.95141, 43.46318], [-3.95107, 43.46388], [-3.94943, 43.46441], [-3.94889, 43.46521], [-3.94645, 43.46672], [-3.94684, 43.46675], [-3.94507, 43.46875], [-3.94517, 43.46907], [-3.94614, 43.46942], [-3.94763, 43.46859], [-3.94813, 43.46868], [-3.94815, 43.46932], [-3.94732, 43.46968], [-3.94657, 43.46952], [-3.94682, 43.46988], [-3.94569, 43.47037], [-3.9447, 43.47023], [-3.94545, 43.47117], [-3.9446, 43.47119], [-3.94456, 43.47082], [-3.94344, 43.47056], [-3.94325, 43.47021], [-3.94371, 43.46986], [-3.94315, 43.46937], [-3.93629, 43.47005], [-3.93632, 43.46917], [-3.93596, 43.4686], [-3.93542, 43.46854], [-3.93552, 43.46824], [-3.93361, 43.4683], [-3.93327, 43.46785], [-3.93239, 43.46819], [-3.93285, 43.46827], [-3.93282, 43.46862], [-3.93043, 43.46952], [-3.93096, 43.47065], [-3.93262, 43.47084], [-3.93236, 43.47119], [-3.9308, 43.47148], [-3.92958, 43.47126], [-3.92967, 43.47099], [-3.92864, 43.4711], [-3.92906, 43.47115], [-3.92791, 43.47153], [-3.92796, 43.47185], [-3.92674, 43.4721], [-3.92644, 43.47176], [-3.92628, 43.47229], [-3.92291, 43.47339], [-3.92063, 43.47369], [-3.92077, 43.47316], [-3.91743, 43.47425], [-3.91779, 43.47446], [-3.91735, 43.47486], [-3.91469, 43.47581], [-3.91594, 43.47489], [-3.91509, 43.47374], [-3.91471, 43.47353], [-3.91172, 43.47427], [-3.91176, 43.47294], [-3.91097, 43.47273], [-3.90922, 43.4732], [-3.90829, 43.4747], [-3.9072, 43.47433], [-3.90539, 43.47498], [-3.90589, 43.47451], [-3.90397, 43.4743], [-3.89709, 43.47668], [-3.89549, 43.47683], [-3.89627, 43.47635], [-3.89294, 43.47712], [-3.89209, 43.47696], [-3.89162, 43.47626], [-3.89193, 43.47568], [-3.89145, 43.47563], [-3.89204, 43.4753], [-3.89104, 43.47528], [-3.89305, 43.47434], [-3.89256, 43.47343], [-3.89064, 43.47329], [-3.89148, 43.47273], [-3.89114, 43.47207], [-3.88901, 43.474], [-3.88487, 43.47623], [-3.88153, 43.47461], [-3.88259, 43.47475], [-3.88856, 43.47211], [-3.88941, 43.47275], [-3.89136, 43.47159], [-3.89235, 43.47171], [-3.89452, 43.47086], [-3.89487, 43.47016], [-3.89627, 43.46939], [-3.89658, 43.46966], [-3.89513, 43.47028], [-3.89521, 43.47087], [-3.89477, 43.47129], [-3.8916, 43.47243], [-3.89235, 43.47273], [-3.8916, 43.47326], [-3.89368, 43.4731], [-3.89466, 43.4742], [-3.89197, 43.47516], [-3.89259, 43.47534], [-3.89205, 43.4756], [-3.89194, 43.4763], [-3.89232, 43.47656], [-3.8938, 43.47672], [-3.90334, 43.47373], [-3.90667, 43.47406], [-3.91123, 43.47207], [-3.91217, 43.47242], [-3.91228, 43.47387], [-3.91459, 43.47313], [-3.91592, 43.47312], [-3.91686, 43.47362], [-3.91734, 43.47294], [-3.91864, 43.47252], [-3.9224, 43.47296], [-3.92393, 43.47225], [-3.92481, 43.47238], [-3.92555, 43.47144], [-3.92943, 43.47074], [-3.92922, 43.46949], [-3.93215, 43.46871], [-3.93218, 43.46793], [-3.93266, 43.46762], [-3.93459, 43.46798], [-3.93561, 43.46777], [-3.93699, 43.4683], [-3.93688, 43.46894], [-3.9375, 43.46958], [-3.94382, 43.46891], [-3.9454, 43.46777], [-3.94569, 43.46686], [-3.94737, 43.46547], [-3.94781, 43.46438], [-3.94952, 43.46355], [-3.94979, 43.46281], [-3.94847, 43.46236], [-3.95005, 43.46221], [-3.9508, 43.4615], [-3.95075, 43.46102], [-3.95394, 43.45849], [-3.95381, 43.45667], [-3.95197, 43.45635], [-3.95004, 43.45507], [-3.94804, 43.45442], [-3.94725, 43.4536], [-3.94647, 43.45352], [-3.94681, 43.45317], [-3.94629, 43.45263], [-3.94662, 43.4522], [-3.94616, 43.45064], [-3.94675, 43.44946], [-3.94624, 43.44821], [-3.94699, 43.44797], [-3.94849, 43.44843], [-3.94943, 43.44778], [-3.94959, 43.44747], [-3.94832, 43.44695], [-3.94823, 43.44655], [-3.94915, 43.44504], [-3.94975, 43.44507], [-3.95007, 43.44625], [-3.95102, 43.44638], [-3.95091, 43.44669], [-3.95416, 43.44628], [-3.95472, 43.44557], [-3.95459, 43.445], [-3.95364, 43.44424], [-3.952, 43.44378], [-3.95334, 43.44338], [-3.95238, 43.4407], [-3.95121, 43.44001], [-3.95181, 43.43819], [-3.95089, 43.43686], [-3.95176, 43.43692], [-3.95301, 43.43615], [-3.95451, 43.43587], [-3.95841, 43.43624], [-3.96003, 43.43577], [-3.96029, 43.43406], [-3.95739, 43.42837], [-3.95838, 43.42803]]], [[[-3.91001, 43.47527], [-3.90996, 43.47553], [-3.91045, 43.47539], [-3.909, 43.47731], [-3.90832, 43.4773], [-3.90848, 43.477], [-3.90626, 43.47774], [-3.90717, 43.47678], [-3.90763, 43.47683], [-3.90857, 43.47562], [-3.91001, 43.47527]]], [[[-3.92583, 43.47433], [-3.92564, 43.47407], [-3.92621, 43.47385], [-3.92657, 43.4741], [-3.92583, 43.47433]]], [[[-3.93269, 43.47313], [-3.93236, 43.47339], [-3.93187, 43.47331], [-3.93221, 43.47293], [-3.93269, 43.47313]]], [[[-3.934, 43.47329], [-3.93287, 43.47309], [-3.93291, 43.47275], [-3.93386, 43.47292], [-3.934, 43.47329]]], [[[-3.94323, 43.47085], [-3.94202, 43.47059], [-3.94198, 43.47048], [-3.94309, 43.47056], [-3.94323, 43.47085]]]]}, "properties": {"codigo": "ES1300004", "nombre": "Dunas de Liencres y Estuario del Pas", "tipo": "ZEC", "ha": 501.2}}, {"type": "Feature", "geometry": {"type": "MultiPolygon", "coordinates": [[[[-3.71851, 43.42914], [-3.72078, 43.43097], [-3.72049, 43.43286], [-3.72159, 43.43481], [-3.72186, 43.43735], [-3.7224, 43.43853], [-3.7252, 43.44125], [-3.72723, 43.4425], [-3.72795, 43.44245], [-3.73516, 43.43593], [-3.73645, 43.43088], [-3.7437, 43.43144], [-3.74407, 43.43033], [-3.74447, 43.43027], [-3.74527, 43.43102], [-3.74519, 43.4316], [-3.74607, 43.43188], [-3.75207, 43.42992], [-3.75308, 43.42994], [-3.75377, 43.43054], [-3.75388, 43.43118], [-3.75515, 43.43157], [-3.75628, 43.43132], [-3.75724, 43.43041], [-3.76265, 43.43426], [-3.76194, 43.43531], [-3.7621, 43.43582], [-3.76151, 43.43632], [-3.76186, 43.437], [-3.76145, 43.4373], [-3.76144, 43.43819], [-3.75923, 43.43936], [-3.75877, 43.44007], [-3.75716, 43.43983], [-3.75596, 43.44028], [-3.75481, 43.44169], [-3.75451, 43.4431], [-3.75488, 43.44336], [-3.7544, 43.44403], [-3.75474, 43.44475], [-3.75579, 43.44508], [-3.75603, 43.44571], [-3.75544, 43.44628], [-3.75542, 43.44724], [-3.75574, 43.44782], [-3.75702, 43.44782], [-3.74604, 43.45121], [-3.74625, 43.45188], [-3.74579, 43.45115], [-3.74461, 43.45093], [-3.74456, 43.44935], [-3.74405, 43.44847], [-3.74453, 43.44686], [-3.74431, 43.44655], [-3.74597, 43.44605], [-3.74604, 43.44406], [-3.74809, 43.44168], [-3.74789, 43.44073], [-3.74837, 43.43983], [-3.7515, 43.43621], [-3.75228, 43.43634], [-3.75224, 43.43571], [-3.74432, 43.43561], [-3.74204, 43.43346], [-3.73907, 43.43278], [-3.73748, 43.43424], [-3.73701, 43.43649], [-3.73248, 43.44022], [-3.73305, 43.44053], [-3.73205, 43.44058], [-3.72848, 43.44338], [-3.72621, 43.44343], [-3.72155, 43.43916], [-3.72109, 43.43792], [-3.72111, 43.43534], [-3.71969, 43.43306], [-3.71958, 43.43215], [-3.72008, 43.43105], [-3.71765, 43.42951], [-3.71851, 43.42914]]], [[[-3.75599, 43.44815], [-3.75601, 43.44815], [-3.75592, 43.44817], [-3.75599, 43.44815]]], [[[-3.75602, 43.44815], [-3.75665, 43.44799], [-3.75698, 43.44796], [-3.75602, 43.44815]]], [[[-3.75702, 43.44795], [-3.75791, 43.448], [-3.75844, 43.44811], [-3.75763, 43.44799], [-3.75702, 43.44795]]], [[[-3.7642, 43.44731], [-3.76539, 43.44714], [-3.76574, 43.44712], [-3.76611, 43.44723], [-3.7642, 43.44731]]], [[[-3.76832, 43.4487], [-3.76919, 43.44905], [-3.76923, 43.449], [-3.7695, 43.4491], [-3.76919, 43.44907], [-3.76832, 43.4487]]], [[[-3.77226, 43.44887], [-3.7725, 43.44889], [-3.77285, 43.44886], [-3.77246, 43.4489], [-3.77226, 43.44887]]], [[[-3.7743, 43.44847], [-3.77303, 43.44857], [-3.7734, 43.44843], [-3.77408, 43.44842], [-3.77438, 43.44848], [-3.77514, 43.4487], [-3.77548, 43.44887], [-3.77573, 43.44905], [-3.77608, 43.44941], [-3.7743, 43.44847]]], [[[-3.72618, 43.47044], [-3.72645, 43.4697], [-3.72582, 43.46965], [-3.72591, 43.469], [-3.725, 43.46863], [-3.72589, 43.46712], [-3.72523, 43.46727], [-3.7242, 43.46653], [-3.72508, 43.46552], [-3.72439, 43.46447], [-3.72549, 43.46364], [-3.72483, 43.46247], [-3.72573, 43.46121], [-3.7252, 43.45908], [-3.72455, 43.45859], [-3.72497, 43.45787], [-3.72683, 43.45908], [-3.72816, 43.45845], [-3.72992, 43.45859], [-3.73219, 43.45819], [-3.73281, 43.45748], [-3.73471, 43.45768], [-3.73738, 43.45731], [-3.73913, 43.45652], [-3.74174, 43.45668], [-3.74182, 43.45698], [-3.7443, 43.45653], [-3.74736, 43.45429], [-3.74641, 43.4521], [-3.74763, 43.45168], [-3.74677, 43.45187], [-3.74667, 43.45176], [-3.75053, 43.45055], [-3.7513, 43.45048], [-3.75198, 43.45131], [-3.751, 43.45159], [-3.75007, 43.45122], [-3.75121, 43.45111], [-3.75098, 43.45068], [-3.74927, 43.45107], [-3.7482, 43.45163], [-3.74917, 43.45158], [-3.7493, 43.45207], [-3.7498, 43.45219], [-3.74772, 43.4526], [-3.75087, 43.45401], [-3.75183, 43.45409], [-3.75221, 43.45376], [-3.75206, 43.45339], [-3.75301, 43.45304], [-3.7545, 43.4539], [-3.75861, 43.45434], [-3.76341, 43.45571], [-3.7655, 43.45587], [-3.76947, 43.45744], [-3.77387, 43.45796], [-3.77554, 43.45698], [-3.77641, 43.45693], [-3.77763, 43.45756], [-3.77721, 43.45821], [-3.77603, 43.45868], [-3.77063, 43.45872], [-3.76317, 43.45682], [-3.75902, 43.45616], [-3.75471, 43.45599], [-3.74676, 43.45657], [-3.73539, 43.4583], [-3.73135, 43.45979], [-3.72788, 43.46229], [-3.72613, 43.46497], [-3.7266, 43.46737], [-3.72581, 43.46828], [-3.72698, 43.47015], [-3.72618, 43.47044]]], [[[-3.72872, 43.4764], [-3.72866, 43.47628], [-3.72876, 43.47628], [-3.72872, 43.4764]]], [[[-3.72839, 43.47623], [-3.72836, 43.47619], [-3.72844, 43.47617], [-3.72839, 43.47623]]], [[[-3.72907, 43.47013], [-3.73078, 43.46996], [-3.73185, 43.47275], [-3.73108, 43.47369], [-3.73162, 43.47371], [-3.73085, 43.47484], [-3.73096, 43.47525], [-3.73044, 43.47558], [-3.7307, 43.47586], [-3.72916, 43.47672], [-3.7293, 43.47638], [-3.72833, 43.47609], [-3.72861, 43.47516], [-3.72814, 43.47534], [-3.72772, 43.47444], [-3.728, 43.47418], [-3.72769, 43.47416], [-3.72775, 43.47354], [-3.72899, 43.47219], [-3.72845, 43.47223], [-3.72875, 43.47171], [-3.72857, 43.4715], [-3.72822, 43.47151], [-3.72854, 43.47138], [-3.72852, 43.4713], [-3.72734, 43.47152], [-3.72773, 43.47083], [-3.72907, 43.47013]]], [[[-3.72747, 43.47429], [-3.72748, 43.4747], [-3.72738, 43.4743], [-3.72747, 43.47429]]], [[[-3.72851, 43.47158], [-3.7284, 43.47174], [-3.7282, 43.47174], [-3.72851, 43.47158]]], [[[-3.72838, 43.4714], [-3.72832, 43.47145], [-3.7283, 43.47145], [-3.72838, 43.4714]]], [[[-3.7286, 43.47649], [-3.72858, 43.47645], [-3.72866, 43.47645], [-3.7286, 43.47649]]], [[[-3.72982, 43.47653], [-3.72978, 43.47649], [-3.72987, 43.4765], [-3.72982, 43.47653]]], [[[-3.73112, 43.47017], [-3.73112, 43.47035], [-3.73104, 43.47038], [-3.73112, 43.47017]]], [[[-3.73155, 43.47153], [-3.73153, 43.4716], [-3.73149, 43.47159], [-3.73155, 43.47153]]], [[[-3.73158, 43.47146], [-3.73157, 43.4715], [-3.73155, 43.47147], [-3.73158, 43.47146]]], [[[-3.73159, 43.47425], [-3.73162, 43.47425], [-3.73163, 43.47431], [-3.73159, 43.47425]]], [[[-3.73173, 43.4719], [-3.73165, 43.47194], [-3.73164, 43.47194], [-3.73173, 43.4719]]], [[[-3.73186, 43.47222], [-3.73182, 43.47228], [-3.73178, 43.47227], [-3.73186, 43.47222]]]]}, "properties": {"codigo": "ES1300005", "nombre": "Dunas del Puntal y Estuario del Miera", "tipo": "ZEC", "ha": 352.5}}, {"type": "Feature", "geometry": {"type": "MultiPolygon", "coordinates": [[[[-3.58574, 43.46565], [-3.58659, 43.46561], [-3.58683, 43.46751], [-3.58731, 43.4678], [-3.58687, 43.46776], [-3.58726, 43.46824], [-3.58697, 43.46829], [-3.5874, 43.46891], [-3.58714, 43.46891], [-3.58725, 43.46958], [-3.58777, 43.46978], [-3.5872, 43.46999], [-3.587, 43.47152], [-3.58787, 43.4724], [-3.58787, 43.47327], [-3.58882, 43.47365], [-3.58835, 43.47352], [-3.58822, 43.47437], [-3.58764, 43.47469], [-3.58775, 43.47573], [-3.5855, 43.4772], [-3.58657, 43.47781], [-3.5903, 43.47658], [-3.58916, 43.4773], [-3.58905, 43.47784], [-3.58985, 43.47816], [-3.59025, 43.47888], [-3.59247, 43.47962], [-3.59039, 43.48015], [-3.59006, 43.48089], [-3.59238, 43.4809], [-3.59379, 43.48146], [-3.59631, 43.48446], [-3.5982, 43.48418], [-3.5956, 43.48474], [-3.59474, 43.48591], [-3.59246, 43.48678], [-3.59251, 43.48781], [-3.59182, 43.48941], [-3.59349, 43.48953], [-3.59341, 43.48987], [-3.59212, 43.49182], [-3.5894, 43.49334], [-3.58827, 43.49457], [-3.58812, 43.49522], [-3.58954, 43.49584], [-3.58951, 43.49646], [-3.58881, 43.49703], [-3.58889, 43.49774], [-3.59049, 43.49999], [-3.59006, 43.50073], [-3.58902, 43.50099], [-3.5895, 43.5018], [-3.58938, 43.50239], [-3.58488, 43.50467], [-3.58371, 43.50425], [-3.58191, 43.50493], [-3.58136, 43.50569], [-3.58187, 43.50585], [-3.58123, 43.50673], [-3.5811, 43.5083], [-3.58185, 43.50892], [-3.58313, 43.50844], [-3.58472, 43.50922], [-3.58478, 43.51029], [-3.58379, 43.51115], [-3.58555, 43.51118], [-3.58834, 43.51194], [-3.58933, 43.51199], [-3.59218, 43.51006], [-3.59743, 43.50959], [-3.60038, 43.50775], [-3.60184, 43.50779], [-3.60322, 43.50668], [-3.60402, 43.50444], [-3.60495, 43.50415], [-3.60569, 43.50312], [-3.60788, 43.50159], [-3.60938, 43.50158], [-3.60983, 43.50123], [-3.61022, 43.50066], [-3.61006, 43.49969], [-3.61076, 43.49965], [-3.61157, 43.49774], [-3.61223, 43.49759], [-3.61259, 43.49661], [-3.61353, 43.49566], [-3.61378, 43.49579], [-3.61265, 43.49679], [-3.61257, 43.49762], [-3.6118, 43.49785], [-3.61158, 43.49933], [-3.61114, 43.49993], [-3.61062, 43.49996], [-3.61063, 43.50116], [-3.60818, 43.50373], [-3.60794, 43.50346], [-3.6071, 43.50385], [-3.60438, 43.50804], [-3.60249, 43.5093], [-3.60136, 43.50937], [-3.60074, 43.51004], [-3.59998, 43.50965], [-3.59859, 43.51025], [-3.59888, 43.51149], [-3.59834, 43.51139], [-3.59673, 43.51271], [-3.59392, 43.51229], [-3.593, 43.51296], [-3.5918, 43.51294], [-3.59055, 43.51368], [-3.58708, 43.51337], [-3.58647, 43.51271], [-3.58488, 43.51216], [-3.58253, 43.51278], [-3.58179, 43.51264], [-3.58191, 43.51218], [-3.58031, 43.51239], [-3.58298, 43.51013], [-3.58194, 43.51], [-3.58195, 43.50921], [-3.58066, 43.50809], [-3.58098, 43.50672], [-3.5814, 43.50631], [-3.58115, 43.50565], [-3.58142, 43.5056], [-3.58132, 43.50503], [-3.58047, 43.50454], [-3.57849, 43.50475], [-3.57702, 43.50559], [-3.57667, 43.50644], [-3.5756, 43.50663], [-3.57567, 43.50704], [-3.57259, 43.50721], [-3.57032, 43.5085], [-3.57055, 43.5073], [-3.56992, 43.5067], [-3.57071, 43.50683], [-3.57165, 43.50605], [-3.57557, 43.5054], [-3.57487, 43.50454], [-3.57485, 43.50366], [-3.57615, 43.50359], [-3.57813, 43.5023], [-3.57853, 43.50272], [-3.57821, 43.50314], [-3.57871, 43.50339], [-3.57921, 43.50266], [-3.58087, 43.50295], [-3.58279, 43.50204], [-3.58126, 43.50222], [-3.58048, 43.50182], [-3.58092, 43.50109], [-3.58019, 43.50015], [-3.57865, 43.50011], [-3.57786, 43.50114], [-3.57701, 43.50083], [-3.57625, 43.49863], [-3.57729, 43.49842], [-3.57822, 43.49718], [-3.57638, 43.49667], [-3.57714, 43.49644], [-3.57664, 43.49627], [-3.57684, 43.4956], [-3.57655, 43.49548], [-3.57808, 43.49491], [-3.57837, 43.49524], [-3.58097, 43.49514], [-3.58252, 43.4956], [-3.5819, 43.49699], [-3.58333, 43.49696], [-3.58305, 43.4959], [-3.58354, 43.49486], [-3.58561, 43.49409], [-3.58583, 43.49359], [-3.58531, 43.49354], [-3.58528, 43.49269], [-3.58559, 43.49234], [-3.5863, 43.49259], [-3.58697, 43.49192], [-3.58656, 43.49034], [-3.58717, 43.48974], [-3.58706, 43.48902], [-3.58618, 43.48842], [-3.58633, 43.48799], [-3.58538, 43.48717], [-3.58768, 43.48729], [-3.58826, 43.48786], [-3.58878, 43.48778], [-3.58952, 43.48736], [-3.59029, 43.48589], [-3.59206, 43.48511], [-3.5922, 43.48452], [-3.59277, 43.48462], [-3.59174, 43.48433], [-3.58998, 43.48294], [-3.58925, 43.48435], [-3.58761, 43.48448], [-3.58679, 43.4834], [-3.58617, 43.4812], [-3.58617, 43.48046], [-3.58663, 43.47997], [-3.58422, 43.47907], [-3.58298, 43.47767], [-3.5857, 43.47457], [-3.58606, 43.47304], [-3.58567, 43.47255], [-3.58668, 43.47214], [-3.58574, 43.46565]]], [[[-3.61385, 43.49583], [-3.61416, 43.49611], [-3.61446, 43.49412], [-3.61532, 43.4943], [-3.61595, 43.49543], [-3.61604, 43.49682], [-3.61831, 43.49663], [-3.61974, 43.49571], [-3.62084, 43.49552], [-3.62136, 43.49702], [-3.62236, 43.49809], [-3.62371, 43.49727], [-3.62546, 43.49699], [-3.62645, 43.49595], [-3.6301, 43.4955], [-3.6379, 43.49267], [-3.63992, 43.4914], [-3.64214, 43.49645], [-3.64206, 43.49716], [-3.64274, 43.49821], [-3.64408, 43.49806], [-3.64565, 43.49604], [-3.6477, 43.49546], [-3.64817, 43.49514], [-3.64795, 43.49494], [-3.64979, 43.49454], [-3.65101, 43.4933], [-3.65245, 43.49297], [-3.65352, 43.49342], [-3.65398, 43.49306], [-3.65454, 43.49162], [-3.65672, 43.4895], [-3.658, 43.48886], [-3.65787, 43.48779], [-3.65878, 43.48735], [-3.65807, 43.48667], [-3.65875, 43.48618], [-3.65899, 43.4864], [-3.65874, 43.48701], [-3.66015, 43.48697], [-3.66075, 43.48676], [-3.66053, 43.4863], [-3.66211, 43.48625], [-3.66214, 43.48584], [-3.66593, 43.48518], [-3.6677, 43.48348], [-3.67016, 43.48465], [-3.67081, 43.48535], [-3.67305, 43.48465], [-3.6728, 43.48386], [-3.67353, 43.48391], [-3.67422, 43.48311], [-3.67406, 43.48117], [-3.67333, 43.48068], [-3.67094, 43.48091], [-3.66922, 43.48036], [-3.66773, 43.47852], [-3.66899, 43.4776], [-3.66934, 43.47781], [-3.66906, 43.47803], [-3.67207, 43.47949], [-3.67287, 43.47859], [-3.67365, 43.47844], [-3.67494, 43.47902], [-3.67582, 43.47893], [-3.67689, 43.48002], [-3.67737, 43.47991], [-3.67713, 43.47899], [-3.67822, 43.47925], [-3.6788, 43.47996], [-3.67995, 43.4787], [-3.67967, 43.47819], [-3.68053, 43.47764], [-3.68168, 43.47734], [-3.68334, 43.47803], [-3.68431, 43.47776], [-3.68413, 43.47734], [-3.68451, 43.47678], [-3.68631, 43.47497], [-3.68966, 43.47433], [-3.69175, 43.47449], [-3.69421, 43.47638], [-3.69525, 43.47644], [-3.69648, 43.47738], [-3.69591, 43.47913], [-3.69474, 43.48004], [-3.69444, 43.47933], [-3.6953, 43.47871], [-3.69598, 43.47735], [-3.69512, 43.47679], [-3.69417, 43.47679], [-3.69166, 43.47498], [-3.68827, 43.4749], [-3.68625, 43.47562], [-3.68477, 43.47778], [-3.68385, 43.47826], [-3.68199, 43.47779], [-3.68067, 43.47802], [-3.67898, 43.48102], [-3.67716, 43.48058], [-3.6757, 43.47929], [-3.67342, 43.47906], [-3.67224, 43.47975], [-3.67016, 43.4793], [-3.67169, 43.48035], [-3.6739, 43.47976], [-3.67432, 43.48013], [-3.674, 43.48049], [-3.67529, 43.4807], [-3.67518, 43.48116], [-3.67654, 43.48186], [-3.67648, 43.48222], [-3.67584, 43.482], [-3.67525, 43.48346], [-3.67455, 43.48343], [-3.67336, 43.48526], [-3.67018, 43.48565], [-3.67006, 43.48664], [-3.66959, 43.48608], [-3.66911, 43.48616], [-3.66822, 43.48681], [-3.6661, 43.48738], [-3.66469, 43.48883], [-3.66337, 43.48886], [-3.66097, 43.49049], [-3.65822, 43.49009], [-3.65671, 43.49052], [-3.6553, 43.49194], [-3.65577, 43.49246], [-3.65484, 43.49224], [-3.65434, 43.49352], [-3.6536, 43.49355], [-3.65227, 43.49325], [-3.65127, 43.49351], [-3.6505, 43.49427], [-3.65078, 43.49486], [-3.64949, 43.49484], [-3.64861, 43.49578], [-3.64837, 43.49553], [-3.64602, 43.49624], [-3.64464, 43.49808], [-3.64483, 43.4987], [-3.64346, 43.49854], [-3.6433, 43.49822], [-3.64309, 43.49851], [-3.64213, 43.49775], [-3.64107, 43.49807], [-3.63772, 43.49792], [-3.63382, 43.49651], [-3.63147, 43.49736], [-3.63123, 43.4969], [-3.63022, 43.4966], [-3.6292, 43.49718], [-3.62703, 43.49691], [-3.62583, 43.49807], [-3.62389, 43.49786], [-3.62315, 43.49841], [-3.62236, 43.49992], [-3.62154, 43.49795], [-3.61872, 43.49753], [-3.61722, 43.499], [-3.6174, 43.49937], [-3.61705, 43.49919], [-3.61683, 43.49994], [-3.61649, 43.49974], [-3.61672, 43.50041], [-3.61601, 43.50092], [-3.6148, 43.49997], [-3.6145, 43.49918], [-3.61578, 43.49686], [-3.61477, 43.49589], [-3.61412, 43.49613], [-3.61385, 43.49583]]]]}, "properties": {"codigo": "ES1300006", "nombre": "Costa central y Ría de Ajo", "tipo": "ZEC", "ha": 406.2}}, {"type": "Feature", "geometry": {"type": "MultiPolygon", "coordinates": [[[[-3.53079, 43.49291], [-3.53119, 43.49305], [-3.53106, 43.49318], [-3.53079, 43.49291]]], [[[-3.52381, 43.49487], [-3.52342, 43.49557], [-3.52269, 43.49534], [-3.52323, 43.49463], [-3.52381, 43.49487]]], [[[-3.52926, 43.49626], [-3.52901, 43.49651], [-3.52863, 43.49624], [-3.52816, 43.49686], [-3.52676, 43.49615], [-3.52719, 43.49623], [-3.52716, 43.49559], [-3.52772, 43.49523], [-3.52926, 43.49626]]], [[[-3.52473, 43.49663], [-3.52532, 43.49677], [-3.52496, 43.49693], [-3.52473, 43.49663]]], [[[-3.42653, 43.34837], [-3.43044, 43.34901], [-3.43303, 43.34897], [-3.43517, 43.3498], [-3.43128, 43.3559], [-3.43245, 43.35778], [-3.43359, 43.36096], [-3.43592, 43.36251], [-3.43636, 43.36342], [-3.43605, 43.3642], [-3.4366, 43.3647], [-3.4372, 43.36712], [-3.43852, 43.36889], [-3.43661, 43.37075], [-3.43668, 43.37215], [-3.4356, 43.37371], [-3.43563, 43.37607], [-3.43814, 43.37716], [-3.43799, 43.37737], [-3.4416, 43.37878], [-3.44228, 43.37869], [-3.44291, 43.37924], [-3.44308, 43.38007], [-3.45119, 43.38454], [-3.45121, 43.38264], [-3.45166, 43.38165], [-3.45063, 43.38143], [-3.45007, 43.38071], [-3.4503, 43.37843], [-3.44964, 43.37856], [-3.45085, 43.37781], [-3.45333, 43.37735], [-3.45146, 43.37898], [-3.45124, 43.37968], [-3.45202, 43.37987], [-3.45182, 43.38009], [-3.45297, 43.38128], [-3.45304, 43.38252], [-3.45245, 43.38331], [-3.45369, 43.38532], [-3.45469, 43.38598], [-3.45806, 43.38458], [-3.45807, 43.38287], [-3.46044, 43.382], [-3.46031, 43.38094], [-3.46075, 43.38071], [-3.46141, 43.38227], [-3.46238, 43.38206], [-3.46517, 43.38419], [-3.46563, 43.38198], [-3.46505, 43.37878], [-3.46541, 43.37785], [-3.46394, 43.37637], [-3.46439, 43.37594], [-3.46393, 43.37529], [-3.4653, 43.3748], [-3.46518, 43.37389], [-3.46678, 43.37349], [-3.46733, 43.3741], [-3.46874, 43.37408], [-3.47249, 43.37177], [-3.47479, 43.37133], [-3.47729, 43.36938], [-3.48105, 43.36982], [-3.48319, 43.36932], [-3.48314, 43.36961], [-3.48421, 43.36954], [-3.48487, 43.36901], [-3.48632, 43.36933], [-3.48903, 43.36875], [-3.48984, 43.36929], [-3.49103, 43.36914], [-3.49156, 43.36966], [-3.49604, 43.3691], [-3.49551, 43.36698], [-3.49684, 43.36644], [-3.49651, 43.36588], [-3.49705, 43.36565], [-3.49787, 43.36418], [-3.49803, 43.36283], [-3.49867, 43.3623], [-3.49761, 43.36185], [-3.49717, 43.36121], [-3.49664, 43.36127], [-3.49725, 43.36114], [-3.49769, 43.36178], [-3.49879, 43.36225], [-3.50134, 43.36208], [-3.50229, 43.36155], [-3.50296, 43.36176], [-3.50363, 43.36141], [-3.50463, 43.35978], [-3.50579, 43.35922], [-3.50475, 43.35991], [-3.50385, 43.36144], [-3.50328, 43.36185], [-3.49916, 43.36234], [-3.49829, 43.3628], [-3.49798, 43.36454], [-3.49836, 43.36539], [-3.49823, 43.36637], [-3.49586, 43.36715], [-3.49675, 43.3692], [-3.4939, 43.37014], [-3.49244, 43.3718], [-3.49127, 43.37207], [-3.49099, 43.37242], [-3.49142, 43.37327], [-3.49017, 43.37235], [-3.48922, 43.37258], [-3.48696, 43.37214], [-3.48549, 43.37261], [-3.48354, 43.3718], [-3.48016, 43.37129], [-3.47801, 43.37181], [-3.47786, 43.37271], [-3.47944, 43.37367], [-3.47975, 43.37348], [-3.48138, 43.37337], [-3.47807, 43.3742], [-3.4773, 43.37555], [-3.47768, 43.37661], [-3.47836, 43.37688], [-3.47966, 43.37788], [-3.48094, 43.37834], [-3.48029, 43.37881], [-3.48081, 43.3792], [-3.48051, 43.37966], [-3.48155, 43.38055], [-3.48032, 43.37965], [-3.4807, 43.37931], [-3.48009, 43.3788], [-3.48076, 43.37838], [-3.47951, 43.37804], [-3.47745, 43.37663], [-3.47708, 43.37568], [-3.47758, 43.37439], [-3.47698, 43.37391], [-3.47261, 43.37355], [-3.47081, 43.37394], [-3.46901, 43.37528], [-3.46933, 43.37598], [-3.468, 43.37663], [-3.46838, 43.37748], [-3.46768, 43.38013], [-3.46798, 43.38101], [-3.46907, 43.38075], [-3.47307, 43.38166], [-3.47241, 43.38247], [-3.4706, 43.38179], [-3.47054, 43.38117], [-3.46899, 43.38109], [-3.46791, 43.38156], [-3.46785, 43.38293], [-3.46837, 43.38331], [-3.47016, 43.38305], [-3.47071, 43.38239], [-3.47127, 43.38261], [-3.46903, 43.38368], [-3.46786, 43.38343], [-3.46765, 43.38502], [-3.46693, 43.38595], [-3.4681, 43.38757], [-3.46943, 43.3885], [-3.46839, 43.3897], [-3.46723, 43.38963], [-3.46674, 43.39074], [-3.46615, 43.39107], [-3.46637, 43.39185], [-3.466, 43.39294], [-3.46668, 43.39612], [-3.46645, 43.39813], [-3.46711, 43.40001], [-3.46749, 43.39999], [-3.46745, 43.39956], [-3.4685, 43.39956], [-3.46886, 43.40029], [-3.47036, 43.4003], [-3.47179, 43.39955], [-3.47198, 43.40024], [-3.47197, 43.39946], [-3.47255, 43.39989], [-3.47337, 43.39971], [-3.47345, 43.39919], [-3.47263, 43.39842], [-3.47265, 43.39741], [-3.47196, 43.39661], [-3.47192, 43.39644], [-3.47204, 43.39605], [-3.47317, 43.39519], [-3.472, 43.39644], [-3.47272, 43.39741], [-3.47269, 43.39838], [-3.47352, 43.39917], [-3.47352, 43.39954], [-3.47424, 43.39964], [-3.47531, 43.40089], [-3.47678, 43.4013], [-3.47741, 43.40314], [-3.4773, 43.40395], [-3.47568, 43.40426], [-3.47671, 43.4045], [-3.47691, 43.40485], [-3.47699, 43.40508], [-3.47668, 43.40456], [-3.47572, 43.40445], [-3.47545, 43.40405], [-3.47713, 43.40349], [-3.47664, 43.40151], [-3.47399, 43.40063], [-3.47403, 43.39976], [-3.47351, 43.39964], [-3.47251, 43.40055], [-3.472, 43.40033], [-3.47871, 43.41273], [-3.47789, 43.4131], [-3.47781, 43.41349], [-3.47687, 43.41334], [-3.47683, 43.41395], [-3.47842, 43.41572], [-3.47799, 43.41593], [-3.47819, 43.41631], [-3.47878, 43.41617], [-3.47943, 43.41723], [-3.47905, 43.41738], [-3.47945, 43.41808], [-3.48022, 43.41834], [-3.48048, 43.41962], [-3.48165, 43.42125], [-3.48357, 43.42228], [-3.48265, 43.42365], [-3.48487, 43.42482], [-3.48647, 43.42319], [-3.4885, 43.42231], [-3.48866, 43.42163], [-3.4876, 43.42063], [-3.48829, 43.4204], [-3.48765, 43.41673], [-3.4891, 43.41644], [-3.49206, 43.41813], [-3.49449, 43.41819], [-3.49355, 43.41849], [-3.49312, 43.41966], [-3.4913, 43.41959], [-3.49162, 43.42313], [-3.49256, 43.42273], [-3.49221, 43.42143], [-3.49286, 43.42101], [-3.49324, 43.41994], [-3.49517, 43.42006], [-3.49624, 43.42052], [-3.49345, 43.42024], [-3.49261, 43.42153], [-3.49327, 43.42208], [-3.49322, 43.42282], [-3.49452, 43.42374], [-3.49759, 43.42479], [-3.50049, 43.42676], [-3.50254, 43.42946], [-3.50344, 43.42966], [-3.50392, 43.4293], [-3.50505, 43.42391], [-3.51121, 43.42546], [-3.51263, 43.42395], [-3.51221, 43.42345], [-3.51258, 43.42293], [-3.51189, 43.42212], [-3.51253, 43.42177], [-3.51255, 43.42118], [-3.5119, 43.42039], [-3.51163, 43.41968], [-3.51215, 43.42017], [-3.51254, 43.41978], [-3.5128, 43.42032], [-3.514, 43.41965], [-3.51254, 43.42188], [-3.51425, 43.42318], [-3.51358, 43.42444], [-3.51382, 43.42493], [-3.51696, 43.42321], [-3.51934, 43.424], [-3.5205, 43.42391], [-3.52062, 43.42459], [-3.52168, 43.42373], [-3.52123, 43.42479], [-3.52003, 43.4252], [-3.51811, 43.42443], [-3.51575, 43.42491], [-3.51625, 43.42517], [-3.51667, 43.42567], [-3.52199, 43.42779], [-3.52227, 43.42738], [-3.52305, 43.42714], [-3.52378, 43.42626], [-3.52364, 43.42672], [-3.52274, 43.42735], [-3.52305, 43.42761], [-3.52303, 43.42786], [-3.52479, 43.42765], [-3.52525, 43.42792], [-3.52301, 43.42795], [-3.52289, 43.42862], [-3.52345, 43.42852], [-3.52521, 43.42932], [-3.52671, 43.42917], [-3.52764, 43.42939], [-3.52876, 43.43009], [-3.52896, 43.43085], [-3.53028, 43.43126], [-3.5325, 43.43247], [-3.53666, 43.43283], [-3.5375, 43.4333], [-3.54003, 43.43387], [-3.54046, 43.4341], [-3.53745, 43.43338], [-3.53662, 43.43291], [-3.53245, 43.43255], [-3.52887, 43.43092], [-3.52866, 43.43014], [-3.52756, 43.42946], [-3.52518, 43.42941], [-3.52341, 43.4286], [-3.5229, 43.42873], [-3.52266, 43.42743], [-3.52205, 43.42787], [-3.5217, 43.42782], [-3.51656, 43.42573], [-3.51563, 43.42497], [-3.51502, 43.42691], [-3.51318, 43.42743], [-3.51354, 43.42926], [-3.51457, 43.42897], [-3.51543, 43.4298], [-3.51372, 43.43091], [-3.51344, 43.43165], [-3.51391, 43.43411], [-3.51454, 43.43451], [-3.51405, 43.43455], [-3.51304, 43.43376], [-3.51225, 43.43427], [-3.51104, 43.43426], [-3.51086, 43.43459], [-3.51127, 43.43511], [-3.51095, 43.43526], [-3.51192, 43.43634], [-3.50954, 43.43645], [-3.50884, 43.43824], [-3.50802, 43.43763], [-3.5084, 43.43728], [-3.50813, 43.43676], [-3.50704, 43.43632], [-3.50669, 43.43659], [-3.50545, 43.43565], [-3.50213, 43.43446], [-3.50049, 43.43333], [-3.50047, 43.43297], [-3.5017, 43.43201], [-3.50093, 43.43122], [-3.5012, 43.43015], [-3.50083, 43.42953], [-3.49641, 43.4288], [-3.49281, 43.42957], [-3.49261, 43.42922], [-3.49252, 43.42961], [-3.49169, 43.4289], [-3.49092, 43.4289], [-3.48936, 43.4299], [-3.49072, 43.43119], [-3.48691, 43.43455], [-3.48921, 43.43578], [-3.4921, 43.43583], [-3.49306, 43.43663], [-3.49413, 43.43646], [-3.49539, 43.43763], [-3.49072, 43.4386], [-3.49094, 43.43829], [-3.49005, 43.43797], [-3.48742, 43.4384], [-3.48697, 43.43788], [-3.4867, 43.43813], [-3.48706, 43.43843], [-3.48605, 43.44046], [-3.48703, 43.4408], [-3.48698, 43.44157], [-3.48825, 43.44258], [-3.48857, 43.44324], [-3.48837, 43.44421], [-3.48994, 43.44453], [-3.48974, 43.44496], [-3.49004, 43.44529], [-3.4891, 43.4457], [-3.48904, 43.44676], [-3.48836, 43.44689], [-3.48904, 43.44833], [-3.48787, 43.44851], [-3.48808, 43.44924], [-3.48957, 43.45083], [-3.49068, 43.45132], [-3.48911, 43.45123], [-3.48893, 43.45045], [-3.48802, 43.45001], [-3.4854, 43.45], [-3.48565, 43.44974], [-3.48454, 43.44933], [-3.48024, 43.44866], [-3.48001, 43.44768], [-3.4772, 43.44639], [-3.47675, 43.44514], [-3.47547, 43.4436], [-3.47467, 43.44348], [-3.47469, 43.44485], [-3.47595, 43.44659], [-3.47566, 43.44815], [-3.47637, 43.44989], [-3.47567, 43.45109], [-3.47299, 43.45228], [-3.47261, 43.45309], [-3.47355, 43.45364], [-3.47278, 43.45369], [-3.47285, 43.45429], [-3.4721, 43.45418], [-3.47254, 43.46016], [-3.4733, 43.46139], [-3.47597, 43.46146], [-3.47925, 43.46084], [-3.48191, 43.45964], [-3.48257, 43.45999], [-3.48435, 43.45934], [-3.48475, 43.45958], [-3.48562, 43.459], [-3.48692, 43.45889], [-3.48718, 43.45941], [-3.49537, 43.45873], [-3.50466, 43.46089], [-3.51089, 43.4614], [-3.51476, 43.46235], [-3.51793, 43.46242], [-3.51918, 43.46304], [-3.51964, 43.46485], [-3.51924, 43.46559], [-3.51855, 43.46622], [-3.51768, 43.46717], [-3.51627, 43.46903], [-3.51037, 43.47037], [-3.51045, 43.47012], [-3.50924, 43.46998], [-3.5048, 43.47038], [-3.50519, 43.47054], [-3.50459, 43.47234], [-3.50653, 43.47267], [-3.51096, 43.47198], [-3.51142, 43.47165], [-3.51038, 43.4704], [-3.51621, 43.46912], [-3.51926, 43.46565], [-3.5205, 43.46615], [-3.52212, 43.46774], [-3.52126, 43.46549], [-3.52087, 43.46528], [-3.52047, 43.46558], [-3.52078, 43.46522], [-3.52132, 43.46542], [-3.52186, 43.46477], [-3.52231, 43.46565], [-3.52246, 43.46508], [-3.52424, 43.46339], [-3.52494, 43.46328], [-3.52594, 43.46364], [-3.5267, 43.46349], [-3.52591, 43.46373], [-3.52425, 43.46348], [-3.5224, 43.46572], [-3.52212, 43.46562], [-3.52183, 43.46487], [-3.52139, 43.46548], [-3.52227, 43.46772], [-3.52319, 43.46756], [-3.52192, 43.46786], [-3.52481, 43.47102], [-3.52491, 43.47239], [-3.52403, 43.47256], [-3.52168, 43.47451], [-3.5211, 43.47561], [-3.52046, 43.47531], [-3.51928, 43.47577], [-3.51899, 43.47639], [-3.51954, 43.47678], [-3.51892, 43.47742], [-3.51753, 43.47724], [-3.51696, 43.47759], [-3.51783, 43.47826], [-3.51754, 43.48043], [-3.51675, 43.48184], [-3.51457, 43.48312], [-3.51462, 43.48382], [-3.51511, 43.4839], [-3.51513, 43.48512], [-3.51564, 43.48521], [-3.51635, 43.48799], [-3.5159, 43.48924], [-3.5155, 43.4894], [-3.51573, 43.49045], [-3.51451, 43.49158], [-3.51551, 43.49162], [-3.51666, 43.49225], [-3.51864, 43.49402], [-3.52128, 43.49352], [-3.52154, 43.49285], [-3.52266, 43.49354], [-3.52443, 43.49327], [-3.52764, 43.49108], [-3.53038, 43.49028], [-3.53316, 43.49009], [-3.53513, 43.49166], [-3.54104, 43.49161], [-3.54413, 43.49064], [-3.54492, 43.48961], [-3.54501, 43.48876], [-3.54622, 43.48829], [-3.54569, 43.48757], [-3.54295, 43.48729], [-3.54208, 43.48797], [-3.54157, 43.4892], [-3.53727, 43.48875], [-3.53728, 43.48906], [-3.53653, 43.48933], [-3.53649, 43.48992], [-3.53454, 43.48982], [-3.53247, 43.48821], [-3.53334, 43.48709], [-3.53282, 43.48659], [-3.53391, 43.48482], [-3.53617, 43.48498], [-3.53723, 43.4853], [-3.53724, 43.48589], [-3.5405, 43.48637], [-3.54173, 43.48475], [-3.5426, 43.4845], [-3.54248, 43.48355], [-3.54159, 43.4832], [-3.54193, 43.4827], [-3.543, 43.48265], [-3.54429, 43.48192], [-3.54443, 43.48235], [-3.54557, 43.48214], [-3.54548, 43.4818], [-3.54712, 43.48171], [-3.54703, 43.48116], [-3.54772, 43.48088], [-3.54686, 43.48006], [-3.54746, 43.47946], [-3.54587, 43.47781], [-3.54576, 43.47582], [-3.545, 43.47407], [-3.54432, 43.47359], [-3.547, 43.4716], [-3.54831, 43.47119], [-3.55101, 43.46948], [-3.55231, 43.46935], [-3.55334, 43.47006], [-3.55309, 43.47107], [-3.55196, 43.47155], [-3.55433, 43.47147], [-3.5545, 43.47187], [-3.55347, 43.47202], [-3.55446, 43.47281], [-3.55763, 43.47357], [-3.55833, 43.47331], [-3.55893, 43.47247], [-3.55983, 43.4731], [-3.55968, 43.47499], [-3.56102, 43.47603], [-3.56161, 43.4771], [-3.56152, 43.47772], [-3.56264, 43.47776], [-3.56271, 43.47864], [-3.56333, 43.47867], [-3.56329, 43.47928], [-3.56461, 43.48002], [-3.56326, 43.48056], [-3.56339, 43.48134], [-3.56227, 43.4826], [-3.56195, 43.48274], [-3.56205, 43.48225], [-3.56169, 43.48219], [-3.55616, 43.48431], [-3.55419, 43.48336], [-3.55291, 43.48444], [-3.55227, 43.48447], [-3.55178, 43.48508], [-3.55174, 43.48638], [-3.55013, 43.48693], [-3.55084, 43.48735], [-3.54854, 43.49044], [-3.54922, 43.49104], [-3.54857, 43.49097], [-3.54856, 43.49128], [-3.54631, 43.49236], [-3.5444, 43.49271], [-3.54308, 43.49387], [-3.54431, 43.49438], [-3.54442, 43.49556], [-3.54331, 43.49524], [-3.54321, 43.49603], [-3.54267, 43.49594], [-3.54212, 43.49649], [-3.54154, 43.49579], [-3.54074, 43.49559], [-3.54109, 43.49554], [-3.54129, 43.4945], [-3.54054, 43.49359], [-3.53918, 43.49274], [-3.53708, 43.49217], [-3.53575, 43.49248], [-3.53636, 43.49315], [-3.53562, 43.49335], [-3.53567, 43.49381], [-3.53388, 43.4937], [-3.53269, 43.49262], [-3.53256, 43.49196], [-3.53208, 43.49182], [-3.52865, 43.49249], [-3.52684, 43.4946], [-3.52469, 43.4937], [-3.52453, 43.494], [-3.52392, 43.49377], [-3.52251, 43.49429], [-3.52164, 43.4935], [-3.52062, 43.49465], [-3.51878, 43.49477], [-3.51722, 43.49427], [-3.51522, 43.49226], [-3.51306, 43.49205], [-3.51363, 43.49183], [-3.51303, 43.49136], [-3.51484, 43.49025], [-3.51441, 43.4896], [-3.51543, 43.48795], [-3.51468, 43.48707], [-3.51505, 43.48672], [-3.5145, 43.48633], [-3.51485, 43.48604], [-3.51474, 43.48496], [-3.51383, 43.48346], [-3.51546, 43.48171], [-3.51492, 43.48009], [-3.51521, 43.47919], [-3.51484, 43.47841], [-3.51338, 43.47727], [-3.51182, 43.47715], [-3.50838, 43.47555], [-3.50536, 43.47536], [-3.50352, 43.47405], [-3.5007, 43.47344], [-3.49885, 43.47187], [-3.49568, 43.47101], [-3.4852, 43.4704], [-3.47932, 43.46917], [-3.47646, 43.46951], [-3.4753, 43.46834], [-3.47555, 43.46711], [-3.47409, 43.46641], [-3.46648, 43.46606], [-3.46001, 43.46479], [-3.45289, 43.46504], [-3.44996, 43.46596], [-3.44916, 43.46684], [-3.44777, 43.46689], [-3.44674, 43.46611], [-3.44547, 43.46604], [-3.44464, 43.46538], [-3.44269, 43.46537], [-3.43936, 43.46445], [-3.43932, 43.46416], [-3.43878, 43.46454], [-3.43859, 43.46424], [-3.43571, 43.46444], [-3.43539, 43.46396], [-3.43449, 43.46413], [-3.43092, 43.46192], [-3.42973, 43.45994], [-3.42846, 43.45925], [-3.42729, 43.45766], [-3.42738, 43.45634], [-3.42672, 43.45613], [-3.42723, 43.4561], [-3.42711, 43.45533], [-3.4264, 43.45533], [-3.42681, 43.45519], [-3.42667, 43.45441], [-3.42722, 43.45385], [-3.42653, 43.45341], [-3.42648, 43.45247], [-3.42683, 43.45228], [-3.42614, 43.45165], [-3.4265, 43.45147], [-3.4255, 43.45138], [-3.42669, 43.45077], [-3.42719, 43.4494], [-3.42703, 43.44858], [-3.42786, 43.44775], [-3.42674, 43.44666], [-3.42669, 43.44612], [-3.42602, 43.44586], [-3.42662, 43.44516], [-3.42598, 43.44422], [-3.42653, 43.44355], [-3.42727, 43.44356], [-3.42763, 43.44283], [-3.42888, 43.44263], [-3.42899, 43.44187], [-3.43084, 43.44059], [-3.43158, 43.44059], [-3.4323, 43.43982], [-3.43385, 43.43921], [-3.4367, 43.43855], [-3.4385, 43.43713], [-3.44212, 43.43761], [-3.44142, 43.43801], [-3.44198, 43.43864], [-3.44521, 43.4396], [-3.44604, 43.4394], [-3.44747, 43.44211], [-3.44911, 43.44177], [-3.45308, 43.44518], [-3.45325, 43.44542], [-3.45298, 43.44547], [-3.45311, 43.44584], [-3.45333, 43.44554], [-3.45385, 43.44674], [-3.45379, 43.44777], [-3.45517, 43.44975], [-3.45608, 43.45235], [-3.45509, 43.45294], [-3.45495, 43.4536], [-3.45607, 43.45364], [-3.45625, 43.45418], [-3.45756, 43.45494], [-3.4558, 43.45554], [-3.45446, 43.45699], [-3.45344, 43.45715], [-3.45328, 43.45848], [-3.45401, 43.45892], [-3.4537, 43.45946], [-3.45437, 43.46067], [-3.45444, 43.46187], [-3.4555, 43.46205], [-3.45534, 43.46282], [-3.45736, 43.46306], [-3.45762, 43.46233], [-3.45816, 43.4624], [-3.45805, 43.46289], [-3.45932, 43.46305], [-3.46028, 43.46272], [-3.46612, 43.46336], [-3.46639, 43.46257], [-3.47075, 43.46307], [-3.4708, 43.46361], [-3.4719, 43.46374], [-3.472, 43.46328], [-3.47666, 43.46402], [-3.47653, 43.46455], [-3.47698, 43.46506], [-3.47808, 43.46384], [-3.47752, 43.4634], [-3.47432, 43.46303], [-3.47385, 43.46236], [-3.4735, 43.46272], [-3.47192, 43.46252], [-3.47158, 43.46239], [-3.47168, 43.46196], [-3.46952, 43.46132], [-3.46969, 43.46067], [-3.46814, 43.46039], [-3.46784, 43.46081], [-3.46808, 43.46134], [-3.46444, 43.46085], [-3.46291, 43.46113], [-3.459, 43.45637], [-3.45891, 43.45552], [-3.45801, 43.45515], [-3.45782, 43.45297], [-3.45636, 43.45081], [-3.45758, 43.4503], [-3.45863, 43.45157], [-3.46082, 43.451], [-3.46102, 43.44964], [-3.46274, 43.44813], [-3.46256, 43.44485], [-3.4636, 43.4446], [-3.46326, 43.44154], [-3.462, 43.43945], [-3.46007, 43.43883], [-3.45039, 43.43918], [-3.45147, 43.43562], [-3.44961, 43.4338], [-3.45081, 43.43362], [-3.45048, 43.43275], [-3.45139, 43.43253], [-3.45274, 43.43388], [-3.45357, 43.43283], [-3.45266, 43.43362], [-3.45148, 43.43218], [-3.45216, 43.4319], [-3.45135, 43.43204], [-3.4513, 43.43104], [-3.44982, 43.43136], [-3.44872, 43.42891], [-3.45096, 43.42818], [-3.44896, 43.42389], [-3.4497, 43.42371], [-3.45019, 43.42286], [-3.44917, 43.42062], [-3.44904, 43.41478], [-3.44954, 43.41368], [-3.45224, 43.41179], [-3.45344, 43.41188], [-3.45381, 43.41082], [-3.4536, 43.41032], [-3.44879, 43.40737], [-3.44646, 43.40686], [-3.44882, 43.40733], [-3.45358, 43.41022], [-3.45418, 43.40916], [-3.45398, 43.40526], [-3.45319, 43.40409], [-3.45407, 43.40387], [-3.45401, 43.40162], [-3.45355, 43.40125], [-3.45379, 43.40086], [-3.45506, 43.40015], [-3.45507, 43.39961], [-3.45598, 43.39854], [-3.45737, 43.39823], [-3.45967, 43.39845], [-3.4606, 43.39768], [-3.46082, 43.39685], [-3.46427, 43.39617], [-3.46405, 43.39347], [-3.46268, 43.39361], [-3.46283, 43.39245], [-3.45818, 43.39334], [-3.45891, 43.39175], [-3.46214, 43.39152], [-3.45972, 43.39099], [-3.45807, 43.39145], [-3.45517, 43.39072], [-3.45271, 43.38974], [-3.45272, 43.38903], [-3.4532, 43.38877], [-3.45081, 43.38715], [-3.44914, 43.3879], [-3.44987, 43.38889], [-3.45069, 43.38907], [-3.44989, 43.38897], [-3.44775, 43.38789], [-3.4501, 43.38688], [-3.44335, 43.38272], [-3.4432, 43.3822], [-3.43705, 43.37931], [-3.4367, 43.37923], [-3.43622, 43.38054], [-3.43291, 43.3789], [-3.43271, 43.37831], [-3.43431, 43.37768], [-3.43347, 43.37595], [-3.43377, 43.3732], [-3.43273, 43.37331], [-3.43314, 43.37273], [-3.43224, 43.37212], [-3.43393, 43.37194], [-3.43451, 43.37111], [-3.43379, 43.37077], [-3.43341, 43.37118], [-3.4328, 43.37048], [-3.43217, 43.37039], [-3.43088, 43.37044], [-3.43043, 43.371], [-3.42994, 43.37076], [-3.42926, 43.37112], [-3.4298, 43.37058], [-3.42917, 43.3706], [-3.42828, 43.36984], [-3.4285, 43.36904], [-3.42807, 43.36768], [-3.42855, 43.36655], [-3.42707, 43.36537], [-3.42669, 43.36187], [-3.42714, 43.36139], [-3.42779, 43.35866], [-3.42725, 43.35791], [-3.42765, 43.35683], [-3.42913, 43.35529], [-3.43101, 43.35477], [-3.43346, 43.35082], [-3.43446, 43.35013], [-3.43322, 43.34957], [-3.42891, 43.34932], [-3.42653, 43.34959], [-3.42653, 43.34837]]], [[[-3.54034, 43.49591], [-3.54088, 43.49572], [-3.54081, 43.49669], [-3.54034, 43.49591]]], [[[-3.53976, 43.49466], [-3.54001, 43.4941], [-3.54068, 43.49425], [-3.54001, 43.49481], [-3.53976, 43.49466]]], [[[-3.52589, 43.49511], [-3.52599, 43.49562], [-3.52648, 43.49554], [-3.52641, 43.49615], [-3.5248, 43.49525], [-3.52589, 43.49511]]], [[[-3.52477, 43.49396], [-3.5248, 43.49421], [-3.52466, 43.49411], [-3.52477, 43.49396]]], [[[-3.52318, 43.49426], [-3.52315, 43.49438], [-3.5229, 43.49425], [-3.52318, 43.49426]]], [[[-3.44227, 43.43765], [-3.44227, 43.43765], [-3.44228, 43.43765], [-3.44227, 43.43765]]], [[[-3.44619, 43.4294], [-3.44865, 43.42898], [-3.45018, 43.43284], [-3.44955, 43.433], [-3.44937, 43.43352], [-3.44619, 43.4294]]], [[[-3.49414, 43.43], [-3.49673, 43.42992], [-3.49898, 43.43093], [-3.49954, 43.43041], [-3.49894, 43.42966], [-3.50021, 43.42997], [-3.50074, 43.43057], [-3.50051, 43.43233], [-3.49949, 43.43448], [-3.49615, 43.4357], [-3.49346, 43.43593], [-3.49201, 43.4356], [-3.49094, 43.43418], [-3.49064, 43.43238], [-3.491, 43.43249], [-3.49181, 43.43141], [-3.49212, 43.43153], [-3.49182, 43.43279], [-3.49323, 43.43221], [-3.49449, 43.43092], [-3.49473, 43.43031], [-3.49414, 43.43]]], [[[-3.52867, 43.44891], [-3.52528, 43.4524], [-3.52799, 43.45282], [-3.5286, 43.4537], [-3.5283, 43.45333], [-3.52693, 43.45382], [-3.52599, 43.45326], [-3.52488, 43.45333], [-3.52188, 43.45406], [-3.52062, 43.455], [-3.5189, 43.45534], [-3.51725, 43.45621], [-3.51234, 43.45709], [-3.50506, 43.45705], [-3.50335, 43.45627], [-3.50349, 43.45573], [-3.50431, 43.45517], [-3.50836, 43.45407], [-3.51288, 43.45365], [-3.52512, 43.45157], [-3.52641, 43.45093], [-3.52709, 43.44992], [-3.52867, 43.44891]]], [[[-3.51388, 43.48648], [-3.5139, 43.48671], [-3.5138, 43.48669], [-3.51388, 43.48648]]], [[[-3.54083, 43.49507], [-3.54036, 43.49511], [-3.54018, 43.49487], [-3.54055, 43.49462], [-3.54083, 43.49507]]]]}, "properties": {"codigo": "ES1300007", "nombre": "Marismas de Santoña, Victoria y Joyel", "tipo": "ZEC", "ha": 3671.9}}, {"type": "Feature", "geometry": {"type": "MultiPolygon", "coordinates": [[[[-4.56793, 43.09586], [-4.56761, 43.09604], [-4.56867, 43.09699], [-4.56935, 43.09972], [-4.57044, 43.10121], [-4.57057, 43.10241], [-4.57221, 43.10335], [-4.57182, 43.10442], [-4.57246, 43.10566], [-4.5747, 43.10683], [-4.57473, 43.10729], [-4.57359, 43.10866], [-4.57442, 43.11025], [-4.57395, 43.11092], [-4.57417, 43.11152], [-4.57221, 43.11234], [-4.57112, 43.11479], [-4.56951, 43.11546], [-4.56968, 43.11765], [-4.56863, 43.11818], [-4.56866, 43.11871], [-4.56808, 43.11937], [-4.5688, 43.12084], [-4.57114, 43.12167], [-4.57095, 43.12294], [-4.57169, 43.12418], [-4.57155, 43.1248], [-4.57068, 43.12522], [-4.57067, 43.12574], [-4.57449, 43.1324], [-4.58022, 43.13562], [-4.58093, 43.13664], [-4.58283, 43.13779], [-4.58521, 43.1384], [-4.58579, 43.13952], [-4.58901, 43.14087], [-4.58953, 43.14339], [-4.59154, 43.14471], [-4.59167, 43.14556], [-4.59251, 43.14611], [-4.59216, 43.14736], [-4.59241, 43.14788], [-4.59358, 43.14812], [-4.59375, 43.14786], [-4.59435, 43.14845], [-4.59896, 43.1499], [-4.5991, 43.15013], [-4.599, 43.15065], [-4.59916, 43.15087], [-4.59994, 43.15112], [-4.60232, 43.15348], [-4.60497, 43.1538], [-4.60949, 43.15586], [-4.60989, 43.15682], [-4.61135, 43.15834], [-4.61151, 43.16026], [-4.61124, 43.1603], [-4.61214, 43.1619], [-4.61417, 43.15922], [-4.61474, 43.15871], [-4.61537, 43.15841], [-4.61709, 43.15782], [-4.61866, 43.15762], [-4.62123, 43.15768], [-4.62126, 43.15714], [-4.62074, 43.15684], [-4.62069, 43.15666], [-4.62108, 43.15572], [-4.62175, 43.15475], [-4.62286, 43.15405], [-4.62577, 43.15302], [-4.62588, 43.1511], [-4.62637, 43.14895], [-4.62757, 43.14765], [-4.62731, 43.14671], [-4.62872, 43.14475], [-4.62872, 43.1438], [-4.62781, 43.14297], [-4.62769, 43.14206], [-4.62838, 43.13885], [-4.62996, 43.13823], [-4.6299, 43.13698], [-4.63156, 43.13556], [-4.63019, 43.13325], [-4.63158, 43.13233], [-4.63173, 43.13173], [-4.63039, 43.12965], [-4.63015, 43.12831], [-4.62854, 43.12521], [-4.6288, 43.12423], [-4.62989, 43.12384], [-4.62966, 43.12311], [-4.63049, 43.12176], [-4.62899, 43.12085], [-4.62867, 43.11989], [-4.63076, 43.11864], [-4.63248, 43.1168], [-4.63441, 43.11593], [-4.63564, 43.1136], [-4.63807, 43.11368], [-4.63859, 43.11274], [-4.63842, 43.11123], [-4.63962, 43.11049], [-4.63996, 43.10797], [-4.63952, 43.10717], [-4.6402, 43.1066], [-4.63998, 43.10561], [-4.64039, 43.10394], [-4.64187, 43.10284], [-4.64319, 43.10266], [-4.64483, 43.09861], [-4.64562, 43.09842], [-4.64449, 43.09732], [-4.64453, 43.09529], [-4.6431, 43.09541], [-4.64228, 43.09511], [-4.64215, 43.09461], [-4.64311, 43.09354], [-4.64239, 43.09209], [-4.64241, 43.09121], [-4.63983, 43.08932], [-4.63977, 43.08877], [-4.64033, 43.08872], [-4.64315, 43.09106], [-4.64308, 43.09192], [-4.6437, 43.0934], [-4.64247, 43.09485], [-4.64481, 43.09518], [-4.64481, 43.09736], [-4.64608, 43.09854], [-4.64699, 43.09829], [-4.64789, 43.09817], [-4.64909, 43.09706], [-4.64989, 43.09656], [-4.65284, 43.09576], [-4.65784, 43.09584], [-4.65865, 43.09471], [-4.66094, 43.0941], [-4.66281, 43.09274], [-4.66457, 43.09258], [-4.66729, 43.09064], [-4.66918, 43.09092], [-4.67034, 43.09054], [-4.67483, 43.09035], [-4.67375, 43.09092], [-4.67325, 43.09053], [-4.66919, 43.09129], [-4.66755, 43.09107], [-4.66492, 43.09293], [-4.66306, 43.09315], [-4.66129, 43.09447], [-4.65902, 43.09508], [-4.6581, 43.09626], [-4.65348, 43.09614], [-4.65025, 43.09648], [-4.64791, 43.09823], [-4.64586, 43.09865], [-4.64521, 43.09867], [-4.64438, 43.10036], [-4.64406, 43.10168], [-4.64431, 43.10212], [-4.64362, 43.1031], [-4.64244, 43.10314], [-4.6408, 43.10389], [-4.64082, 43.1067], [-4.6402, 43.1073], [-4.64057, 43.10789], [-4.64023, 43.11056], [-4.63904, 43.11138], [-4.63922, 43.11265], [-4.63889, 43.11349], [-4.63782, 43.114], [-4.63615, 43.11393], [-4.63513, 43.11629], [-4.63286, 43.11704], [-4.63122, 43.11894], [-4.6293, 43.11995], [-4.62952, 43.12057], [-4.63108, 43.12161], [-4.63029, 43.12313], [-4.63033, 43.12418], [-4.62933, 43.12449], [-4.62916, 43.12517], [-4.63072, 43.12812], [-4.63097, 43.12949], [-4.63233, 43.13164], [-4.63208, 43.13261], [-4.63083, 43.13336], [-4.63229, 43.13569], [-4.6305, 43.1371], [-4.63051, 43.13845], [-4.62893, 43.1391], [-4.62832, 43.14271], [-4.62931, 43.14361], [-4.62931, 43.14499], [-4.62807, 43.14675], [-4.62808, 43.14789], [-4.62672, 43.14901], [-4.62595, 43.15111], [-4.62576, 43.15316], [-4.62313, 43.15408], [-4.62445, 43.15535], [-4.62582, 43.15534], [-4.62709, 43.15455], [-4.62772, 43.15426], [-4.62844, 43.15409], [-4.63015, 43.15401], [-4.63184, 43.15416], [-4.63629, 43.15534], [-4.63739, 43.15608], [-4.63757, 43.15686], [-4.6387, 43.15674], [-4.64114, 43.15731], [-4.64127, 43.15859], [-4.64233, 43.15903], [-4.64378, 43.1582], [-4.6454, 43.15881], [-4.6466, 43.15859], [-4.64803, 43.15811], [-4.64949, 43.15683], [-4.65169, 43.15617], [-4.65314, 43.15648], [-4.65511, 43.15774], [-4.65633, 43.1577], [-4.65696, 43.15808], [-4.65866, 43.15773], [-4.65964, 43.15828], [-4.66082, 43.15796], [-4.66175, 43.15842], [-4.66519, 43.15685], [-4.66643, 43.15697], [-4.66833, 43.15537], [-4.67101, 43.15567], [-4.67315, 43.15418], [-4.67353, 43.15353], [-4.67593, 43.15238], [-4.68456, 43.15473], [-4.68517, 43.1559], [-4.68915, 43.1553], [-4.69062, 43.15244], [-4.69486, 43.15071], [-4.69541, 43.14912], [-4.69651, 43.14789], [-4.69908, 43.14679], [-4.7013, 43.14761], [-4.70258, 43.14747], [-4.70296, 43.14692], [-4.70261, 43.14381], [-4.70303, 43.1432], [-4.70458, 43.14222], [-4.70762, 43.14229], [-4.71064, 43.1404], [-4.71201, 43.13724], [-4.71398, 43.13586], [-4.71582, 43.13525], [-4.7169, 43.13278], [-4.71793, 43.13245], [-4.71985, 43.1329], [-4.72311, 43.13276], [-4.72713, 43.12861], [-4.72739, 43.1265], [-4.73064, 43.12523], [-4.73146, 43.12199], [-4.73046, 43.12083], [-4.72921, 43.11414], [-4.72821, 43.11212], [-4.72885, 43.11095], [-4.73042, 43.10981], [-4.73522, 43.10952], [-4.73882, 43.11011], [-4.7416, 43.10959], [-4.74763, 43.11136], [-4.74936, 43.11039], [-4.75348, 43.11142], [-4.75572, 43.11058], [-4.75752, 43.11097], [-4.75885, 43.11082], [-4.75931, 43.11104], [-4.75945, 43.11168], [-4.76411, 43.1123], [-4.76658, 43.11375], [-4.77146, 43.11367], [-4.77672, 43.11651], [-4.77815, 43.1189], [-4.78149, 43.12163], [-4.78342, 43.12414], [-4.78406, 43.12434], [-4.78522, 43.12616], [-4.78657, 43.12628], [-4.78854, 43.12766], [-4.7907, 43.12815], [-4.79466, 43.12819], [-4.79644, 43.12913], [-4.79926, 43.12964], [-4.8022, 43.12852], [-4.80491, 43.12845], [-4.80808, 43.1276], [-4.80797, 43.12805], [-4.80561, 43.12876], [-4.80227, 43.12898], [-4.79992, 43.13001], [-4.7982, 43.13006], [-4.79621, 43.12956], [-4.79448, 43.12862], [-4.7899, 43.12841], [-4.78617, 43.12639], [-4.7852, 43.1267], [-4.78353, 43.12461], [-4.78306, 43.12457], [-4.78154, 43.12303], [-4.78078, 43.12167], [-4.77765, 43.11917], [-4.77628, 43.11683], [-4.77491, 43.11637], [-4.77135, 43.11412], [-4.76634, 43.11415], [-4.76384, 43.1127], [-4.75953, 43.1122], [-4.7585, 43.11138], [-4.75603, 43.11101], [-4.75406, 43.11185], [-4.75162, 43.11161], [-4.7495, 43.11084], [-4.74754, 43.11182], [-4.74158, 43.11007], [-4.73877, 43.11051], [-4.73799, 43.11015], [-4.73738, 43.11047], [-4.73366, 43.10991], [-4.73057, 43.11018], [-4.72911, 43.11132], [-4.72883, 43.11212], [-4.72984, 43.11412], [-4.72939, 43.11504], [-4.73107, 43.12076], [-4.73213, 43.12183], [-4.73175, 43.12428], [-4.73113, 43.12551], [-4.72788, 43.12679], [-4.72796, 43.12742], [-4.72655, 43.13014], [-4.72552, 43.13078], [-4.72492, 43.13188], [-4.72348, 43.13316], [-4.71752, 43.13296], [-4.71665, 43.13417], [-4.71628, 43.13558], [-4.71437, 43.13622], [-4.71256, 43.13744], [-4.71111, 43.14071], [-4.70794, 43.14269], [-4.7051, 43.14259], [-4.70355, 43.14344], [-4.70321, 43.14418], [-4.70359, 43.14694], [-4.703, 43.14781], [-4.7011, 43.14805], [-4.69918, 43.14723], [-4.69692, 43.14823], [-4.69471, 43.15131], [-4.691, 43.1527], [-4.68943, 43.15569], [-4.68529, 43.15621], [-4.68462, 43.15596], [-4.68428, 43.15514], [-4.67631, 43.15269], [-4.674, 43.15383], [-4.67368, 43.15443], [-4.67137, 43.15604], [-4.66858, 43.15579], [-4.66667, 43.1574], [-4.66528, 43.15732], [-4.66195, 43.15884], [-4.66069, 43.15846], [-4.65936, 43.15869], [-4.65854, 43.1581], [-4.65701, 43.15853], [-4.65483, 43.15816], [-4.65243, 43.15667], [-4.65097, 43.15657], [-4.64954, 43.15713], [-4.64687, 43.159], [-4.64523, 43.15925], [-4.64396, 43.15867], [-4.64236, 43.15928], [-4.64113, 43.15886], [-4.6407, 43.15773], [-4.63743, 43.15709], [-4.63732, 43.15611], [-4.63626, 43.15539], [-4.63015, 43.15406], [-4.62775, 43.15431], [-4.62586, 43.15539], [-4.6248, 43.15547], [-4.62424, 43.15534], [-4.62381, 43.15507], [-4.62297, 43.15409], [-4.62181, 43.15478], [-4.62098, 43.15618], [-4.6208, 43.15666], [-4.62143, 43.15722], [-4.6213, 43.15774], [-4.61712, 43.1579], [-4.61455, 43.15898], [-4.61221, 43.16198], [-4.61214, 43.16329], [-4.61244, 43.16334], [-4.61181, 43.16486], [-4.61021, 43.16548], [-4.60989, 43.16614], [-4.60827, 43.16695], [-4.60816, 43.16845], [-4.60759, 43.16916], [-4.60715, 43.17133], [-4.60636, 43.17183], [-4.60339, 43.17201], [-4.60258, 43.17393], [-4.60149, 43.17413], [-4.60106, 43.17493], [-4.60147, 43.17626], [-4.60108, 43.17825], [-4.60268, 43.17981], [-4.60409, 43.18221], [-4.60335, 43.183], [-4.60316, 43.18461], [-4.60479, 43.18568], [-4.60722, 43.1862], [-4.60706, 43.18779], [-4.60594, 43.18959], [-4.60792, 43.19115], [-4.61175, 43.19227], [-4.61521, 43.19165], [-4.62189, 43.19218], [-4.62502, 43.19125], [-4.62635, 43.19171], [-4.62903, 43.19029], [-4.63207, 43.1896], [-4.63524, 43.19038], [-4.63664, 43.19105], [-4.63707, 43.1919], [-4.63943, 43.19268], [-4.63881, 43.19288], [-4.63673, 43.19228], [-4.63591, 43.19119], [-4.632, 43.19005], [-4.62934, 43.19068], [-4.62756, 43.1919], [-4.62643, 43.19217], [-4.62501, 43.19173], [-4.622, 43.19263], [-4.61515, 43.1921], [-4.61136, 43.19269], [-4.60764, 43.19156], [-4.60553, 43.18996], [-4.60419, 43.19237], [-4.60495, 43.19409], [-4.60451, 43.19559], [-4.59882, 43.19719], [-4.59484, 43.19693], [-4.59319, 43.19873], [-4.59064, 43.19944], [-4.59018, 43.20007], [-4.59148, 43.20184], [-4.59432, 43.2039], [-4.59572, 43.21169], [-4.59495, 43.21242], [-4.59137, 43.21285], [-4.59088, 43.21333], [-4.59115, 43.21418], [-4.59247, 43.21519], [-4.59225, 43.217], [-4.58988, 43.21845], [-4.58883, 43.21972], [-4.58785, 43.22018], [-4.58673, 43.22013], [-4.58801, 43.22161], [-4.58633, 43.22267], [-4.58612, 43.22417], [-4.58385, 43.22636], [-4.58326, 43.22832], [-4.58235, 43.2292], [-4.58224, 43.23121], [-4.57922, 43.2331], [-4.57908, 43.23418], [-4.57856, 43.23483], [-4.58004, 43.23559], [-4.57999, 43.23667], [-4.58123, 43.23805], [-4.58128, 43.23932], [-4.58342, 43.24027], [-4.5835, 43.24076], [-4.58272, 43.24154], [-4.58436, 43.24282], [-4.58423, 43.2442], [-4.58616, 43.24536], [-4.58699, 43.24662], [-4.58906, 43.24626], [-4.59212, 43.24826], [-4.59433, 43.24808], [-4.60144, 43.24978], [-4.60313, 43.25086], [-4.60664, 43.25153], [-4.60937, 43.25274], [-4.61232, 43.25245], [-4.61277, 43.2528], [-4.61308, 43.25431], [-4.6153, 43.25544], [-4.6155, 43.25628], [-4.61584, 43.25626], [-4.61776, 43.2589], [-4.61946, 43.26002], [-4.61955, 43.26096], [-4.62186, 43.2634], [-4.62393, 43.26448], [-4.63076, 43.26609], [-4.63173, 43.26681], [-4.63139, 43.26742], [-4.63175, 43.2682], [-4.63124, 43.26799], [-4.63104, 43.26696], [-4.63052, 43.26654], [-4.62334, 43.26494], [-4.62112, 43.26368], [-4.62091, 43.26299], [-4.61881, 43.26115], [-4.61881, 43.26022], [-4.61785, 43.25991], [-4.61565, 43.25731], [-4.61491, 43.25711], [-4.61525, 43.25571], [-4.61319, 43.25459], [-4.61205, 43.25257], [-4.61042, 43.25312], [-4.60911, 43.25309], [-4.60643, 43.25177], [-4.60281, 43.25139], [-4.60116, 43.25037], [-4.59972, 43.25027], [-4.59856, 43.24963], [-4.59557, 43.24929], [-4.59386, 43.24859], [-4.59202, 43.24886], [-4.58877, 43.24667], [-4.58674, 43.24701], [-4.58581, 43.2457], [-4.5837, 43.24438], [-4.58374, 43.24297], [-4.58217, 43.24182], [-4.5827, 43.24052], [-4.58077, 43.23965], [-4.57931, 43.236], [-4.57798, 43.23483], [-4.57877, 43.23275], [-4.58165, 43.23095], [-4.5817, 43.22907], [-4.58273, 43.22778], [-4.5837, 43.22525], [-4.58514, 43.22403], [-4.58558, 43.22259], [-4.58713, 43.22142], [-4.58617, 43.22054], [-4.58612, 43.21983], [-4.58792, 43.21955], [-4.58928, 43.21806], [-4.59068, 43.21744], [-4.59151, 43.21655], [-4.59164, 43.21524], [-4.59008, 43.21381], [-4.59019, 43.21291], [-4.59167, 43.21221], [-4.59422, 43.21212], [-4.59501, 43.2115], [-4.59356, 43.20407], [-4.59327, 43.20356], [-4.59196, 43.20312], [-4.58975, 43.2007], [-4.58959, 43.19956], [-4.59025, 43.19897], [-4.59275, 43.19824], [-4.59459, 43.19642], [-4.59551, 43.19626], [-4.59825, 43.19682], [-4.60266, 43.19577], [-4.60007, 43.19471], [-4.59847, 43.19266], [-4.59728, 43.19179], [-4.59758, 43.19108], [-4.59677, 43.19044], [-4.59672, 43.18799], [-4.59573, 43.18651], [-4.59383, 43.18554], [-4.59072, 43.18499], [-4.58795, 43.18319], [-4.58647, 43.18275], [-4.5796, 43.18219], [-4.57277, 43.18022], [-4.56756, 43.17984], [-4.56499, 43.18051], [-4.56149, 43.17942], [-4.55997, 43.17953], [-4.55925, 43.17895], [-4.55491, 43.17797], [-4.54852, 43.17788], [-4.54849, 43.17743], [-4.5549, 43.1775], [-4.55957, 43.17855], [-4.56019, 43.17911], [-4.56176, 43.179], [-4.56482, 43.18024], [-4.56744, 43.17948], [-4.57259, 43.17998], [-4.57912, 43.18166], [-4.58458, 43.18193], [-4.58801, 43.18271], [-4.59103, 43.18459], [-4.59406, 43.18512], [-4.59621, 43.18622], [-4.59735, 43.18795], [-4.59736, 43.1903], [-4.59822, 43.19112], [-4.59787, 43.19158], [-4.59894, 43.19233], [-4.60048, 43.19437], [-4.60311, 43.19568], [-4.6041, 43.19524], [-4.60449, 43.19432], [-4.60344, 43.19261], [-4.60347, 43.19202], [-4.60657, 43.1867], [-4.60405, 43.18607], [-4.60244, 43.18481], [-4.60248, 43.183], [-4.60326, 43.18219], [-4.60055, 43.17819], [-4.60086, 43.17815], [-4.60134, 43.17638], [-4.60098, 43.17478], [-4.60119, 43.17395], [-4.60212, 43.17332], [-4.60248, 43.17194], [-4.60303, 43.1715], [-4.60645, 43.17097], [-4.60787, 43.16677], [-4.60957, 43.16594], [-4.6099, 43.16527], [-4.61156, 43.16472], [-4.61216, 43.16232], [-4.61115, 43.16024], [-4.61107, 43.15854], [-4.60947, 43.15639], [-4.60866, 43.15595], [-4.60477, 43.15423], [-4.60177, 43.15372], [-4.599, 43.15079], [-4.59891, 43.14994], [-4.59223, 43.14783], [-4.59208, 43.14739], [-4.59219, 43.14621], [-4.59132, 43.14561], [-4.59136, 43.14498], [-4.59014, 43.14462], [-4.58888, 43.14344], [-4.58916, 43.14216], [-4.58871, 43.14101], [-4.58536, 43.13985], [-4.58498, 43.13877], [-4.58255, 43.13819], [-4.58086, 43.1371], [-4.57979, 43.13585], [-4.57903, 43.1358], [-4.57728, 43.13429], [-4.57614, 43.1339], [-4.57583, 43.13327], [-4.57356, 43.13202], [-4.57263, 43.13012], [-4.57192, 43.12949], [-4.57211, 43.12885], [-4.57133, 43.12733], [-4.57047, 43.1267], [-4.5703, 43.1253], [-4.57108, 43.12415], [-4.57033, 43.12301], [-4.5705, 43.12179], [-4.56833, 43.12114], [-4.56759, 43.11973], [-4.56795, 43.11831], [-4.56909, 43.11746], [-4.56894, 43.11528], [-4.57064, 43.11447], [-4.57175, 43.11204], [-4.57347, 43.11139], [-4.57333, 43.11081], [-4.57378, 43.11022], [-4.57297, 43.10862], [-4.5741, 43.10707], [-4.57196, 43.10596], [-4.5712, 43.1045], [-4.57155, 43.10355], [-4.56983, 43.10228], [-4.56983, 43.1013], [-4.56876, 43.09987], [-4.56812, 43.0972], [-4.56694, 43.09604], [-4.56773, 43.09515], [-4.56793, 43.09586]]], [[[-4.63486, 43.26876], [-4.63631, 43.27113], [-4.63635, 43.27268], [-4.63699, 43.27417], [-4.63654, 43.2755], [-4.63445, 43.27733], [-4.6309, 43.27797], [-4.63039, 43.2797], [-4.62819, 43.28049], [-4.62675, 43.28166], [-4.62592, 43.28537], [-4.62414, 43.28797], [-4.62279, 43.28854], [-4.62197, 43.28818], [-4.62351, 43.28807], [-4.62553, 43.28536], [-4.62595, 43.28277], [-4.62661, 43.28131], [-4.62813, 43.28013], [-4.62992, 43.27969], [-4.63014, 43.27849], [-4.63069, 43.27778], [-4.63445, 43.27697], [-4.63606, 43.27539], [-4.6366, 43.27415], [-4.63607, 43.27311], [-4.63582, 43.27092], [-4.63416, 43.26854], [-4.63486, 43.26876]]], [[[-4.61969, 43.28794], [-4.62096, 43.28792], [-4.61981, 43.28806], [-4.61929, 43.28852], [-4.61852, 43.29055], [-4.61496, 43.29129], [-4.61402, 43.29226], [-4.61468, 43.29138], [-4.61522, 43.29104], [-4.61833, 43.29041], [-4.61878, 43.28874], [-4.61969, 43.28794]]], [[[-4.60756, 43.29863], [-4.60711, 43.29852], [-4.60648, 43.29708], [-4.60709, 43.29526], [-4.60901, 43.29417], [-4.61157, 43.29368], [-4.6076, 43.29524], [-4.60662, 43.29672], [-4.60756, 43.29863]]], [[[-4.61193, 43.29333], [-4.61231, 43.29284], [-4.61358, 43.29245], [-4.61223, 43.29303], [-4.61193, 43.29333]]], [[[-4.5386, 43.34347], [-4.53697, 43.34408], [-4.53644, 43.34504], [-4.53744, 43.34683], [-4.53601, 43.34808], [-4.53579, 43.35004], [-4.53426, 43.35121], [-4.53411, 43.3531], [-4.53508, 43.35422], [-4.53859, 43.35521], [-4.53881, 43.35593], [-4.53824, 43.35662], [-4.53484, 43.35479], [-4.53345, 43.35301], [-4.53359, 43.35117], [-4.53488, 43.35013], [-4.53525, 43.34819], [-4.53673, 43.34665], [-4.53577, 43.34529], [-4.53608, 43.34433], [-4.5371, 43.34345], [-4.53809, 43.34319], [-4.5386, 43.34347]]], [[[-4.53195, 43.35864], [-4.53391, 43.35761], [-4.53788, 43.35696], [-4.53518, 43.35851], [-4.53195, 43.35864]]], [[[-4.53489, 43.36736], [-4.53377, 43.36777], [-4.53195, 43.36761], [-4.5258, 43.36602], [-4.52314, 43.36585], [-4.52091, 43.36615], [-4.52056, 43.36645], [-4.52112, 43.36722], [-4.52019, 43.36676], [-4.52006, 43.36629], [-4.52124, 43.36531], [-4.52538, 43.36561], [-4.52692, 43.36494], [-4.52817, 43.36532], [-4.52872, 43.36645], [-4.53365, 43.36739], [-4.53447, 43.36713], [-4.53528, 43.36595], [-4.53489, 43.36736]]], [[[-4.52255, 43.3699], [-4.51717, 43.37602], [-4.51297, 43.37799], [-4.51084, 43.37991], [-4.51045, 43.38175], [-4.5116, 43.38582], [-4.51309, 43.38924], [-4.51126, 43.38928], [-4.5114, 43.38823], [-4.51054, 43.38691], [-4.51037, 43.38642], [-4.51079, 43.38635], [-4.51009, 43.38476], [-4.51, 43.38353], [-4.51055, 43.38341], [-4.50932, 43.38094], [-4.5054, 43.37915], [-4.50415, 43.3773], [-4.50528, 43.37704], [-4.5055, 43.37776], [-4.50694, 43.37855], [-4.50976, 43.3775], [-4.50914, 43.37864], [-4.50955, 43.37885], [-4.51076, 43.37777], [-4.51361, 43.37675], [-4.51398, 43.37682], [-4.51342, 43.3772], [-4.51492, 43.37684], [-4.51704, 43.37572], [-4.51878, 43.37403], [-4.52192, 43.36961], [-4.52294, 43.36884], [-4.52222, 43.36792], [-4.52296, 43.3686], [-4.52294, 43.36887], [-4.52255, 43.3699]]]]}, "properties": {"codigo": "ES1300008", "nombre": "Rio Deva", "tipo": "ZEC", "ha": 389.1}}, {"type": "Feature", "geometry": {"type": "Polygon", "coordinates": [[[-4.38866, 43.13316], [-4.38965, 43.13318], [-4.38933, 43.13446], [-4.38977, 43.13597], [-4.39042, 43.1365], [-4.38842, 43.13857], [-4.38749, 43.13898], [-4.38644, 43.13862], [-4.38573, 43.13889], [-4.38339, 43.13815], [-4.38012, 43.13902], [-4.37824, 43.13909], [-4.37989, 43.14009], [-4.38035, 43.14118], [-4.38017, 43.14177], [-4.37947, 43.14216], [-4.37984, 43.14311], [-4.37844, 43.14428], [-4.37918, 43.14595], [-4.37773, 43.14735], [-4.37892, 43.14744], [-4.37858, 43.14866], [-4.37929, 43.14905], [-4.3776, 43.14949], [-4.37676, 43.1505], [-4.37821, 43.15262], [-4.378, 43.15416], [-4.37564, 43.15477], [-4.37558, 43.15754], [-4.37414, 43.15943], [-4.37101, 43.16028], [-4.3693, 43.15926], [-4.36949, 43.15998], [-4.36849, 43.16075], [-4.36647, 43.16025], [-4.36589, 43.16054], [-4.3662, 43.1624], [-4.36743, 43.16461], [-4.36866, 43.16569], [-4.36873, 43.16667], [-4.36581, 43.16729], [-4.36528, 43.16847], [-4.36271, 43.17053], [-4.36359, 43.17154], [-4.36331, 43.17237], [-4.35941, 43.17378], [-4.35891, 43.17657], [-4.35915, 43.17871], [-4.357, 43.18105], [-4.35651, 43.1833], [-4.35449, 43.18559], [-4.35507, 43.1872], [-4.35491, 43.188], [-4.3537, 43.18886], [-4.35059, 43.18966], [-4.35224, 43.19288], [-4.35146, 43.19491], [-4.3502, 43.19592], [-4.34991, 43.19661], [-4.3505, 43.19737], [-4.35319, 43.19681], [-4.35473, 43.19726], [-4.3553, 43.19843], [-4.35523, 43.19997], [-4.35663, 43.2026], [-4.36177, 43.20514], [-4.36324, 43.20762], [-4.36619, 43.20941], [-4.36836, 43.20921], [-4.36939, 43.2095], [-4.36997, 43.21016], [-4.37013, 43.21145], [-4.37161, 43.2125], [-4.37226, 43.21362], [-4.37456, 43.21359], [-4.38042, 43.21639], [-4.38087, 43.21713], [-4.38071, 43.21822], [-4.38129, 43.21887], [-4.38564, 43.22068], [-4.38609, 43.22175], [-4.38581, 43.22181], [-4.38605, 43.22252], [-4.38564, 43.22339], [-4.38623, 43.22409], [-4.38951, 43.22474], [-4.39572, 43.22707], [-4.39642, 43.22795], [-4.39641, 43.2296], [-4.39706, 43.23088], [-4.39728, 43.23358], [-4.39875, 43.23322], [-4.40101, 43.2315], [-4.4013, 43.23051], [-4.40197, 43.22991], [-4.4017, 43.2298], [-4.40212, 43.22901], [-4.40199, 43.22753], [-4.40411, 43.22662], [-4.40436, 43.22561], [-4.40541, 43.22454], [-4.40604, 43.22298], [-4.40737, 43.22172], [-4.40771, 43.22002], [-4.40646, 43.2177], [-4.40693, 43.21559], [-4.40747, 43.21519], [-4.40923, 43.21503], [-4.40912, 43.2138], [-4.4098, 43.21243], [-4.41126, 43.21213], [-4.41327, 43.21069], [-4.41506, 43.21061], [-4.41522, 43.20915], [-4.41684, 43.20799], [-4.41672, 43.20742], [-4.41838, 43.20488], [-4.41806, 43.20387], [-4.41823, 43.20227], [-4.41916, 43.2015], [-4.41765, 43.19995], [-4.41881, 43.19765], [-4.41868, 43.19582], [-4.42037, 43.19281], [-4.41929, 43.19191], [-4.41933, 43.19052], [-4.4188, 43.18948], [-4.41914, 43.18826], [-4.42035, 43.18754], [-4.41928, 43.18614], [-4.41977, 43.18577], [-4.41998, 43.18462], [-4.42118, 43.18362], [-4.42168, 43.18255], [-4.42348, 43.18246], [-4.42405, 43.18004], [-4.42733, 43.179], [-4.42756, 43.1786], [-4.4275, 43.17588], [-4.42613, 43.17373], [-4.424, 43.17225], [-4.42403, 43.1714], [-4.42201, 43.16854], [-4.42252, 43.16497], [-4.42133, 43.16262], [-4.42084, 43.16247], [-4.42074, 43.16141], [-4.4212, 43.15977], [-4.42216, 43.15859], [-4.42171, 43.15783], [-4.42175, 43.15682], [-4.42066, 43.1551], [-4.41767, 43.15328], [-4.41759, 43.15232], [-4.41844, 43.15146], [-4.41874, 43.15191], [-4.41818, 43.15245], [-4.41824, 43.1531], [-4.42115, 43.15483], [-4.42188, 43.15638], [-4.42239, 43.15659], [-4.42232, 43.15774], [-4.42278, 43.15874], [-4.42147, 43.16061], [-4.42137, 43.16217], [-4.42196, 43.16248], [-4.42313, 43.16494], [-4.42264, 43.16851], [-4.42459, 43.1712], [-4.42469, 43.17218], [-4.42573, 43.17258], [-4.4275, 43.1747], [-4.4281, 43.17575], [-4.42829, 43.17758], [-4.42793, 43.1792], [-4.4247, 43.18018], [-4.42402, 43.18267], [-4.42345, 43.18304], [-4.42201, 43.18302], [-4.4217, 43.18388], [-4.42042, 43.185], [-4.4204, 43.18589], [-4.42002, 43.18619], [-4.42054, 43.18645], [-4.42096, 43.18766], [-4.41982, 43.18832], [-4.4194, 43.18924], [-4.41994, 43.19047], [-4.4199, 43.19177], [-4.4207, 43.19213], [-4.42099, 43.19293], [-4.41927, 43.19597], [-4.41942, 43.1977], [-4.41835, 43.20009], [-4.41977, 43.20135], [-4.41885, 43.20239], [-4.41867, 43.20381], [-4.41902, 43.2047], [-4.41855, 43.20569], [-4.41925, 43.20563], [-4.4202, 43.2065], [-4.42215, 43.20703], [-4.42849, 43.20498], [-4.43124, 43.20526], [-4.43454, 43.20426], [-4.43518, 43.20173], [-4.43697, 43.20032], [-4.43877, 43.19775], [-4.43966, 43.19729], [-4.44246, 43.19434], [-4.44237, 43.19362], [-4.44318, 43.19256], [-4.44412, 43.19234], [-4.44436, 43.1914], [-4.44551, 43.19087], [-4.44555, 43.19006], [-4.44738, 43.18839], [-4.44747, 43.18662], [-4.4484, 43.18635], [-4.45097, 43.18323], [-4.45249, 43.18297], [-4.45394, 43.18158], [-4.45558, 43.18162], [-4.45699, 43.18104], [-4.45844, 43.1813], [-4.46225, 43.18028], [-4.46629, 43.18037], [-4.46823, 43.17958], [-4.46988, 43.17987], [-4.47283, 43.17962], [-4.47474, 43.17904], [-4.47475, 43.17936], [-4.47299, 43.18007], [-4.4699, 43.18032], [-4.46822, 43.18003], [-4.46645, 43.18081], [-4.46238, 43.18073], [-4.45859, 43.18174], [-4.45721, 43.18151], [-4.45572, 43.18206], [-4.45433, 43.18194], [-4.45282, 43.18336], [-4.45135, 43.1836], [-4.44882, 43.1867], [-4.44809, 43.18685], [-4.44795, 43.18857], [-4.44617, 43.19019], [-4.44602, 43.19116], [-4.4449, 43.19166], [-4.44455, 43.19268], [-4.44366, 43.19286], [-4.44296, 43.19377], [-4.44303, 43.19455], [-4.44014, 43.19757], [-4.43923, 43.19806], [-4.43748, 43.2006], [-4.43582, 43.20188], [-4.43504, 43.20459], [-4.43134, 43.20571], [-4.42866, 43.20542], [-4.4223, 43.20748], [-4.42015, 43.207], [-4.41901, 43.20607], [-4.41813, 43.20636], [-4.41734, 43.20749], [-4.41745, 43.20815], [-4.41569, 43.2095], [-4.41558, 43.21087], [-4.41326, 43.2112], [-4.41162, 43.2125], [-4.41015, 43.21281], [-4.40977, 43.21527], [-4.40747, 43.21581], [-4.40708, 43.21765], [-4.40837, 43.22046], [-4.40793, 43.22193], [-4.40662, 43.22314], [-4.40597, 43.22473], [-4.40494, 43.22577], [-4.40481, 43.22667], [-4.4028, 43.22775], [-4.40279, 43.22929], [-4.40165, 43.23036], [-4.40104, 43.23165], [-4.39885, 43.23331], [-4.3973, 43.23365], [-4.39766, 43.23493], [-4.39895, 43.23608], [-4.40239, 43.2362], [-4.40472, 43.23781], [-4.40774, 43.24248], [-4.41164, 43.24383], [-4.41217, 43.24599], [-4.41084, 43.24937], [-4.40969, 43.25057], [-4.40793, 43.25123], [-4.40828, 43.25242], [-4.41051, 43.25394], [-4.41092, 43.25492], [-4.41026, 43.25543], [-4.40787, 43.25529], [-4.40715, 43.25589], [-4.40816, 43.25663], [-4.41643, 43.25882], [-4.41759, 43.25945], [-4.41777, 43.26007], [-4.41721, 43.26065], [-4.41825, 43.26135], [-4.42077, 43.26453], [-4.42037, 43.26508], [-4.41887, 43.26494], [-4.41833, 43.26541], [-4.41817, 43.2662], [-4.41871, 43.26742], [-4.42117, 43.26828], [-4.42199, 43.26939], [-4.42192, 43.27129], [-4.42496, 43.27266], [-4.42534, 43.27473], [-4.42709, 43.27656], [-4.43014, 43.27764], [-4.43042, 43.27818], [-4.42978, 43.27891], [-4.43265, 43.27961], [-4.43692, 43.27848], [-4.43754, 43.27911], [-4.43748, 43.28029], [-4.43925, 43.28035], [-4.44033, 43.28096], [-4.44435, 43.28537], [-4.44507, 43.28544], [-4.44579, 43.28433], [-4.44686, 43.28404], [-4.44982, 43.28589], [-4.45314, 43.28916], [-4.45333, 43.28993], [-4.45497, 43.29102], [-4.45616, 43.29287], [-4.45716, 43.29345], [-4.45878, 43.29256], [-4.4612, 43.29237], [-4.4638, 43.2914], [-4.46363, 43.28988], [-4.46609, 43.2887], [-4.47037, 43.28742], [-4.47241, 43.28784], [-4.47386, 43.28754], [-4.47437, 43.28664], [-4.47521, 43.28616], [-4.47715, 43.28665], [-4.47852, 43.28595], [-4.48062, 43.28396], [-4.48206, 43.2834], [-4.48254, 43.28165], [-4.48182, 43.27996], [-4.48294, 43.27593], [-4.48278, 43.27506], [-4.48353, 43.27312], [-4.48513, 43.27258], [-4.48368, 43.272], [-4.48346, 43.27128], [-4.48449, 43.27042], [-4.48372, 43.26951], [-4.48443, 43.26869], [-4.48442, 43.26732], [-4.4858, 43.26592], [-4.4854, 43.26489], [-4.48597, 43.26385], [-4.48484, 43.26325], [-4.48593, 43.26208], [-4.48487, 43.26029], [-4.48274, 43.25939], [-4.48218, 43.25712], [-4.47976, 43.25586], [-4.47862, 43.25468], [-4.47804, 43.25339], [-4.47654, 43.25227], [-4.47679, 43.25213], [-4.47495, 43.24892], [-4.47487, 43.24759], [-4.47297, 43.24641], [-4.47157, 43.24364], [-4.46924, 43.24157], [-4.46917, 43.24101], [-4.47141, 43.23873], [-4.47168, 43.23605], [-4.47161, 43.23489], [-4.47081, 43.23429], [-4.46973, 43.23251], [-4.47075, 43.23078], [-4.47005, 43.22924], [-4.47081, 43.2281], [-4.47004, 43.22669], [-4.47015, 43.22591], [-4.47077, 43.22556], [-4.47008, 43.22361], [-4.47097, 43.2228], [-4.47057, 43.22127], [-4.47136, 43.21929], [-4.47055, 43.21828], [-4.47044, 43.21726], [-4.47334, 43.21558], [-4.47447, 43.21437], [-4.47623, 43.21401], [-4.47728, 43.21334], [-4.47714, 43.21255], [-4.47843, 43.20951], [-4.47894, 43.20917], [-4.48001, 43.20934], [-4.48089, 43.20855], [-4.48102, 43.20736], [-4.48038, 43.2063], [-4.48008, 43.20426], [-4.48148, 43.20171], [-4.48144, 43.20015], [-4.48367, 43.19857], [-4.48449, 43.19702], [-4.48647, 43.19551], [-4.48932, 43.19464], [-4.4929, 43.19214], [-4.4982, 43.19164], [-4.50024, 43.19095], [-4.49976, 43.19165], [-4.49835, 43.19208], [-4.49287, 43.19265], [-4.48992, 43.19488], [-4.48708, 43.19575], [-4.48515, 43.19711], [-4.48414, 43.19887], [-4.482, 43.20045], [-4.48209, 43.20178], [-4.48085, 43.20442], [-4.481, 43.20625], [-4.48167, 43.20752], [-4.48158, 43.20851], [-4.48031, 43.20987], [-4.47894, 43.20976], [-4.47793, 43.21276], [-4.4794, 43.21125], [-4.48098, 43.21103], [-4.48098, 43.20998], [-4.48196, 43.20882], [-4.48662, 43.20706], [-4.48738, 43.20505], [-4.48882, 43.20462], [-4.49055, 43.20465], [-4.49255, 43.20121], [-4.49366, 43.20023], [-4.49733, 43.19899], [-4.50148, 43.19867], [-4.50358, 43.19731], [-4.50409, 43.19757], [-4.50167, 43.1991], [-4.49753, 43.19942], [-4.49401, 43.20061], [-4.49309, 43.20142], [-4.4923, 43.20326], [-4.49122, 43.20443], [-4.49372, 43.20363], [-4.49458, 43.20382], [-4.49435, 43.20404], [-4.49045, 43.20515], [-4.48784, 43.20536], [-4.48778, 43.20626], [-4.48704, 43.2074], [-4.48242, 43.20914], [-4.48153, 43.2102], [-4.48144, 43.21135], [-4.47976, 43.21162], [-4.47751, 43.21381], [-4.47486, 43.21474], [-4.47372, 43.21594], [-4.47115, 43.21726], [-4.47114, 43.21816], [-4.47204, 43.21929], [-4.47128, 43.2215], [-4.47164, 43.22305], [-4.47084, 43.22372], [-4.4715, 43.2253], [-4.47077, 43.22647], [-4.47157, 43.22797], [-4.47082, 43.22935], [-4.47167, 43.23127], [-4.47052, 43.23249], [-4.47235, 43.23483], [-4.47253, 43.23588], [-4.47199, 43.23919], [-4.4712, 43.23957], [-4.46996, 43.24129], [-4.47237, 43.2435], [-4.47394, 43.24672], [-4.47546, 43.24767], [-4.47561, 43.24953], [-4.47739, 43.25209], [-4.478, 43.24983], [-4.47741, 43.24924], [-4.47893, 43.24716], [-4.4837, 43.24542], [-4.48489, 43.24536], [-4.48578, 43.24459], [-4.48704, 43.24468], [-4.48812, 43.24375], [-4.48926, 43.24342], [-4.49019, 43.24207], [-4.4906, 43.24032], [-4.49118, 43.23994], [-4.49514, 43.23934], [-4.49642, 43.23859], [-4.50042, 43.23822], [-4.50409, 43.23714], [-4.50956, 43.23369], [-4.5104, 43.23276], [-4.51101, 43.23043], [-4.51158, 43.23062], [-4.51084, 43.23316], [-4.50561, 43.23689], [-4.50067, 43.23864], [-4.49659, 43.23902], [-4.49547, 43.23973], [-4.49139, 43.24037], [-4.49076, 43.24224], [-4.48969, 43.24376], [-4.48849, 43.24411], [-4.4873, 43.2451], [-4.48594, 43.24503], [-4.48522, 43.24575], [-4.48388, 43.24586], [-4.47945, 43.24744], [-4.47809, 43.24921], [-4.47866, 43.2499], [-4.47825, 43.25041], [-4.47833, 43.25183], [-4.47786, 43.25239], [-4.48008, 43.25525], [-4.48198, 43.25635], [-4.48274, 43.2553], [-4.4818, 43.25419], [-4.4818, 43.25363], [-4.48351, 43.25265], [-4.48463, 43.2524], [-4.49006, 43.2524], [-4.49515, 43.25359], [-4.49812, 43.25287], [-4.5011, 43.25324], [-4.50506, 43.25256], [-4.5061, 43.25296], [-4.50703, 43.25278], [-4.5079, 43.25346], [-4.51055, 43.25322], [-4.51284, 43.25378], [-4.51355, 43.25455], [-4.51447, 43.2545], [-4.51345, 43.2548], [-4.51294, 43.25413], [-4.51125, 43.25365], [-4.50785, 43.25392], [-4.50691, 43.25325], [-4.50482, 43.25357], [-4.50447, 43.25305], [-4.50103, 43.25371], [-4.49829, 43.25334], [-4.49519, 43.25404], [-4.49205, 43.2533], [-4.48354, 43.25268], [-4.48335, 43.25328], [-4.48248, 43.25385], [-4.48317, 43.2552], [-4.48245, 43.2564], [-4.48338, 43.25839], [-4.48514, 43.25959], [-4.48666, 43.26181], [-4.48634, 43.26297], [-4.4868, 43.264], [-4.48662, 43.26596], [-4.4851, 43.2677], [-4.48517, 43.26878], [-4.48451, 43.26944], [-4.48531, 43.27021], [-4.48492, 43.27116], [-4.48419, 43.27156], [-4.48561, 43.2721], [-4.48582, 43.27259], [-4.48537, 43.27327], [-4.48417, 43.2735], [-4.48354, 43.27517], [-4.4837, 43.27591], [-4.48252, 43.28002], [-4.48329, 43.28163], [-4.48272, 43.28367], [-4.48109, 43.28434], [-4.4791, 43.28631], [-4.47732, 43.28718], [-4.47533, 43.2867], [-4.47431, 43.28799], [-4.4723, 43.28837], [-4.47064, 43.28796], [-4.46439, 43.29012], [-4.46465, 43.29137], [-4.46438, 43.29181], [-4.46132, 43.29307], [-4.45879, 43.29319], [-4.45751, 43.29482], [-4.45709, 43.29601], [-4.45637, 43.2965], [-4.45765, 43.29863], [-4.4603, 43.29926], [-4.46294, 43.30131], [-4.46376, 43.30254], [-4.46368, 43.30453], [-4.47017, 43.30678], [-4.47127, 43.30749], [-4.47191, 43.30885], [-4.47194, 43.31109], [-4.47429, 43.31411], [-4.47768, 43.31465], [-4.48018, 43.31343], [-4.48241, 43.31353], [-4.48729, 43.31636], [-4.48772, 43.31712], [-4.48738, 43.31758], [-4.48548, 43.31881], [-4.48327, 43.31957], [-4.48073, 43.32192], [-4.4822, 43.32322], [-4.48517, 43.32473], [-4.48715, 43.32669], [-4.48943, 43.32731], [-4.49474, 43.32721], [-4.49512, 43.32734], [-4.49541, 43.32886], [-4.49584, 43.3292], [-4.49745, 43.32913], [-4.4994, 43.32842], [-4.50054, 43.32852], [-4.50094, 43.32897], [-4.50055, 43.33025], [-4.50126, 43.33074], [-4.50341, 43.3303], [-4.50409, 43.3295], [-4.50527, 43.32899], [-4.50778, 43.32906], [-4.5113, 43.33401], [-4.51116, 43.33553], [-4.50601, 43.33863], [-4.5036, 43.33837], [-4.49868, 43.33897], [-4.49801, 43.33852], [-4.49788, 43.33736], [-4.49739, 43.33714], [-4.49381, 43.33941], [-4.49006, 43.33943], [-4.49157, 43.34091], [-4.49119, 43.34225], [-4.49024, 43.34358], [-4.4906, 43.34448], [-4.49215, 43.3463], [-4.49446, 43.34814], [-4.49449, 43.34986], [-4.49591, 43.35263], [-4.49686, 43.35294], [-4.49775, 43.35487], [-4.50045, 43.35681], [-4.50044, 43.35742], [-4.49716, 43.3584], [-4.49275, 43.35783], [-4.49145, 43.35786], [-4.48999, 43.35851], [-4.49155, 43.36026], [-4.49328, 43.3637], [-4.49323, 43.36428], [-4.4913, 43.36558], [-4.48486, 43.36626], [-4.48365, 43.36673], [-4.48325, 43.36712], [-4.48341, 43.3676], [-4.48508, 43.36837], [-4.48541, 43.3695], [-4.48506, 43.37033], [-4.48338, 43.37166], [-4.48156, 43.37195], [-4.48012, 43.37163], [-4.48009, 43.37202], [-4.47963, 43.37198], [-4.47934, 43.37071], [-4.48224, 43.36985], [-4.48412, 43.36997], [-4.48434, 43.3691], [-4.4828, 43.36817], [-4.48197, 43.36657], [-4.4849, 43.36543], [-4.48677, 43.36403], [-4.49106, 43.36281], [-4.49126, 43.36199], [-4.49051, 43.3607], [-4.49076, 43.36056], [-4.48902, 43.35895], [-4.48865, 43.35787], [-4.49109, 43.35721], [-4.49663, 43.35769], [-4.49951, 43.35713], [-4.49652, 43.35501], [-4.49627, 43.35403], [-4.49499, 43.353], [-4.49376, 43.35047], [-4.49359, 43.3485], [-4.49134, 43.34675], [-4.48975, 43.34487], [-4.48938, 43.34339], [-4.49025, 43.34195], [-4.49046, 43.34069], [-4.4892, 43.33936], [-4.48997, 43.33885], [-4.49351, 43.33867], [-4.4968, 43.33648], [-4.49845, 43.33666], [-4.49912, 43.33827], [-4.50068, 43.33797], [-4.50268, 43.33651], [-4.50451, 43.33625], [-4.5066, 43.33677], [-4.50895, 43.33608], [-4.51028, 43.33527], [-4.51057, 43.33455], [-4.50755, 43.32977], [-4.50565, 43.32951], [-4.50479, 43.3298], [-4.50453, 43.3304], [-4.50347, 43.33107], [-4.50079, 43.33122], [-4.49975, 43.33046], [-4.49996, 43.32901], [-4.49822, 43.32965], [-4.49595, 43.32984], [-4.49478, 43.32922], [-4.4944, 43.32777], [-4.48913, 43.32793], [-4.48644, 43.3272], [-4.48384, 43.32463], [-4.48163, 43.32365], [-4.48009, 43.32244], [-4.47997, 43.3217], [-4.4822, 43.31949], [-4.48673, 43.31684], [-4.48275, 43.31434], [-4.48116, 43.31398], [-4.47865, 43.31523], [-4.47701, 43.3155], [-4.474, 43.31483], [-4.47273, 43.31413], [-4.47114, 43.31108], [-4.47114, 43.30902], [-4.47066, 43.3079], [-4.46318, 43.30497], [-4.46281, 43.30244], [-4.46217, 43.30172], [-4.45989, 43.29973], [-4.45869, 43.29982], [-4.45608, 43.29861], [-4.45572, 43.29782], [-4.45559, 43.29419], [-4.45032, 43.28888], [-4.44936, 43.28726], [-4.4469, 43.28574], [-4.44616, 43.28562], [-4.44521, 43.28625], [-4.44357, 43.28574], [-4.43996, 43.2815], [-4.4389, 43.28085], [-4.43683, 43.28064], [-4.43657, 43.27909], [-4.43283, 43.28015], [-4.4294, 43.2794], [-4.4289, 43.27884], [-4.42942, 43.27794], [-4.42664, 43.27703], [-4.4248, 43.2754], [-4.42435, 43.27299], [-4.42121, 43.27152], [-4.42114, 43.26948], [-4.42062, 43.26875], [-4.41758, 43.26782], [-4.41731, 43.26589], [-4.4176, 43.26514], [-4.41822, 43.26453], [-4.41983, 43.26442], [-4.41776, 43.26184], [-4.41604, 43.26076], [-4.41673, 43.25974], [-4.40909, 43.25757], [-4.40663, 43.25601], [-4.40707, 43.2553], [-4.41037, 43.25482], [-4.40987, 43.25395], [-4.40808, 43.25299], [-4.40754, 43.25181], [-4.40717, 43.2518], [-4.40732, 43.25066], [-4.4092, 43.2501], [-4.40999, 43.24924], [-4.41132, 43.24534], [-4.41162, 43.24528], [-4.41076, 43.24368], [-4.4082, 43.24355], [-4.40716, 43.24292], [-4.40473, 43.23883], [-4.4025, 43.23707], [-4.40136, 43.23667], [-4.39927, 43.23693], [-4.39723, 43.2356], [-4.39652, 43.2345], [-4.39634, 43.23127], [-4.39517, 43.22762], [-4.3861, 43.22456], [-4.38527, 43.22368], [-4.38563, 43.22243], [-4.38489, 43.22095], [-4.38062, 43.21925], [-4.37999, 43.21835], [-4.37983, 43.21679], [-4.37427, 43.21413], [-4.37181, 43.2141], [-4.37113, 43.21305], [-4.3694, 43.21176], [-4.36885, 43.2099], [-4.36579, 43.20992], [-4.36263, 43.20806], [-4.3613, 43.20558], [-4.35581, 43.20279], [-4.35439, 43.19997], [-4.35453, 43.19839], [-4.35395, 43.19753], [-4.35029, 43.19792], [-4.34921, 43.19689], [-4.34929, 43.19586], [-4.35089, 43.19448], [-4.35146, 43.19282], [-4.34989, 43.18937], [-4.3534, 43.18836], [-4.35432, 43.18767], [-4.35369, 43.18559], [-4.35586, 43.18311], [-4.35631, 43.18069], [-4.35838, 43.17876], [-4.35821, 43.17612], [-4.35878, 43.1734], [-4.35985, 43.17274], [-4.36263, 43.17199], [-4.36277, 43.17159], [-4.362, 43.17034], [-4.36282, 43.16927], [-4.36464, 43.16808], [-4.36498, 43.16705], [-4.36801, 43.16638], [-4.36552, 43.16268], [-4.36514, 43.16021], [-4.36661, 43.1596], [-4.36826, 43.16013], [-4.36873, 43.15967], [-4.3684, 43.15893], [-4.36895, 43.15859], [-4.36983, 43.15872], [-4.37115, 43.15967], [-4.3732, 43.1592], [-4.37435, 43.15833], [-4.37482, 43.1573], [-4.37493, 43.15449], [-4.37592, 43.15393], [-4.37732, 43.15385], [-4.37737, 43.15269], [-4.37641, 43.152], [-4.37573, 43.15047], [-4.37697, 43.14908], [-4.37693, 43.14869], [-4.37778, 43.14808], [-4.37698, 43.14792], [-4.37678, 43.1473], [-4.37836, 43.14566], [-4.37761, 43.14425], [-4.37898, 43.14293], [-4.3786, 43.14205], [-4.37942, 43.14119], [-4.3792, 43.14049], [-4.37749, 43.13963], [-4.37743, 43.13889], [-4.37829, 43.13839], [-4.3803, 43.13834], [-4.38319, 43.13757], [-4.38546, 43.13826], [-4.38659, 43.13802], [-4.38724, 43.13846], [-4.38799, 43.13809], [-4.38959, 43.13659], [-4.38893, 43.13622], [-4.38905, 43.13565], [-4.38848, 43.13485], [-4.38866, 43.13316]]]}, "properties": {"codigo": "ES1300009", "nombre": "Río Nansa", "tipo": "ZEC", "ha": 569.9}}, {"type": "Feature", "geometry": {"type": "MultiPolygon", "coordinates": [[[[-3.71408, 43.12065], [-3.71631, 43.12172], [-3.71731, 43.12263], [-3.71948, 43.12338], [-3.72039, 43.1245], [-3.72194, 43.12465], [-3.72234, 43.12615], [-3.7234, 43.12713], [-3.72342, 43.12792], [-3.7243, 43.12853], [-3.72477, 43.12951], [-3.72468, 43.13056], [-3.72535, 43.13211], [-3.72919, 43.1351], [-3.73049, 43.13532], [-3.73067, 43.1357], [-3.7325, 43.13526], [-3.73364, 43.13549], [-3.73937, 43.1351], [-3.74686, 43.13565], [-3.75161, 43.13433], [-3.75568, 43.1348], [-3.75265, 43.13211], [-3.75279, 43.13078], [-3.75058, 43.12913], [-3.74918, 43.12664], [-3.74481, 43.12286], [-3.74544, 43.12291], [-3.7497, 43.1264], [-3.75106, 43.12883], [-3.75337, 43.13062], [-3.75322, 43.13191], [-3.75555, 43.13372], [-3.7564, 43.13514], [-3.76151, 43.13705], [-3.76216, 43.13768], [-3.76242, 43.13892], [-3.76324, 43.13931], [-3.76503, 43.14097], [-3.76686, 43.14172], [-3.76534, 43.14132], [-3.76315, 43.13935], [-3.76213, 43.13908], [-3.76113, 43.13741], [-3.75773, 43.13594], [-3.75443, 43.13504], [-3.75106, 43.13481], [-3.74826, 43.13593], [-3.74639, 43.13613], [-3.73935, 43.13555], [-3.73257, 43.13572], [-3.73046, 43.13616], [-3.72553, 43.13323], [-3.72422, 43.13128], [-3.72417, 43.12961], [-3.72293, 43.12821], [-3.72289, 43.1274], [-3.72177, 43.12634], [-3.72151, 43.12503], [-3.72017, 43.12497], [-3.71905, 43.12371], [-3.71687, 43.12298], [-3.71587, 43.12205], [-3.71366, 43.12108], [-3.71408, 43.12065]]], [[[-3.85774, 43.04826], [-3.86071, 43.05095], [-3.86002, 43.05276], [-3.86025, 43.05339], [-3.85941, 43.05479], [-3.86151, 43.0574], [-3.86169, 43.05994], [-3.86206, 43.06062], [-3.86168, 43.06112], [-3.86182, 43.06181], [-3.86357, 43.06242], [-3.86443, 43.06315], [-3.86597, 43.0635], [-3.86688, 43.06463], [-3.86726, 43.06785], [-3.86784, 43.06851], [-3.86897, 43.06838], [-3.8696, 43.06901], [-3.87068, 43.06921], [-3.87177, 43.07115], [-3.87457, 43.07271], [-3.87669, 43.07298], [-3.8771, 43.07388], [-3.8781, 43.07403], [-3.87853, 43.07482], [-3.88024, 43.07588], [-3.88118, 43.0774], [-3.88238, 43.078], [-3.88243, 43.07881], [-3.8833, 43.07943], [-3.88377, 43.08057], [-3.88627, 43.08178], [-3.88594, 43.08305], [-3.88707, 43.08363], [-3.88713, 43.08444], [-3.8882, 43.08541], [-3.88748, 43.08579], [-3.88832, 43.08698], [-3.88808, 43.08775], [-3.88945, 43.08803], [-3.89007, 43.08985], [-3.89153, 43.08998], [-3.89165, 43.09098], [-3.89277, 43.09191], [-3.89488, 43.09198], [-3.89532, 43.09417], [-3.89776, 43.09624], [-3.90008, 43.09722], [-3.90001, 43.09831], [-3.90134, 43.09908], [-3.90222, 43.10276], [-3.90105, 43.10569], [-3.90136, 43.10818], [-3.90221, 43.10929], [-3.90145, 43.1113], [-3.9015, 43.11362], [-3.90065, 43.11742], [-3.90163, 43.11962], [-3.90086, 43.12091], [-3.90045, 43.12279], [-3.90063, 43.12785], [-3.89929, 43.12973], [-3.90028, 43.13468], [-3.89966, 43.13762], [-3.90009, 43.13992], [-3.89952, 43.14077], [-3.89842, 43.14098], [-3.8994, 43.14154], [-3.89983, 43.14242], [-3.89939, 43.14379], [-3.89836, 43.14516], [-3.89912, 43.14667], [-3.89875, 43.14764], [-3.89757, 43.14876], [-3.89758, 43.15057], [-3.89493, 43.15339], [-3.89615, 43.155], [-3.89617, 43.15698], [-3.89397, 43.15896], [-3.89518, 43.16097], [-3.89852, 43.16275], [-3.89882, 43.16412], [-3.89777, 43.16529], [-3.89478, 43.16641], [-3.89421, 43.16907], [-3.90379, 43.17875], [-3.90587, 43.17941], [-3.90752, 43.17935], [-3.9095, 43.18125], [-3.90997, 43.18241], [-3.90973, 43.18549], [-3.90685, 43.18873], [-3.90792, 43.19154], [-3.90864, 43.19244], [-3.91054, 43.19427], [-3.91474, 43.19654], [-3.91734, 43.1992], [-3.92164, 43.20133], [-3.9244, 43.20369], [-3.92694, 43.20462], [-3.92994, 43.20782], [-3.93169, 43.21061], [-3.93559, 43.21426], [-3.93928, 43.21678], [-3.93977, 43.21795], [-3.93952, 43.21948], [-3.93992, 43.2206], [-3.94464, 43.22305], [-3.94666, 43.22744], [-3.94663, 43.2288], [-3.94564, 43.23153], [-3.94524, 43.23571], [-3.94545, 43.23687], [-3.9464, 43.23825], [-3.94644, 43.24091], [-3.94697, 43.24231], [-3.94639, 43.24472], [-3.9436, 43.24876], [-3.94112, 43.27047], [-3.94681, 43.28126], [-3.94931, 43.28257], [-3.9517, 43.2845], [-3.95459, 43.28825], [-3.95825, 43.28943], [-3.95932, 43.29015], [-3.9603, 43.29177], [-3.95996, 43.29328], [-3.96191, 43.29534], [-3.96471, 43.29641], [-3.96582, 43.2973], [-3.96705, 43.30021], [-3.96736, 43.30021], [-3.96735, 43.30159], [-3.96692, 43.30237], [-3.96432, 43.30443], [-3.96267, 43.30545], [-3.95545, 43.30813], [-3.95628, 43.30908], [-3.95835, 43.30888], [-3.95913, 43.30943], [-3.95842, 43.31223], [-3.95951, 43.31493], [-3.95962, 43.31625], [-3.95882, 43.31772], [-3.95815, 43.31797], [-3.9585, 43.31933], [-3.95684, 43.32466], [-3.9653, 43.33115], [-3.96635, 43.33123], [-3.96719, 43.33187], [-3.96965, 43.33264], [-3.97222, 43.33305], [-3.97832, 43.33279], [-3.98294, 43.336], [-3.97826, 43.34004], [-3.97592, 43.34305], [-3.97567, 43.34467], [-3.97859, 43.34846], [-3.97865, 43.35082], [-3.97829, 43.35152], [-3.96988, 43.35544], [-3.96339, 43.35628], [-3.96084, 43.35832], [-3.96085, 43.35906], [-3.96264, 43.36292], [-3.96266, 43.36453], [-3.96311, 43.36461], [-3.96394, 43.36613], [-3.96647, 43.36867], [-3.96693, 43.3689], [-3.96722, 43.36862], [-3.967, 43.3684], [-3.96738, 43.36832], [-3.9683, 43.3708], [-3.97109, 43.37307], [-3.97087, 43.37712], [-3.97017, 43.37915], [-3.97166, 43.3823], [-3.97191, 43.38493], [-3.97106, 43.38587], [-3.96615, 43.38854], [-3.96602, 43.38912], [-3.96207, 43.39061], [-3.96063, 43.39244], [-3.95954, 43.39302], [-3.95102, 43.39521], [-3.95006, 43.39662], [-3.9476, 43.39632], [-3.94439, 43.39922], [-3.94302, 43.39947], [-3.94602, 43.4022], [-3.94762, 43.40275], [-3.94749, 43.40297], [-3.94921, 43.40296], [-3.95127, 43.40441], [-3.95119, 43.40512], [-3.95, 43.40655], [-3.94947, 43.40867], [-3.94796, 43.40865], [-3.94645, 43.40956], [-3.94603, 43.41118], [-3.94657, 43.41254], [-3.94862, 43.41293], [-3.95716, 43.41187], [-3.95886, 43.41245], [-3.95863, 43.41708], [-3.95646, 43.42364], [-3.95675, 43.42579], [-3.9581, 43.42812], [-3.95749, 43.42834], [-3.95581, 43.42517], [-3.95571, 43.42349], [-3.95765, 43.41738], [-3.9583, 43.41264], [-3.95719, 43.41233], [-3.94855, 43.4135], [-3.94627, 43.4131], [-3.94556, 43.41201], [-3.94589, 43.40945], [-3.9506, 43.40477], [-3.94988, 43.40403], [-3.94638, 43.40326], [-3.94375, 43.40194], [-3.94258, 43.40114], [-3.94271, 43.40033], [-3.94195, 43.39926], [-3.94278, 43.39846], [-3.94545, 43.39712], [-3.94584, 43.39566], [-3.94856, 43.39164], [-3.95034, 43.39161], [-3.95693, 43.39296], [-3.95841, 43.39267], [-3.95927, 43.39212], [-3.96018, 43.39056], [-3.96145, 43.38936], [-3.96929, 43.38625], [-3.9709, 43.38484], [-3.97083, 43.38243], [-3.9691, 43.38002], [-3.96833, 43.37791], [-3.96424, 43.37525], [-3.96525, 43.37297], [-3.96482, 43.37234], [-3.96521, 43.37149], [-3.96446, 43.36989], [-3.96375, 43.36957], [-3.96303, 43.36833], [-3.96183, 43.36739], [-3.96123, 43.36308], [-3.95972, 43.3583], [-3.9608, 43.35679], [-3.96301, 43.35559], [-3.96972, 43.35481], [-3.97662, 43.35158], [-3.97752, 43.35038], [-3.97737, 43.34846], [-3.97477, 43.34479], [-3.97473, 43.34373], [-3.97649, 43.34057], [-3.98011, 43.33708], [-3.9817, 43.3361], [-3.98165, 43.33578], [-3.97872, 43.3344], [-3.97652, 43.3346], [-3.9696, 43.33349], [-3.96398, 43.33142], [-3.9562, 43.3254], [-3.95582, 43.32454], [-3.95345, 43.32244], [-3.94978, 43.32046], [-3.94957, 43.31865], [-3.94865, 43.31644], [-3.94617, 43.31446], [-3.94657, 43.31129], [-3.94634, 43.31067], [-3.9444, 43.31139], [-3.94186, 43.3112], [-3.9412, 43.31083], [-3.94084, 43.3098], [-3.93953, 43.3085], [-3.9378, 43.3084], [-3.93676, 43.30613], [-3.93485, 43.30509], [-3.93432, 43.30684], [-3.93378, 43.30729], [-3.93123, 43.30738], [-3.92981, 43.30592], [-3.92811, 43.30561], [-3.92525, 43.3067], [-3.9244, 43.30766], [-3.92415, 43.3086], [-3.92333, 43.30905], [-3.92254, 43.30837], [-3.92002, 43.30921], [-3.91775, 43.30915], [-3.91646, 43.30966], [-3.91481, 43.31106], [-3.91129, 43.31146], [-3.90883, 43.31236], [-3.90681, 43.31221], [-3.90564, 43.3107], [-3.90257, 43.30973], [-3.89913, 43.31087], [-3.89742, 43.31216], [-3.8953, 43.3131], [-3.89246, 43.31388], [-3.89027, 43.31377], [-3.88893, 43.31318], [-3.88793, 43.31204], [-3.88657, 43.31207], [-3.88066, 43.3147], [-3.87771, 43.31521], [-3.87595, 43.31762], [-3.87164, 43.31837], [-3.87104, 43.31808], [-3.86869, 43.31578], [-3.86621, 43.31408], [-3.86408, 43.31287], [-3.8582, 43.31069], [-3.85433, 43.30763], [-3.85426, 43.30657], [-3.85532, 43.30458], [-3.85385, 43.30291], [-3.85412, 43.30104], [-3.85512, 43.29935], [-3.85483, 43.2978], [-3.85231, 43.29761], [-3.84919, 43.2981], [-3.84938, 43.29793], [-3.84791, 43.29699], [-3.84758, 43.29598], [-3.84402, 43.29411], [-3.8428, 43.29226], [-3.84118, 43.29117], [-3.84025, 43.28952], [-3.84065, 43.28882], [-3.8405, 43.28572], [-3.84079, 43.2852], [-3.83897, 43.28437], [-3.8381, 43.28288], [-3.83862, 43.28141], [-3.83972, 43.28046], [-3.83849, 43.27919], [-3.83827, 43.27835], [-3.8392, 43.27691], [-3.8438, 43.27249], [-3.84472, 43.27198], [-3.8468, 43.27197], [-3.84767, 43.2715], [-3.84821, 43.26922], [-3.84785, 43.26706], [-3.84875, 43.26576], [-3.84806, 43.26501], [-3.84833, 43.26384], [-3.84691, 43.26342], [-3.84609, 43.26223], [-3.84687, 43.25926], [-3.84553, 43.25771], [-3.84524, 43.25597], [-3.84354, 43.25234], [-3.84141, 43.25061], [-3.84097, 43.24939], [-3.84126, 43.24783], [-3.83945, 43.24677], [-3.83896, 43.24529], [-3.83602, 43.24443], [-3.83525, 43.24317], [-3.83339, 43.24286], [-3.83197, 43.24146], [-3.83023, 43.24181], [-3.8269, 43.24143], [-3.82433, 43.24011], [-3.82103, 43.23982], [-3.81918, 43.23915], [-3.81602, 43.24025], [-3.81229, 43.2392], [-3.81202, 43.23034], [-3.81346, 43.22779], [-3.81316, 43.22773], [-3.81288, 43.22351], [-3.8108, 43.22138], [-3.81131, 43.21965], [-3.81046, 43.21807], [-3.81107, 43.21643], [-3.80995, 43.21488], [-3.81021, 43.21321], [-3.80856, 43.21134], [-3.80764, 43.21093], [-3.80573, 43.21094], [-3.80501, 43.21027], [-3.80424, 43.20905], [-3.80369, 43.20673], [-3.80486, 43.20558], [-3.80467, 43.20462], [-3.80282, 43.20226], [-3.80147, 43.20183], [-3.80135, 43.20081], [-3.7959, 43.20161], [-3.79325, 43.20076], [-3.7918, 43.20157], [-3.78974, 43.20133], [-3.78782, 43.20217], [-3.78755, 43.20278], [-3.78664, 43.20295], [-3.78617, 43.20472], [-3.78261, 43.2059], [-3.78069, 43.20709], [-3.77758, 43.20717], [-3.77667, 43.20749], [-3.77619, 43.20817], [-3.77437, 43.20823], [-3.77361, 43.20889], [-3.77214, 43.20911], [-3.7665, 43.20862], [-3.76538, 43.20951], [-3.76345, 43.20994], [-3.76168, 43.21099], [-3.75817, 43.2113], [-3.75752, 43.21192], [-3.75681, 43.21174], [-3.75359, 43.21262], [-3.75596, 43.21146], [-3.75737, 43.21145], [-3.75787, 43.21087], [-3.7614, 43.21058], [-3.76315, 43.20955], [-3.76502, 43.20913], [-3.76632, 43.20818], [-3.77208, 43.20866], [-3.77337, 43.20847], [-3.77431, 43.20777], [-3.77585, 43.20777], [-3.77596, 43.20734], [-3.77742, 43.20673], [-3.78044, 43.20667], [-3.78222, 43.20553], [-3.78564, 43.20438], [-3.78613, 43.2025], [-3.78711, 43.20234], [-3.78747, 43.20179], [-3.78961, 43.20088], [-3.79163, 43.20114], [-3.79328, 43.2003], [-3.79587, 43.20116], [-3.80146, 43.20037], [-3.80193, 43.20064], [-3.80192, 43.2015], [-3.80246, 43.20182], [-3.80274, 43.20181], [-3.8027, 43.20078], [-3.8022, 43.19954], [-3.80009, 43.19808], [-3.79816, 43.19579], [-3.79518, 43.19458], [-3.79429, 43.19353], [-3.79271, 43.19421], [-3.79081, 43.19358], [-3.78619, 43.19363], [-3.78421, 43.19481], [-3.78286, 43.19441], [-3.7818, 43.19473], [-3.77509, 43.19245], [-3.77264, 43.1927], [-3.7704, 43.19192], [-3.76807, 43.1921], [-3.76527, 43.19072], [-3.75949, 43.19146], [-3.75656, 43.19137], [-3.7526, 43.19037], [-3.75174, 43.19064], [-3.75123, 43.1904], [-3.75271, 43.18992], [-3.75492, 43.19065], [-3.75947, 43.19099], [-3.76554, 43.19028], [-3.76814, 43.19164], [-3.77046, 43.19147], [-3.77267, 43.19225], [-3.77523, 43.19201], [-3.78181, 43.19428], [-3.78405, 43.19437], [-3.78561, 43.1934], [-3.78683, 43.19313], [-3.79093, 43.19314], [-3.79224, 43.19374], [-3.79455, 43.19312], [-3.79549, 43.19421], [-3.79843, 43.19533], [-3.80057, 43.19781], [-3.80281, 43.1994], [-3.80339, 43.2021], [-3.80543, 43.20494], [-3.80524, 43.20606], [-3.8043, 43.20659], [-3.80483, 43.20891], [-3.80599, 43.21052], [-3.80921, 43.21121], [-3.81068, 43.21294], [-3.8105, 43.21485], [-3.81165, 43.21634], [-3.81095, 43.21774], [-3.81156, 43.22013], [-3.8119, 43.22011], [-3.81165, 43.22134], [-3.81363, 43.22331], [-3.81388, 43.22457], [-3.81374, 43.22595], [-3.81414, 43.22752], [-3.8129, 43.23011], [-3.81299, 43.23888], [-3.81618, 43.23965], [-3.81935, 43.23856], [-3.8214, 43.23922], [-3.82441, 43.23943], [-3.82782, 43.24095], [-3.83043, 43.24121], [-3.83215, 43.24087], [-3.83371, 43.24225], [-3.83604, 43.24267], [-3.8368, 43.24396], [-3.83963, 43.24491], [-3.84027, 43.24646], [-3.84223, 43.24773], [-3.84185, 43.24929], [-3.84217, 43.25024], [-3.84473, 43.25257], [-3.84486, 43.25381], [-3.84581, 43.25527], [-3.84612, 43.25674], [-3.84762, 43.25913], [-3.84771, 43.25993], [-3.84695, 43.26155], [-3.84732, 43.2628], [-3.84885, 43.26345], [-3.84912, 43.26403], [-3.84886, 43.26483], [-3.84946, 43.26544], [-3.84932, 43.26675], [-3.84855, 43.2671], [-3.84899, 43.26916], [-3.8483, 43.27181], [-3.8471, 43.27248], [-3.84432, 43.27285], [-3.8394, 43.27772], [-3.83912, 43.27874], [-3.84025, 43.27975], [-3.84038, 43.28077], [-3.83873, 43.282], [-3.83856, 43.2829], [-3.83925, 43.284], [-3.84028, 43.28416], [-3.8416, 43.28511], [-3.84099, 43.28966], [-3.84172, 43.29083], [-3.84335, 43.29181], [-3.84419, 43.29336], [-3.84767, 43.29545], [-3.84857, 43.29704], [-3.84981, 43.29767], [-3.85258, 43.29698], [-3.85532, 43.29713], [-3.85584, 43.29867], [-3.85575, 43.30009], [-3.8548, 43.3013], [-3.85472, 43.30265], [-3.85599, 43.30376], [-3.85617, 43.30696], [-3.85797, 43.30948], [-3.86171, 43.31066], [-3.86169, 43.31149], [-3.86406, 43.31215], [-3.86657, 43.31351], [-3.87157, 43.31745], [-3.8733, 43.31768], [-3.87559, 43.31697], [-3.87704, 43.31501], [-3.88064, 43.31417], [-3.88633, 43.31151], [-3.88832, 43.31147], [-3.88994, 43.31303], [-3.89204, 43.31327], [-3.89622, 43.31197], [-3.89966, 43.30989], [-3.90235, 43.30902], [-3.90568, 43.31], [-3.90754, 43.31143], [-3.90893, 43.31169], [-3.91104, 43.31093], [-3.91437, 43.31056], [-3.91626, 43.30911], [-3.91775, 43.30858], [-3.92009, 43.30858], [-3.92262, 43.30778], [-3.92362, 43.30841], [-3.92472, 43.30619], [-3.9277, 43.30509], [-3.92966, 43.30511], [-3.93059, 43.30554], [-3.9318, 43.30685], [-3.93324, 43.30676], [-3.93449, 43.30452], [-3.93731, 43.30562], [-3.93839, 43.30799], [-3.94008, 43.30807], [-3.94229, 43.3107], [-3.94423, 43.31082], [-3.94681, 43.31012], [-3.94737, 43.31103], [-3.94697, 43.31436], [-3.94944, 43.31628], [-3.95038, 43.31856], [-3.95032, 43.31998], [-3.95401, 43.32202], [-3.956, 43.32374], [-3.95748, 43.3194], [-3.95709, 43.31797], [-3.95862, 43.31627], [-3.95868, 43.31534], [-3.95774, 43.31342], [-3.95755, 43.312], [-3.95803, 43.3095], [-3.9556, 43.30983], [-3.95451, 43.3081], [-3.95615, 43.30694], [-3.96205, 43.30505], [-3.96498, 43.30311], [-3.96646, 43.30184], [-3.96684, 43.29994], [-3.96556, 43.29765], [-3.96372, 43.29636], [-3.96171, 43.29574], [-3.95968, 43.29369], [-3.95897, 43.29271], [-3.95937, 43.29163], [-3.95848, 43.29046], [-3.95383, 43.28869], [-3.95048, 43.28462], [-3.94876, 43.28318], [-3.94694, 43.28257], [-3.94595, 43.28173], [-3.93987, 43.27056], [-3.94272, 43.24857], [-3.94561, 43.24444], [-3.94611, 43.24228], [-3.94444, 43.23993], [-3.94391, 43.23674], [-3.94453, 43.23105], [-3.94546, 43.22858], [-3.94514, 43.22636], [-3.94336, 43.22339], [-3.93876, 43.2209], [-3.93825, 43.22005], [-3.93861, 43.21822], [-3.93835, 43.21734], [-3.93476, 43.21491], [-3.93065, 43.21118], [-3.92966, 43.20921], [-3.92645, 43.20558], [-3.92352, 43.20435], [-3.92076, 43.20198], [-3.91636, 43.19977], [-3.91296, 43.1965], [-3.90817, 43.19365], [-3.9072, 43.19239], [-3.90591, 43.18855], [-3.9089, 43.18479], [-3.90912, 43.18233], [-3.90787, 43.18053], [-3.90448, 43.18011], [-3.90329, 43.17937], [-3.90102, 43.17676], [-3.89897, 43.1755], [-3.89404, 43.17044], [-3.88798, 43.16955], [-3.87971, 43.1695], [-3.87584, 43.17111], [-3.87227, 43.17376], [-3.87003, 43.17444], [-3.8686, 43.1741], [-3.86808, 43.172], [-3.86638, 43.17116], [-3.86241, 43.17193], [-3.86114, 43.17175], [-3.86121, 43.16952], [-3.86044, 43.16834], [-3.86006, 43.16806], [-3.85806, 43.16845], [-3.85647, 43.16758], [-3.85189, 43.16955], [-3.85044, 43.16969], [-3.84911, 43.1685], [-3.8482, 43.16668], [-3.84757, 43.16657], [-3.84714, 43.16667], [-3.84609, 43.1687], [-3.84427, 43.16973], [-3.84008, 43.1686], [-3.83763, 43.16952], [-3.83497, 43.16984], [-3.83346, 43.169], [-3.83445, 43.16704], [-3.8339, 43.1664], [-3.83207, 43.16706], [-3.83004, 43.16676], [-3.82846, 43.16563], [-3.82864, 43.16435], [-3.82563, 43.16436], [-3.82452, 43.16314], [-3.81835, 43.16002], [-3.81831, 43.15963], [-3.81611, 43.15952], [-3.81299, 43.16022], [-3.8117, 43.15891], [-3.80767, 43.15815], [-3.80258, 43.15867], [-3.80136, 43.15914], [-3.79785, 43.15912], [-3.79673, 43.15949], [-3.79528, 43.15916], [-3.7933, 43.15997], [-3.78916, 43.15979], [-3.78669, 43.15855], [-3.78484, 43.16094], [-3.78311, 43.16167], [-3.77874, 43.162], [-3.777, 43.16257], [-3.77574, 43.1624], [-3.77424, 43.1616], [-3.77178, 43.16124], [-3.76679, 43.16322], [-3.76368, 43.16305], [-3.7601, 43.16351], [-3.76058, 43.16301], [-3.76326, 43.16253], [-3.7669, 43.1626], [-3.76879, 43.1616], [-3.77193, 43.16067], [-3.77386, 43.16071], [-3.77703, 43.16199], [-3.77825, 43.1615], [-3.78418, 43.16098], [-3.78643, 43.15831], [-3.78528, 43.15809], [-3.78453, 43.15767], [-3.78429, 43.15732], [-3.78408, 43.15552], [-3.78208, 43.15441], [-3.77876, 43.15227], [-3.77737, 43.15095], [-3.77614, 43.15068], [-3.77429, 43.14937], [-3.77412, 43.147], [-3.7735, 43.14582], [-3.77262, 43.14561], [-3.77137, 43.14416], [-3.77011, 43.14384], [-3.76686, 43.14172], [-3.77031, 43.14366], [-3.77179, 43.14382], [-3.77293, 43.14521], [-3.77388, 43.14543], [-3.77474, 43.14694], [-3.77486, 43.14916], [-3.77647, 43.1503], [-3.77777, 43.1506], [-3.7787, 43.15165], [-3.77844, 43.15173], [-3.77869, 43.15215], [-3.78417, 43.15551], [-3.78444, 43.15733], [-3.78504, 43.1579], [-3.78643, 43.15822], [-3.78749, 43.15796], [-3.79075, 43.15944], [-3.79213, 43.15879], [-3.79386, 43.15911], [-3.79674, 43.15838], [-3.80125, 43.15877], [-3.80253, 43.15831], [-3.80769, 43.15785], [-3.80559, 43.15339], [-3.80311, 43.15103], [-3.80157, 43.14794], [-3.79647, 43.1452], [-3.79527, 43.14377], [-3.79568, 43.14272], [-3.79549, 43.14215], [-3.79418, 43.14168], [-3.79364, 43.13979], [-3.79203, 43.13924], [-3.79205, 43.13771], [-3.79236, 43.13761], [-3.79006, 43.13644], [-3.7877, 43.13417], [-3.7874, 43.13303], [-3.78554, 43.13183], [-3.78548, 43.13039], [-3.78609, 43.1317], [-3.7879, 43.13272], [-3.78821, 43.1339], [-3.79053, 43.13614], [-3.79324, 43.13773], [-3.79268, 43.138], [-3.79259, 43.13904], [-3.79415, 43.13953], [-3.7947, 43.14143], [-3.79603, 43.14194], [-3.79631, 43.14275], [-3.79588, 43.14362], [-3.79696, 43.14491], [-3.80207, 43.14768], [-3.80364, 43.15081], [-3.80613, 43.15316], [-3.80737, 43.15633], [-3.80837, 43.15771], [-3.8117, 43.15788], [-3.81333, 43.15961], [-3.81537, 43.15894], [-3.81838, 43.15896], [-3.82153, 43.16086], [-3.8211, 43.15557], [-3.82013, 43.1546], [-3.82048, 43.15332], [-3.81954, 43.15172], [-3.82002, 43.15118], [-3.81761, 43.14982], [-3.81758, 43.14916], [-3.81896, 43.14894], [-3.81824, 43.1483], [-3.81804, 43.14703], [-3.81697, 43.1456], [-3.81735, 43.14459], [-3.81612, 43.1438], [-3.81662, 43.14286], [-3.81558, 43.14193], [-3.81489, 43.14005], [-3.81346, 43.13926], [-3.81353, 43.1383], [-3.81248, 43.13609], [-3.81251, 43.13416], [-3.81119, 43.13241], [-3.81166, 43.13162], [-3.81069, 43.13097], [-3.81077, 43.13038], [-3.81, 43.12919], [-3.80869, 43.12517], [-3.80737, 43.12422], [-3.80658, 43.12017], [-3.80295, 43.11798], [-3.80246, 43.11593], [-3.80277, 43.11531], [-3.80158, 43.11332], [-3.80154, 43.11232], [-3.80083, 43.11196], [-3.79916, 43.10981], [-3.79749, 43.10981], [-3.79349, 43.10762], [-3.79133, 43.1074], [-3.78967, 43.10444], [-3.79053, 43.10135], [-3.79138, 43.10055], [-3.79112, 43.0998], [-3.79149, 43.09919], [-3.79202, 43.10079], [-3.79113, 43.10147], [-3.79031, 43.10441], [-3.79167, 43.107], [-3.79382, 43.10723], [-3.79777, 43.1094], [-3.79924, 43.10929], [-3.8018, 43.1119], [-3.80191, 43.11135], [-3.80103, 43.11015], [-3.80196, 43.10818], [-3.80508, 43.10589], [-3.80708, 43.10315], [-3.80681, 43.1012], [-3.80709, 43.09969], [-3.80497, 43.09666], [-3.80491, 43.09606], [-3.8059, 43.09667], [-3.80769, 43.09959], [-3.80743, 43.10119], [-3.80769, 43.1033], [-3.80506, 43.10676], [-3.8025, 43.10841], [-3.80165, 43.11026], [-3.80251, 43.11124], [-3.80219, 43.11322], [-3.80327, 43.11488], [-3.80309, 43.11611], [-3.80353, 43.11781], [-3.80717, 43.12004], [-3.80773, 43.12154], [-3.80754, 43.12229], [-3.80798, 43.12411], [-3.80924, 43.12497], [-3.8106, 43.12909], [-3.81139, 43.13032], [-3.8113, 43.13087], [-3.81229, 43.13154], [-3.8118, 43.13225], [-3.8131, 43.13399], [-3.81309, 43.13598], [-3.81417, 43.13821], [-3.81407, 43.13916], [-3.81543, 43.13983], [-3.81626, 43.14192], [-3.81731, 43.14266], [-3.81665, 43.14355], [-3.81793, 43.14442], [-3.81757, 43.14549], [-3.81862, 43.14689], [-3.81882, 43.14812], [-3.81963, 43.14899], [-3.81916, 43.14939], [-3.8183, 43.14933], [-3.81821, 43.14972], [-3.82072, 43.15109], [-3.82017, 43.15177], [-3.82111, 43.15333], [-3.82072, 43.15446], [-3.82172, 43.15552], [-3.82162, 43.15701], [-3.8222, 43.15863], [-3.82185, 43.15966], [-3.82236, 43.16044], [-3.82209, 43.16117], [-3.82505, 43.16271], [-3.82603, 43.16375], [-3.82924, 43.16404], [-3.83031, 43.16358], [-3.83225, 43.16132], [-3.83335, 43.16064], [-3.83372, 43.15926], [-3.83666, 43.15733], [-3.83569, 43.15687], [-3.83554, 43.15638], [-3.83857, 43.1551], [-3.8382, 43.15351], [-3.83921, 43.15268], [-3.83924, 43.15132], [-3.84055, 43.15046], [-3.841, 43.14861], [-3.84022, 43.14745], [-3.84062, 43.14654], [-3.83951, 43.13829], [-3.83853, 43.13634], [-3.83942, 43.13525], [-3.83855, 43.13441], [-3.83899, 43.13271], [-3.83787, 43.13141], [-3.83816, 43.12988], [-3.83719, 43.12901], [-3.83731, 43.12776], [-3.83592, 43.12479], [-3.83635, 43.12356], [-3.83581, 43.123], [-3.83575, 43.12162], [-3.83488, 43.12027], [-3.8337, 43.11968], [-3.83359, 43.1178], [-3.83286, 43.11678], [-3.8294, 43.11582], [-3.82893, 43.11506], [-3.82799, 43.11287], [-3.82813, 43.1111], [-3.82734, 43.11002], [-3.82788, 43.10933], [-3.82744, 43.10793], [-3.82846, 43.10654], [-3.82872, 43.10475], [-3.82816, 43.10383], [-3.82803, 43.10223], [-3.82673, 43.10169], [-3.82508, 43.0991], [-3.82588, 43.09847], [-3.82558, 43.09808], [-3.82591, 43.09562], [-3.82552, 43.09486], [-3.82619, 43.09265], [-3.82731, 43.09223], [-3.82937, 43.09034], [-3.83015, 43.09063], [-3.82665, 43.09306], [-3.82615, 43.09489], [-3.82657, 43.09558], [-3.82622, 43.098], [-3.8266, 43.09854], [-3.82574, 43.09919], [-3.8272, 43.1014], [-3.82863, 43.10206], [-3.82876, 43.10373], [-3.82932, 43.10456], [-3.82907, 43.10666], [-3.82807, 43.10792], [-3.82853, 43.10942], [-3.82796, 43.10999], [-3.82871, 43.11095], [-3.82859, 43.11276], [-3.82987, 43.1155], [-3.83281, 43.1161], [-3.83387, 43.11703], [-3.83428, 43.11949], [-3.83554, 43.12002], [-3.8355, 43.1206], [-3.83636, 43.12152], [-3.83641, 43.12285], [-3.83845, 43.12032], [-3.84019, 43.12014], [-3.84136, 43.11958], [-3.8427, 43.11791], [-3.84472, 43.11641], [-3.84493, 43.11545], [-3.84611, 43.11411], [-3.84745, 43.11326], [-3.84768, 43.11259], [-3.84734, 43.11131], [-3.84833, 43.10945], [-3.84829, 43.10789], [-3.85066, 43.10432], [-3.85245, 43.09937], [-3.85715, 43.09662], [-3.85753, 43.09701], [-3.85297, 43.09964], [-3.85197, 43.10198], [-3.85193, 43.10316], [-3.85137, 43.10348], [-3.85129, 43.10443], [-3.84887, 43.10809], [-3.84893, 43.10958], [-3.84799, 43.1111], [-3.8483, 43.11258], [-3.84783, 43.11359], [-3.84681, 43.11419], [-3.8447, 43.11728], [-3.84316, 43.11821], [-3.84178, 43.11992], [-3.84036, 43.12058], [-3.83881, 43.1207], [-3.83708, 43.1226], [-3.83654, 43.12475], [-3.83791, 43.12761], [-3.83777, 43.12882], [-3.83875, 43.12968], [-3.83848, 43.13133], [-3.83961, 43.1327], [-3.83915, 43.1343], [-3.84006, 43.1353], [-3.83914, 43.13626], [-3.84011, 43.13818], [-3.84124, 43.14658], [-3.84085, 43.14749], [-3.84161, 43.14871], [-3.84116, 43.15061], [-3.8398, 43.15152], [-3.83979, 43.15288], [-3.83881, 43.15362], [-3.83917, 43.15525], [-3.83619, 43.15646], [-3.83712, 43.15695], [-3.83718, 43.15759], [-3.83426, 43.15952], [-3.83386, 43.16089], [-3.83272, 43.16161], [-3.83076, 43.16391], [-3.8296, 43.16444], [-3.82935, 43.16544], [-3.83121, 43.16649], [-3.83377, 43.16579], [-3.83477, 43.16625], [-3.83522, 43.16741], [-3.83462, 43.16895], [-3.84074, 43.16818], [-3.84405, 43.1691], [-3.84532, 43.16821], [-3.84638, 43.1665], [-3.84799, 43.16576], [-3.84941, 43.16695], [-3.84994, 43.16836], [-3.85102, 43.16904], [-3.85622, 43.16717], [-3.85857, 43.1678], [-3.86029, 43.16748], [-3.86209, 43.16924], [-3.86193, 43.17135], [-3.86563, 43.1704], [-3.86704, 43.17065], [-3.86848, 43.17136], [-3.86918, 43.17346], [-3.87, 43.17377], [-3.87193, 43.17315], [-3.87371, 43.17138], [-3.8793, 43.16889], [-3.88794, 43.1689], [-3.89187, 43.16972], [-3.89396, 43.16973], [-3.89394, 43.16813], [-3.89461, 43.16633], [-3.89433, 43.16619], [-3.89753, 43.16464], [-3.89802, 43.16389], [-3.89766, 43.16296], [-3.89445, 43.1613], [-3.89319, 43.15906], [-3.89363, 43.15817], [-3.89543, 43.15672], [-3.89535, 43.15525], [-3.89402, 43.15323], [-3.8967, 43.15057], [-3.89696, 43.1483], [-3.89811, 43.14714], [-3.89812, 43.14631], [-3.8974, 43.14504], [-3.89892, 43.14303], [-3.89879, 43.14215], [-3.89763, 43.14139], [-3.89746, 43.14087], [-3.89927, 43.14005], [-3.89888, 43.13732], [-3.89961, 43.13463], [-3.89848, 43.1295], [-3.8996, 43.12795], [-3.90006, 43.12608], [-3.89958, 43.12254], [-3.90066, 43.11939], [-3.89981, 43.11732], [-3.90066, 43.11374], [-3.90065, 43.11145], [-3.90143, 43.10925], [-3.90054, 43.10817], [-3.90028, 43.10575], [-3.90136, 43.10308], [-3.90051, 43.0993], [-3.90081, 43.09924], [-3.89986, 43.09839], [-3.89991, 43.09774], [-3.89722, 43.09669], [-3.89484, 43.0947], [-3.89426, 43.09294], [-3.89189, 43.09237], [-3.89104, 43.0911], [-3.89108, 43.0903], [-3.88965, 43.0902], [-3.88888, 43.08825], [-3.88747, 43.08807], [-3.8877, 43.08705], [-3.88687, 43.08588], [-3.88736, 43.08533], [-3.88659, 43.08467], [-3.88654, 43.08387], [-3.88532, 43.08313], [-3.88571, 43.08202], [-3.88332, 43.08087], [-3.88278, 43.07969], [-3.88159, 43.07903], [-3.88178, 43.07818], [-3.88071, 43.07769], [-3.87968, 43.0761], [-3.87803, 43.07509], [-3.8777, 43.07438], [-3.87672, 43.07426], [-3.87627, 43.07332], [-3.8743, 43.07313], [-3.87133, 43.07147], [-3.87074, 43.071], [-3.87035, 43.06959], [-3.86929, 43.06941], [-3.86881, 43.06886], [-3.86739, 43.06882], [-3.86665, 43.06795], [-3.86631, 43.06482], [-3.86546, 43.06375], [-3.86416, 43.06355], [-3.86137, 43.06212], [-3.86105, 43.06167], [-3.86144, 43.06054], [-3.86109, 43.06014], [-3.86097, 43.05755], [-3.8588, 43.05486], [-3.86008, 43.05097], [-3.85781, 43.0491], [-3.85738, 43.04839], [-3.85774, 43.04826]], [[-3.94901, 43.39225], [-3.9492, 43.3945], [-3.94809, 43.39589], [-3.94936, 43.39621], [-3.94976, 43.39618], [-3.95045, 43.39493], [-3.95503, 43.39355], [-3.94901, 43.39225]], [[-3.96783, 43.37181], [-3.96603, 43.37281], [-3.96486, 43.37521], [-3.96844, 43.37741], [-3.96904, 43.37447], [-3.97022, 43.37324], [-3.9691, 43.37208], [-3.96783, 43.37181]]]]}, "properties": {"codigo": "ES1300010", "nombre": "Río Pas", "tipo": "ZEC", "ha": 957.3}}, {"type": "Feature", "geometry": {"type": "Polygon", "coordinates": [[[-3.46085, 43.16952], [-3.46142, 43.16969], [-3.46082, 43.17216], [-3.4603, 43.17284], [-3.46022, 43.17504], [-3.46099, 43.17685], [-3.46057, 43.17892], [-3.46213, 43.18123], [-3.46291, 43.18387], [-3.464, 43.18469], [-3.46485, 43.19025], [-3.46661, 43.19172], [-3.46801, 43.19477], [-3.47001, 43.19701], [-3.47134, 43.19963], [-3.47158, 43.20235], [-3.47262, 43.20444], [-3.47355, 43.20497], [-3.47367, 43.20645], [-3.47613, 43.20802], [-3.47667, 43.20959], [-3.47733, 43.20988], [-3.4793, 43.20875], [-3.48161, 43.20907], [-3.4828, 43.20881], [-3.48497, 43.20749], [-3.48307, 43.20553], [-3.48316, 43.20395], [-3.48228, 43.20195], [-3.48289, 43.20029], [-3.48131, 43.19874], [-3.48103, 43.19766], [-3.48132, 43.19624], [-3.4823, 43.19575], [-3.48338, 43.19338], [-3.48374, 43.19176], [-3.48311, 43.19012], [-3.48309, 43.18874], [-3.48377, 43.18627], [-3.48514, 43.18335], [-3.48669, 43.18243], [-3.48713, 43.18001], [-3.48641, 43.17776], [-3.48689, 43.17675], [-3.48543, 43.1715], [-3.48503, 43.17057], [-3.48369, 43.17008], [-3.48223, 43.16878], [-3.48275, 43.16851], [-3.48411, 43.16974], [-3.48555, 43.17031], [-3.48753, 43.17692], [-3.48705, 43.17772], [-3.48774, 43.17997], [-3.48761, 43.18153], [-3.487, 43.18293], [-3.48572, 43.18352], [-3.48438, 43.18636], [-3.4837, 43.18883], [-3.48372, 43.19006], [-3.48435, 43.19169], [-3.484, 43.19345], [-3.48287, 43.19593], [-3.48187, 43.19644], [-3.48166, 43.19767], [-3.48186, 43.19853], [-3.48349, 43.20019], [-3.48352, 43.2009], [-3.4829, 43.20194], [-3.48329, 43.20327], [-3.484, 43.20388], [-3.48366, 43.2054], [-3.48556, 43.20692], [-3.48867, 43.20545], [-3.48933, 43.20438], [-3.49002, 43.20403], [-3.49096, 43.20396], [-3.4927, 43.20483], [-3.49654, 43.20368], [-3.49684, 43.20279], [-3.49744, 43.20251], [-3.50041, 43.20291], [-3.50203, 43.20273], [-3.50325, 43.20035], [-3.5047, 43.19964], [-3.50489, 43.19835], [-3.50609, 43.19749], [-3.50685, 43.19448], [-3.50857, 43.19347], [-3.5091, 43.19257], [-3.51019, 43.19192], [-3.51045, 43.19078], [-3.51165, 43.1898], [-3.51164, 43.18854], [-3.51267, 43.18754], [-3.51224, 43.18647], [-3.51248, 43.18575], [-3.51727, 43.18283], [-3.51843, 43.18278], [-3.51933, 43.18322], [-3.52203, 43.18225], [-3.52389, 43.18338], [-3.52619, 43.18392], [-3.52909, 43.18359], [-3.53437, 43.18406], [-3.53637, 43.18386], [-3.53842, 43.18284], [-3.54018, 43.18267], [-3.54455, 43.18322], [-3.5462, 43.18384], [-3.54851, 43.1836], [-3.54975, 43.185], [-3.55291, 43.18512], [-3.55419, 43.18428], [-3.55552, 43.18422], [-3.55634, 43.18353], [-3.55853, 43.18388], [-3.5577, 43.18288], [-3.55825, 43.18202], [-3.55922, 43.18191], [-3.55984, 43.18092], [-3.56154, 43.18071], [-3.56279, 43.17932], [-3.56426, 43.17929], [-3.56768, 43.17666], [-3.57348, 43.17429], [-3.57751, 43.17322], [-3.57967, 43.17124], [-3.58193, 43.17027], [-3.58363, 43.1687], [-3.5841, 43.16876], [-3.58248, 43.17051], [-3.58006, 43.1716], [-3.57782, 43.17361], [-3.57377, 43.17468], [-3.56798, 43.17706], [-3.56486, 43.17958], [-3.56371, 43.17993], [-3.56182, 43.18127], [-3.56024, 43.18137], [-3.55953, 43.18241], [-3.55836, 43.18284], [-3.55914, 43.18374], [-3.55901, 43.18421], [-3.55771, 43.18432], [-3.55675, 43.18391], [-3.55495, 43.18486], [-3.5556, 43.1859], [-3.55669, 43.18662], [-3.5567, 43.1876], [-3.56004, 43.18824], [-3.56077, 43.18936], [-3.56164, 43.18985], [-3.56266, 43.19025], [-3.56421, 43.19021], [-3.56659, 43.19126], [-3.56704, 43.19381], [-3.56871, 43.19461], [-3.57011, 43.19591], [-3.57145, 43.19625], [-3.57349, 43.19612], [-3.57464, 43.19677], [-3.57526, 43.19647], [-3.57475, 43.19573], [-3.57502, 43.19533], [-3.57689, 43.19507], [-3.57895, 43.19384], [-3.58133, 43.19347], [-3.58255, 43.19397], [-3.58215, 43.19431], [-3.58125, 43.19394], [-3.57966, 43.19416], [-3.57726, 43.19544], [-3.57542, 43.19568], [-3.576, 43.19602], [-3.57579, 43.19678], [-3.57394, 43.19761], [-3.57338, 43.19725], [-3.57333, 43.19658], [-3.57069, 43.19651], [-3.56911, 43.19512], [-3.56666, 43.1942], [-3.56571, 43.19148], [-3.564, 43.19064], [-3.56264, 43.19087], [-3.56029, 43.18965], [-3.5596, 43.18869], [-3.5583, 43.18858], [-3.5575, 43.18802], [-3.55635, 43.1881], [-3.55599, 43.18677], [-3.55418, 43.18525], [-3.55293, 43.18563], [-3.54951, 43.18542], [-3.54832, 43.18403], [-3.54616, 43.1843], [-3.54447, 43.18367], [-3.54015, 43.18312], [-3.53861, 43.18334], [-3.53626, 43.18436], [-3.53268, 43.18464], [-3.52969, 43.18405], [-3.52608, 43.18437], [-3.52192, 43.18299], [-3.51939, 43.18367], [-3.51763, 43.18322], [-3.51319, 43.18595], [-3.5134, 43.18771], [-3.51239, 43.18872], [-3.51237, 43.19005], [-3.51134, 43.19082], [-3.51087, 43.19224], [-3.50759, 43.19472], [-3.5067, 43.1977], [-3.50548, 43.19871], [-3.50526, 43.19997], [-3.50332, 43.20109], [-3.50255, 43.20313], [-3.50011, 43.20352], [-3.4981, 43.20313], [-3.49754, 43.20474], [-3.49435, 43.20512], [-3.49246, 43.20598], [-3.49136, 43.20588], [-3.49035, 43.20476], [-3.48912, 43.20635], [-3.487, 43.2067], [-3.48616, 43.2077], [-3.48346, 43.20909], [-3.48211, 43.20956], [-3.47971, 43.20923], [-3.4782, 43.21034], [-3.47695, 43.21057], [-3.47492, 43.21265], [-3.47399, 43.21257], [-3.47268, 43.21157], [-3.47154, 43.21182], [-3.47304, 43.21427], [-3.47299, 43.21526], [-3.47022, 43.2179], [-3.46995, 43.22089], [-3.46884, 43.22183], [-3.47027, 43.22682], [-3.46907, 43.23232], [-3.46903, 43.23403], [-3.46835, 43.23525], [-3.46716, 43.23609], [-3.46717, 43.23851], [-3.46498, 43.23961], [-3.4646, 43.24031], [-3.46482, 43.24129], [-3.46721, 43.24157], [-3.46794, 43.24209], [-3.46802, 43.24261], [-3.46604, 43.24448], [-3.4623, 43.24594], [-3.46125, 43.24729], [-3.46249, 43.24831], [-3.46249, 43.25037], [-3.4644, 43.25215], [-3.46432, 43.25295], [-3.46757, 43.25462], [-3.46917, 43.25703], [-3.47151, 43.25601], [-3.47399, 43.2558], [-3.47593, 43.25604], [-3.4785, 43.25707], [-3.47907, 43.25757], [-3.47972, 43.2595], [-3.48124, 43.26059], [-3.48217, 43.26241], [-3.48456, 43.26395], [-3.48555, 43.26557], [-3.48822, 43.26695], [-3.49223, 43.26605], [-3.49385, 43.26764], [-3.49764, 43.26888], [-3.4996, 43.26798], [-3.50077, 43.26812], [-3.50493, 43.26944], [-3.5068, 43.27046], [-3.51006, 43.27087], [-3.51232, 43.27179], [-3.51397, 43.273], [-3.51694, 43.27266], [-3.52176, 43.27407], [-3.52457, 43.27597], [-3.52554, 43.27753], [-3.52475, 43.28043], [-3.52524, 43.28307], [-3.52568, 43.28348], [-3.5284, 43.28327], [-3.53233, 43.28227], [-3.53534, 43.28234], [-3.53643, 43.28285], [-3.53666, 43.28252], [-3.53633, 43.28163], [-3.53734, 43.28139], [-3.53876, 43.28175], [-3.53972, 43.28245], [-3.54335, 43.2819], [-3.54429, 43.28264], [-3.54648, 43.28235], [-3.548, 43.2832], [-3.55493, 43.28411], [-3.55795, 43.28493], [-3.56209, 43.28482], [-3.56553, 43.2836], [-3.56699, 43.28206], [-3.56885, 43.28111], [-3.56975, 43.28015], [-3.57278, 43.27916], [-3.57567, 43.27639], [-3.57697, 43.27623], [-3.57958, 43.27694], [-3.58207, 43.27604], [-3.58672, 43.27527], [-3.58955, 43.27548], [-3.59298, 43.27456], [-3.59517, 43.27527], [-3.59674, 43.27397], [-3.59611, 43.27206], [-3.59915, 43.27005], [-3.60019, 43.26706], [-3.60156, 43.2657], [-3.60093, 43.26451], [-3.60126, 43.26172], [-3.60367, 43.25953], [-3.6049, 43.25918], [-3.60461, 43.25781], [-3.60516, 43.25641], [-3.60632, 43.25546], [-3.60573, 43.25451], [-3.60607, 43.25242], [-3.60529, 43.25077], [-3.60642, 43.24708], [-3.60725, 43.24599], [-3.60664, 43.24411], [-3.6068, 43.24209], [-3.60807, 43.2406], [-3.60556, 43.23775], [-3.60574, 43.23555], [-3.60502, 43.23367], [-3.60511, 43.2325], [-3.60315, 43.22954], [-3.60319, 43.22834], [-3.59972, 43.22517], [-3.59898, 43.22378], [-3.59765, 43.22301], [-3.59692, 43.22193], [-3.59701, 43.22132], [-3.59591, 43.22067], [-3.59464, 43.21807], [-3.5944, 43.2166], [-3.59153, 43.21423], [-3.59091, 43.21258], [-3.59151, 43.21162], [-3.59104, 43.21107], [-3.59112, 43.21023], [-3.5891, 43.20871], [-3.58877, 43.20721], [-3.5893, 43.20699], [-3.58974, 43.20773], [-3.58968, 43.20851], [-3.59171, 43.21009], [-3.59164, 43.21095], [-3.59214, 43.21165], [-3.59153, 43.21257], [-3.59208, 43.21401], [-3.59493, 43.21636], [-3.59522, 43.2179], [-3.59647, 43.22049], [-3.5975, 43.22102], [-3.59754, 43.22182], [-3.5982, 43.2228], [-3.59948, 43.22351], [-3.60026, 43.22495], [-3.60377, 43.22818], [-3.60376, 43.22944], [-3.60582, 43.23248], [-3.60592, 43.23397], [-3.6065, 43.23493], [-3.60634, 43.23756], [-3.60844, 43.23962], [-3.60892, 43.24062], [-3.60756, 43.24202], [-3.60755, 43.24425], [-3.60813, 43.24604], [-3.60713, 43.24724], [-3.60707, 43.24826], [-3.60616, 43.25021], [-3.60691, 43.25589], [-3.60602, 43.25659], [-3.60546, 43.25776], [-3.60558, 43.25926], [-3.60202, 43.26193], [-3.60166, 43.26404], [-3.60223, 43.26601], [-3.60091, 43.26726], [-3.60005, 43.26987], [-3.59674, 43.27231], [-3.59758, 43.27412], [-3.59638, 43.2754], [-3.59737, 43.2752], [-3.59885, 43.27553], [-3.5998, 43.27502], [-3.59977, 43.27458], [-3.60034, 43.2741], [-3.60131, 43.27434], [-3.60178, 43.27395], [-3.60308, 43.2742], [-3.60451, 43.27389], [-3.60546, 43.27595], [-3.60773, 43.27702], [-3.60975, 43.27643], [-3.61169, 43.27687], [-3.61263, 43.27604], [-3.61433, 43.27654], [-3.61843, 43.27593], [-3.6281, 43.27732], [-3.63123, 43.27986], [-3.63241, 43.27959], [-3.63735, 43.28001], [-3.63858, 43.27922], [-3.64148, 43.2789], [-3.64444, 43.27924], [-3.64628, 43.27902], [-3.64937, 43.28012], [-3.64892, 43.28044], [-3.64714, 43.27965], [-3.64144, 43.27936], [-3.63882, 43.27964], [-3.63736, 43.28047], [-3.63105, 43.28019], [-3.62781, 43.27773], [-3.61836, 43.27638], [-3.61413, 43.27704], [-3.61277, 43.27649], [-3.6119, 43.27731], [-3.6098, 43.2769], [-3.60883, 43.27742], [-3.60763, 43.27748], [-3.60488, 43.27617], [-3.60511, 43.276], [-3.60433, 43.27409], [-3.60307, 43.27446], [-3.60215, 43.2742], [-3.60128, 43.27441], [-3.60035, 43.27418], [-3.5997, 43.27566], [-3.5986, 43.27601], [-3.59741, 43.27567], [-3.59516, 43.27604], [-3.59307, 43.27526], [-3.58903, 43.27617], [-3.58585, 43.27591], [-3.58355, 43.27667], [-3.58167, 43.27668], [-3.57964, 43.27754], [-3.57622, 43.2769], [-3.57335, 43.27965], [-3.56999, 43.28096], [-3.56748, 43.2827], [-3.56623, 43.2841], [-3.56392, 43.28507], [-3.55936, 43.28501], [-3.5581, 43.28554], [-3.5472, 43.28372], [-3.54618, 43.28289], [-3.54401, 43.28331], [-3.54303, 43.28255], [-3.53935, 43.28325], [-3.53828, 43.28227], [-3.5373, 43.28199], [-3.53725, 43.28316], [-3.53671, 43.28342], [-3.53492, 43.28293], [-3.53211, 43.28294], [-3.52561, 43.28409], [-3.52452, 43.28369], [-3.52393, 43.28078], [-3.52435, 43.27888], [-3.52477, 43.27899], [-3.52523, 43.27748], [-3.52126, 43.27467], [-3.51984, 43.27412], [-3.51949, 43.2744], [-3.51359, 43.27362], [-3.51053, 43.27178], [-3.50884, 43.27124], [-3.50754, 43.27159], [-3.50572, 43.27045], [-3.50035, 43.26872], [-3.49764, 43.2693], [-3.49356, 43.26829], [-3.49182, 43.2668], [-3.48905, 43.26775], [-3.48757, 43.26742], [-3.48565, 43.26667], [-3.48337, 43.26413], [-3.48122, 43.26255], [-3.4805, 43.26095], [-3.47884, 43.25974], [-3.47809, 43.25758], [-3.47499, 43.25648], [-3.47148, 43.25668], [-3.47017, 43.25801], [-3.47041, 43.26099], [-3.47005, 43.26247], [-3.46936, 43.26319], [-3.46738, 43.2629], [-3.45876, 43.26436], [-3.45458, 43.26764], [-3.452, 43.27106], [-3.45216, 43.27198], [-3.45351, 43.27309], [-3.45342, 43.27513], [-3.45039, 43.27814], [-3.44501, 43.28], [-3.44618, 43.28115], [-3.44548, 43.28362], [-3.44465, 43.28485], [-3.44323, 43.28531], [-3.43772, 43.28326], [-3.43498, 43.28336], [-3.435, 43.28445], [-3.43597, 43.28613], [-3.43936, 43.28787], [-3.44046, 43.28887], [-3.44075, 43.28952], [-3.44027, 43.29021], [-3.44017, 43.29172], [-3.44214, 43.29167], [-3.44301, 43.2923], [-3.44299, 43.29476], [-3.44498, 43.2983], [-3.44501, 43.30041], [-3.45229, 43.30759], [-3.45244, 43.30864], [-3.45172, 43.30931], [-3.45067, 43.3095], [-3.44759, 43.30787], [-3.44688, 43.30799], [-3.44644, 43.3102], [-3.44892, 43.31352], [-3.449, 43.31404], [-3.44864, 43.31405], [-3.44838, 43.31486], [-3.44878, 43.31494], [-3.44634, 43.31662], [-3.44576, 43.319], [-3.43891, 43.32137], [-3.43833, 43.32215], [-3.43793, 43.32392], [-3.44292, 43.32762], [-3.44221, 43.32878], [-3.44127, 43.3294], [-3.43698, 43.33018], [-3.43385, 43.33026], [-3.43224, 43.33078], [-3.43208, 43.33167], [-3.43323, 43.33259], [-3.43433, 43.33436], [-3.434, 43.33539], [-3.432, 43.33662], [-3.42797, 43.33748], [-3.42753, 43.33858], [-3.42781, 43.341], [-3.42656, 43.3431], [-3.42422, 43.34401], [-3.42009, 43.34441], [-3.41839, 43.34567], [-3.41771, 43.34692], [-3.41791, 43.34916], [-3.41936, 43.35], [-3.42238, 43.35061], [-3.42653, 43.34839], [-3.42653, 43.34959], [-3.42263, 43.35134], [-3.41985, 43.35089], [-3.41773, 43.35], [-3.41701, 43.34932], [-3.41672, 43.34816], [-3.41687, 43.34665], [-3.41751, 43.34547], [-3.41996, 43.34383], [-3.42506, 43.34299], [-3.42653, 43.34113], [-3.42661, 43.33816], [-3.42736, 43.33673], [-3.43048, 43.3362], [-3.43328, 43.33492], [-3.43273, 43.33351], [-3.43114, 43.33142], [-3.43165, 43.33004], [-3.43367, 43.3295], [-3.43675, 43.3295], [-3.44175, 43.32801], [-3.43733, 43.32431], [-3.43695, 43.32339], [-3.43707, 43.32227], [-3.4385, 43.32064], [-3.44023, 43.3203], [-3.44292, 43.31901], [-3.44472, 43.31659], [-3.44808, 43.31417], [-3.44799, 43.31338], [-3.4477, 43.31346], [-3.44668, 43.31206], [-3.44696, 43.31197], [-3.44545, 43.30989], [-3.44581, 43.30774], [-3.44672, 43.30712], [-3.44804, 43.30704], [-3.44939, 43.30838], [-3.45065, 43.30882], [-3.45095, 43.30773], [-3.44427, 43.30082], [-3.44397, 43.2985], [-3.44222, 43.29519], [-3.44209, 43.29244], [-3.4416, 43.29224], [-3.44036, 43.29315], [-3.43917, 43.29336], [-3.43736, 43.29304], [-3.43708, 43.29229], [-3.43844, 43.29119], [-3.43952, 43.28917], [-3.43521, 43.28685], [-3.43448, 43.2854], [-3.43418, 43.28387], [-3.43469, 43.2825], [-3.43601, 43.28226], [-3.43764, 43.28104], [-3.44253, 43.27948], [-3.44131, 43.27685], [-3.43853, 43.27496], [-3.43771, 43.27364], [-3.4351, 43.27232], [-3.43394, 43.27223], [-3.43199, 43.27276], [-3.42957, 43.27222], [-3.42638, 43.26917], [-3.42573, 43.26655], [-3.41905, 43.26361], [-3.41541, 43.26285], [-3.41455, 43.26126], [-3.4126, 43.2616], [-3.41091, 43.26132], [-3.40867, 43.25968], [-3.40609, 43.25904], [-3.40304, 43.25649], [-3.39975, 43.25576], [-3.39416, 43.25374], [-3.39241, 43.25197], [-3.39309, 43.25147], [-3.39529, 43.25359], [-3.40374, 43.2562], [-3.40679, 43.2589], [-3.40881, 43.25914], [-3.41212, 43.26097], [-3.41505, 43.26084], [-3.41561, 43.26128], [-3.41598, 43.26247], [-3.41858, 43.26289], [-3.42639, 43.26609], [-3.42697, 43.26708], [-3.42728, 43.26902], [-3.4303, 43.2718], [-3.4317, 43.27213], [-3.43344, 43.27158], [-3.43488, 43.27161], [-3.43814, 43.27311], [-3.43929, 43.27474], [-3.44222, 43.27679], [-3.44338, 43.27942], [-3.44307, 43.28001], [-3.43818, 43.28128], [-3.43657, 43.28266], [-3.43999, 43.28341], [-3.44329, 43.28468], [-3.44421, 43.28416], [-3.44494, 43.28185], [-3.44498, 43.28119], [-3.44405, 43.28017], [-3.44437, 43.27956], [-3.44969, 43.27781], [-3.45121, 43.27571], [-3.45254, 43.27489], [-3.45268, 43.27382], [-3.45142, 43.27185], [-3.45137, 43.27098], [-3.45447, 43.26665], [-3.45929, 43.26354], [-3.46936, 43.26241], [-3.4698, 43.26113], [-3.46961, 43.25865], [-3.46787, 43.25566], [-3.46609, 43.25411], [-3.46381, 43.2535], [-3.46342, 43.25222], [-3.4618, 43.25069], [-3.46169, 43.24861], [-3.46029, 43.24748], [-3.46147, 43.24574], [-3.46526, 43.24399], [-3.46607, 43.24288], [-3.46586, 43.24216], [-3.46417, 43.24161], [-3.46377, 43.24022], [-3.46453, 43.23909], [-3.4664, 43.23826], [-3.46634, 43.23595], [-3.46821, 43.23397], [-3.46953, 43.22675], [-3.46912, 43.22452], [-3.46829, 43.22353], [-3.46832, 43.22247], [-3.46772, 43.22163], [-3.46916, 43.22084], [-3.46934, 43.218], [-3.47228, 43.21455], [-3.47067, 43.21181], [-3.4713, 43.21124], [-3.47262, 43.21095], [-3.47464, 43.21208], [-3.47562, 43.21117], [-3.47514, 43.21022], [-3.47613, 43.20929], [-3.47562, 43.20828], [-3.47311, 43.20663], [-3.47296, 43.20512], [-3.47206, 43.20466], [-3.471, 43.2025], [-3.47076, 43.19978], [-3.46944, 43.19717], [-3.46744, 43.19496], [-3.46609, 43.19197], [-3.46426, 43.19041], [-3.4634, 43.18479], [-3.46236, 43.18409], [-3.46152, 43.18131], [-3.45991, 43.17869], [-3.46038, 43.17691], [-3.4596, 43.17508], [-3.45968, 43.17281], [-3.46023, 43.17202], [-3.46085, 43.16952]]]}, "properties": {"codigo": "ES1300011", "nombre": "Río Asón", "tipo": "ZEC", "ha": 530.4}}, {"type": "Feature", "geometry": {"type": "Polygon", "coordinates": [[[-3.2574, 43.29208], [-3.25657, 43.29369], [-3.25742, 43.29509], [-3.25923, 43.29561], [-3.25988, 43.29666], [-3.25763, 43.29972], [-3.2617, 43.30014], [-3.26169, 43.30103], [-3.26084, 43.30296], [-3.2624, 43.3042], [-3.26177, 43.30528], [-3.26307, 43.30703], [-3.26192, 43.30813], [-3.26292, 43.30943], [-3.26249, 43.31111], [-3.26298, 43.31185], [-3.26377, 43.31216], [-3.26499, 43.31151], [-3.26649, 43.31203], [-3.26726, 43.3127], [-3.26772, 43.31461], [-3.26853, 43.3151], [-3.27125, 43.31418], [-3.27499, 43.31522], [-3.27666, 43.31614], [-3.27868, 43.31817], [-3.28294, 43.31891], [-3.28498, 43.32076], [-3.28933, 43.31908], [-3.29055, 43.3192], [-3.29088, 43.31986], [-3.29034, 43.32294], [-3.29062, 43.32406], [-3.29418, 43.32441], [-3.29428, 43.32518], [-3.29535, 43.32611], [-3.29544, 43.32663], [-3.29763, 43.32499], [-3.29855, 43.32495], [-3.30036, 43.32615], [-3.30118, 43.32737], [-3.30113, 43.32828], [-3.30056, 43.32907], [-3.30215, 43.32902], [-3.30381, 43.32952], [-3.30633, 43.3317], [-3.3104, 43.33209], [-3.31403, 43.33158], [-3.31668, 43.33272], [-3.31831, 43.33378], [-3.319, 43.33486], [-3.31818, 43.33861], [-3.31942, 43.34274], [-3.32042, 43.34327], [-3.31986, 43.34233], [-3.32, 43.34121], [-3.32074, 43.34031], [-3.32241, 43.33976], [-3.32231, 43.33834], [-3.32343, 43.33721], [-3.32297, 43.33645], [-3.32311, 43.33591], [-3.32731, 43.33408], [-3.32846, 43.33139], [-3.33244, 43.32512], [-3.33513, 43.32367], [-3.33532, 43.32311], [-3.3349, 43.32243], [-3.33549, 43.32132], [-3.33582, 43.31723], [-3.33729, 43.31463], [-3.33701, 43.31411], [-3.3383, 43.3127], [-3.33772, 43.31125], [-3.33781, 43.30791], [-3.33723, 43.30749], [-3.33624, 43.30755], [-3.33427, 43.30592], [-3.33373, 43.3051], [-3.33404, 43.30421], [-3.33375, 43.30287], [-3.33121, 43.30136], [-3.32969, 43.2979], [-3.33145, 43.30117], [-3.33434, 43.30272], [-3.33467, 43.30422], [-3.33432, 43.30493], [-3.33491, 43.3058], [-3.33651, 43.30712], [-3.3378, 43.30716], [-3.33841, 43.30774], [-3.33863, 43.31083], [-3.33834, 43.31124], [-3.33891, 43.31281], [-3.33769, 43.3142], [-3.33779, 43.31499], [-3.33646, 43.31726], [-3.33611, 43.32134], [-3.33553, 43.32241], [-3.33596, 43.32302], [-3.3357, 43.32385], [-3.33296, 43.32537], [-3.32903, 43.33156], [-3.32785, 43.33431], [-3.32363, 43.33617], [-3.32404, 43.33735], [-3.32291, 43.33845], [-3.32298, 43.33994], [-3.3222, 43.34057], [-3.32116, 43.34065], [-3.32048, 43.34186], [-3.32116, 43.34321], [-3.32317, 43.34355], [-3.32406, 43.34465], [-3.3295, 43.34836], [-3.32972, 43.35392], [-3.33089, 43.3581], [-3.32984, 43.36026], [-3.32627, 43.36225], [-3.32476, 43.36624], [-3.32255, 43.36741], [-3.31973, 43.36727], [-3.31909, 43.37028], [-3.31951, 43.37177], [-3.32138, 43.37258], [-3.32104, 43.37517], [-3.3219, 43.37762], [-3.32177, 43.37832], [-3.32271, 43.38027], [-3.31967, 43.39294], [-3.31884, 43.39424], [-3.31905, 43.39591], [-3.31706, 43.39727], [-3.32025, 43.39845], [-3.32618, 43.40171], [-3.32662, 43.40252], [-3.32609, 43.40522], [-3.32611, 43.40324], [-3.32572, 43.40274], [-3.31915, 43.39894], [-3.31701, 43.3982], [-3.31654, 43.39872], [-3.31679, 43.40045], [-3.31582, 43.40234], [-3.31341, 43.40317], [-3.31327, 43.40292], [-3.31581, 43.40174], [-3.31654, 43.4001], [-3.31645, 43.39909], [-3.31453, 43.39493], [-3.31467, 43.39165], [-3.31655, 43.38949], [-3.31855, 43.38832], [-3.31839, 43.38632], [-3.31928, 43.38592], [-3.32031, 43.38609], [-3.32173, 43.38085], [-3.32019, 43.37549], [-3.32062, 43.37293], [-3.31857, 43.37194], [-3.31837, 43.37116], [-3.31863, 43.36784], [-3.31943, 43.36663], [-3.32257, 43.36682], [-3.32416, 43.36588], [-3.32562, 43.36199], [-3.32865, 43.36038], [-3.32985, 43.35916], [-3.33013, 43.35812], [-3.32889, 43.35332], [-3.32878, 43.34863], [-3.32548, 43.34594], [-3.32334, 43.34486], [-3.32287, 43.34389], [-3.32003, 43.34367], [-3.31892, 43.34312], [-3.31745, 43.33866], [-3.31821, 43.33492], [-3.31769, 43.33411], [-3.31492, 43.33277], [-3.31419, 43.33195], [-3.30919, 43.33259], [-3.30585, 43.33219], [-3.30356, 43.33007], [-3.29986, 43.32931], [-3.30045, 43.32745], [-3.29831, 43.32551], [-3.29615, 43.32695], [-3.29486, 43.32705], [-3.29456, 43.32628], [-3.29349, 43.3254], [-3.2934, 43.32477], [-3.29013, 43.32491], [-3.28937, 43.32284], [-3.28991, 43.31969], [-3.28587, 43.32132], [-3.28465, 43.32136], [-3.28248, 43.31947], [-3.27818, 43.31868], [-3.27595, 43.3165], [-3.27389, 43.31554], [-3.27118, 43.31475], [-3.26938, 43.31569], [-3.26848, 43.31571], [-3.26685, 43.31469], [-3.266, 43.31261], [-3.26502, 43.31217], [-3.26363, 43.31278], [-3.26217, 43.3121], [-3.2616, 43.31109], [-3.26209, 43.30965], [-3.26113, 43.30829], [-3.2612, 43.30768], [-3.26222, 43.30722], [-3.26107, 43.30529], [-3.26148, 43.3042], [-3.25996, 43.30285], [-3.26058, 43.30193], [-3.26071, 43.30063], [-3.25783, 43.30054], [-3.25683, 43.29995], [-3.25706, 43.29911], [-3.25908, 43.29666], [-3.25875, 43.29612], [-3.25683, 43.29524], [-3.25599, 43.29405], [-3.25591, 43.29324], [-3.25659, 43.29204], [-3.2574, 43.29208]]]}, "properties": {"codigo": "ES1300012", "nombre": "Río Agüera", "tipo": "ZEC", "ha": 185.2}}, {"type": "Feature", "geometry": {"type": "MultiPolygon", "coordinates": [[[[-3.96341, 42.78664], [-3.96936, 42.78789], [-3.97157, 42.78955], [-3.9721, 42.79151], [-3.97186, 42.79762], [-3.97212, 42.80012], [-3.97535, 42.80153], [-3.97634, 42.8027], [-3.97891, 42.80309], [-3.98231, 42.80019], [-3.9824, 42.79685], [-3.98269, 42.79672], [-3.9822, 42.79478], [-3.98427, 42.79384], [-3.98454, 42.79006], [-3.98518, 42.78849], [-3.98637, 42.78701], [-3.98809, 42.78615], [-3.99561, 42.78556], [-3.99703, 42.78729], [-3.99577, 42.78627], [-3.99492, 42.78616], [-3.98891, 42.78683], [-3.98718, 42.78745], [-3.98575, 42.78943], [-3.98507, 42.79366], [-3.98401, 42.79486], [-3.98318, 42.79494], [-3.98291, 42.79563], [-3.98311, 42.79747], [-3.98343, 42.79757], [-3.98307, 42.80033], [-3.97985, 42.80342], [-3.97882, 42.80372], [-3.97639, 42.80364], [-3.97457, 42.80205], [-3.97141, 42.8005], [-3.97097, 42.79696], [-3.97121, 42.79151], [-3.97077, 42.78998], [-3.96978, 42.78899], [-3.96374, 42.78729], [-3.96079, 42.78869], [-3.95825, 42.78912], [-3.95748, 42.79027], [-3.95718, 42.7933], [-3.96016, 42.79638], [-3.96185, 42.79883], [-3.96176, 42.79934], [-3.95977, 42.80121], [-3.95686, 42.80166], [-3.94942, 42.80398], [-3.94417, 42.80361], [-3.94119, 42.80266], [-3.93673, 42.8019], [-3.93559, 42.80202], [-3.93426, 42.80304], [-3.93146, 42.80302], [-3.92592, 42.80388], [-3.92369, 42.80512], [-3.92336, 42.80654], [-3.92353, 42.8095], [-3.92659, 42.81329], [-3.92473, 42.8161], [-3.92355, 42.81677], [-3.92234, 42.81627], [-3.91773, 42.81607], [-3.91338, 42.81737], [-3.90914, 42.82125], [-3.9083, 42.82326], [-3.90232, 42.82737], [-3.89881, 42.83043], [-3.89478, 42.8328], [-3.89322, 42.83271], [-3.88778, 42.83118], [-3.88487, 42.83247], [-3.88159, 42.83537], [-3.87947, 42.8362], [-3.8732, 42.83557], [-3.86968, 42.8339], [-3.86664, 42.83363], [-3.86462, 42.83231], [-3.85946, 42.83313], [-3.85765, 42.83433], [-3.85534, 42.83503], [-3.85202, 42.83452], [-3.84866, 42.83497], [-3.84622, 42.83271], [-3.84279, 42.83081], [-3.83916, 42.83021], [-3.83532, 42.83055], [-3.83344, 42.8312], [-3.83164, 42.83099], [-3.83069, 42.8304], [-3.82993, 42.82928], [-3.82992, 42.82791], [-3.83052, 42.82614], [-3.82965, 42.82506], [-3.82423, 42.82453], [-3.82181, 42.82543], [-3.82015, 42.82746], [-3.82022, 42.8267], [-3.81989, 42.82642], [-3.82192, 42.82438], [-3.82452, 42.8238], [-3.82969, 42.82416], [-3.83049, 42.82441], [-3.83144, 42.82549], [-3.83081, 42.82882], [-3.83051, 42.82885], [-3.83157, 42.83054], [-3.83296, 42.8308], [-3.83521, 42.82987], [-3.83922, 42.82955], [-3.84306, 42.83024], [-3.84663, 42.83215], [-3.84925, 42.83435], [-3.85226, 42.83387], [-3.8555, 42.83425], [-3.85968, 42.83269], [-3.86479, 42.83157], [-3.86718, 42.83311], [-3.87075, 42.83344], [-3.87317, 42.83484], [-3.87939, 42.83558], [-3.88118, 42.83478], [-3.88392, 42.83221], [-3.88775, 42.8304], [-3.89287, 42.83201], [-3.89483, 42.8321], [-3.89963, 42.82897], [-3.90245, 42.82627], [-3.90443, 42.82502], [-3.90461, 42.82447], [-3.90543, 42.82425], [-3.90545, 42.82363], [-3.90757, 42.82279], [-3.90866, 42.82065], [-3.91276, 42.8169], [-3.91731, 42.81547], [-3.92402, 42.81577], [-3.92558, 42.81337], [-3.92287, 42.8102], [-3.92246, 42.80719], [-3.92275, 42.80521], [-3.92459, 42.80359], [-3.93021, 42.80228], [-3.93372, 42.80239], [-3.93482, 42.80158], [-3.93648, 42.80117], [-3.94145, 42.80191], [-3.94408, 42.80283], [-3.94701, 42.80279], [-3.94919, 42.80334], [-3.95762, 42.80074], [-3.95917, 42.80068], [-3.96059, 42.79866], [-3.95616, 42.79338], [-3.95646, 42.79018], [-3.95737, 42.78872], [-3.96105, 42.78787], [-3.96341, 42.78664]]], [[[-3.99636, 42.79812], [-3.99674, 42.80033], [-3.99726, 42.80111], [-3.99671, 42.8004], [-3.99644, 42.79983], [-3.9961, 42.79854], [-3.99631, 42.79157], [-3.99719, 42.78905], [-3.99665, 42.79083], [-3.99636, 42.79812]]], [[[-4.07381, 42.76086], [-4.07088, 42.76159], [-4.06872, 42.76334], [-4.06832, 42.76459], [-4.07135, 42.76444], [-4.07561, 42.76319], [-4.0758, 42.76362], [-4.07143, 42.7649], [-4.06802, 42.76498], [-4.06319, 42.76642], [-4.06052, 42.76865], [-4.063, 42.76901], [-4.07007, 42.76731], [-4.07025, 42.76774], [-4.06311, 42.76945], [-4.0602, 42.76904], [-4.05862, 42.77014], [-4.05766, 42.77282], [-4.05694, 42.77329], [-4.05706, 42.7776], [-4.05332, 42.78098], [-4.05406, 42.78392], [-4.05681, 42.78696], [-4.05644, 42.79085], [-4.05448, 42.7943], [-4.05474, 42.79517], [-4.05403, 42.79605], [-4.05452, 42.79799], [-4.05402, 42.80048], [-4.05339, 42.80088], [-4.05362, 42.80247], [-4.05526, 42.80241], [-4.05814, 42.80035], [-4.06232, 42.79909], [-4.0727, 42.79799], [-4.0736, 42.79713], [-4.07352, 42.79446], [-4.07388, 42.79344], [-4.07334, 42.79228], [-4.07325, 42.78713], [-4.07386, 42.78712], [-4.07395, 42.79228], [-4.07448, 42.7931], [-4.07412, 42.79655], [-4.07585, 42.79403], [-4.07712, 42.79339], [-4.07899, 42.79103], [-4.08062, 42.78828], [-4.09025, 42.78762], [-4.09028, 42.78807], [-4.081, 42.78864], [-4.07764, 42.79364], [-4.07645, 42.79421], [-4.07362, 42.7979], [-4.08087, 42.7972], [-4.08733, 42.79752], [-4.08788, 42.7982], [-4.09238, 42.79777], [-4.09077, 42.79852], [-4.08759, 42.79866], [-4.08708, 42.79796], [-4.07991, 42.79767], [-4.06449, 42.79928], [-4.05882, 42.80058], [-4.05546, 42.80285], [-4.04788, 42.80296], [-4.04726, 42.80369], [-4.0443, 42.80385], [-4.04318, 42.80442], [-4.03874, 42.80451], [-4.03799, 42.80407], [-4.03785, 42.80456], [-4.03879, 42.80656], [-4.03754, 42.8096], [-4.03857, 42.81219], [-4.03847, 42.8135], [-4.04234, 42.81723], [-4.04237, 42.82001], [-4.04068, 42.82362], [-4.04061, 42.82454], [-4.04083, 42.82575], [-4.04314, 42.82936], [-4.04397, 42.83307], [-4.04342, 42.83478], [-4.0404, 42.8365], [-4.03809, 42.83847], [-4.0377, 42.84351], [-4.03655, 42.84656], [-4.03828, 42.84955], [-4.03852, 42.85182], [-4.03787, 42.85208], [-4.03825, 42.85215], [-4.03856, 42.85327], [-4.03982, 42.8548], [-4.03988, 42.85732], [-4.04223, 42.85851], [-4.04466, 42.85901], [-4.04542, 42.85954], [-4.04554, 42.86021], [-4.04693, 42.85971], [-4.04959, 42.86017], [-4.05172, 42.86116], [-4.05234, 42.86104], [-4.05329, 42.86109], [-4.05515, 42.85964], [-4.05881, 42.85989], [-4.06164, 42.85967], [-4.06373, 42.85874], [-4.06608, 42.85888], [-4.07084, 42.85502], [-4.07421, 42.8535], [-4.07558, 42.85349], [-4.07687, 42.85283], [-4.08186, 42.85196], [-4.08568, 42.85061], [-4.08932, 42.84865], [-4.0882, 42.84839], [-4.07682, 42.84968], [-4.07497, 42.84945], [-4.0724, 42.85049], [-4.06308, 42.84956], [-4.06046, 42.84988], [-4.05846, 42.84941], [-4.05884, 42.84802], [-4.06206, 42.84634], [-4.06218, 42.843], [-4.06369, 42.84098], [-4.06571, 42.84142], [-4.06869, 42.84048], [-4.06926, 42.83926], [-4.07353, 42.83741], [-4.08376, 42.83721], [-4.09035, 42.83615], [-4.09326, 42.83351], [-4.09399, 42.83327], [-4.09375, 42.83185], [-4.09248, 42.83068], [-4.09819, 42.82905], [-4.10119, 42.82987], [-4.10354, 42.83116], [-4.10784, 42.83159], [-4.11047, 42.83119], [-4.11052, 42.83172], [-4.1121, 42.83157], [-4.11418, 42.83199], [-4.11543, 42.83411], [-4.11521, 42.83479], [-4.11353, 42.83622], [-4.11341, 42.84387], [-4.11487, 42.84393], [-4.1164, 42.84475], [-4.11395, 42.84527], [-4.11584, 42.84755], [-4.11446, 42.84925], [-4.11289, 42.85017], [-4.11523, 42.85193], [-4.11743, 42.85238], [-4.11933, 42.85208], [-4.11953, 42.85251], [-4.11799, 42.85282], [-4.11586, 42.85261], [-4.11419, 42.85193], [-4.11234, 42.85041], [-4.10737, 42.85242], [-4.11178, 42.8548], [-4.11472, 42.8559], [-4.11667, 42.85859], [-4.11949, 42.85831], [-4.11971, 42.85873], [-4.11634, 42.85897], [-4.11517, 42.85786], [-4.11427, 42.85622], [-4.11152, 42.85521], [-4.10688, 42.85273], [-4.10057, 42.8543], [-4.09859, 42.85428], [-4.09146, 42.85153], [-4.08895, 42.84947], [-4.08304, 42.85213], [-4.07456, 42.85393], [-4.0715, 42.8552], [-4.06829, 42.8577], [-4.07081, 42.85868], [-4.07878, 42.85963], [-4.08128, 42.8592], [-4.08429, 42.85805], [-4.08448, 42.85847], [-4.0815, 42.85962], [-4.07929, 42.86007], [-4.0765, 42.85984], [-4.07063, 42.85911], [-4.06808, 42.85813], [-4.06629, 42.85932], [-4.06384, 42.85918], [-4.06178, 42.86011], [-4.05877, 42.86035], [-4.05511, 42.86013], [-4.0544, 42.86088], [-4.05422, 42.86076], [-4.05332, 42.86118], [-4.05173, 42.86128], [-4.04693, 42.86017], [-4.04635, 42.86067], [-4.04531, 42.86064], [-4.04488, 42.85976], [-4.04413, 42.85936], [-4.04396, 42.85996], [-4.04176, 42.8612], [-4.03879, 42.85895], [-4.0385, 42.86001], [-4.03909, 42.86455], [-4.03402, 42.86568], [-4.03403, 42.86694], [-4.03566, 42.87123], [-4.03448, 42.87489], [-4.036, 42.87747], [-4.03695, 42.88062], [-4.03511, 42.88301], [-4.03417, 42.88522], [-4.03396, 42.88676], [-4.03247, 42.88825], [-4.03249, 42.88863], [-4.03295, 42.88919], [-4.03428, 42.88905], [-4.03678, 42.88968], [-4.03779, 42.89019], [-4.03837, 42.89114], [-4.0382, 42.89177], [-4.03735, 42.89224], [-4.03318, 42.89186], [-4.0323, 42.89371], [-4.03315, 42.8947], [-4.03733, 42.89637], [-4.04029, 42.89508], [-4.04131, 42.89403], [-4.04401, 42.8934], [-4.05131, 42.89322], [-4.05411, 42.89211], [-4.06, 42.89177], [-4.06181, 42.89323], [-4.06486, 42.8922], [-4.0657, 42.89442], [-4.07318, 42.89072], [-4.07862, 42.88978], [-4.0807, 42.89039], [-4.08169, 42.88974], [-4.08551, 42.88913], [-4.08908, 42.89128], [-4.09276, 42.89733], [-4.09498, 42.89968], [-4.09765, 42.90141], [-4.10074, 42.90506], [-4.10034, 42.9056], [-4.10033, 42.9067], [-4.09944, 42.90742], [-4.09841, 42.90738], [-4.09706, 42.90805], [-4.09483, 42.90816], [-4.09413, 42.90856], [-4.09305, 42.90842], [-4.09247, 42.90903], [-4.09095, 42.90943], [-4.08838, 42.90875], [-4.08884, 42.91092], [-4.08738, 42.91074], [-4.08581, 42.91222], [-4.08473, 42.91194], [-4.08467, 42.9125], [-4.08409, 42.91286], [-4.07998, 42.91188], [-4.07837, 42.91089], [-4.07808, 42.91006], [-4.07674, 42.90915], [-4.07554, 42.91013], [-4.07329, 42.91054], [-4.07061, 42.90891], [-4.06912, 42.90912], [-4.06651, 42.9079], [-4.06401, 42.90753], [-4.06195, 42.90791], [-4.06043, 42.90676], [-4.05498, 42.90608], [-4.04661, 42.90746], [-4.04568, 42.90805], [-4.04445, 42.90985], [-4.03403, 42.90628], [-4.03223, 42.90754], [-4.0308, 42.90751], [-4.02938, 42.90822], [-4.02887, 42.90997], [-4.02719, 42.91064], [-4.02679, 42.91227], [-4.02753, 42.9129], [-4.02754, 42.91383], [-4.02729, 42.91475], [-4.02578, 42.91655], [-4.02575, 42.91979], [-4.02585, 42.92028], [-4.02767, 42.92119], [-4.02714, 42.92185], [-4.02723, 42.92248], [-4.02627, 42.92315], [-4.02583, 42.92408], [-4.02715, 42.92422], [-4.02872, 42.92383], [-4.03016, 42.92461], [-4.0318, 42.92832], [-4.03412, 42.92901], [-4.03461, 42.92995], [-4.03446, 42.93054], [-4.03314, 42.93173], [-4.03128, 42.93201], [-4.03049, 42.93274], [-4.03053, 42.93327], [-4.03288, 42.93371], [-4.03557, 42.93362], [-4.03978, 42.93538], [-4.04382, 42.9345], [-4.04897, 42.93773], [-4.04939, 42.93829], [-4.04919, 42.93988], [-4.04731, 42.94295], [-4.04846, 42.94428], [-4.05104, 42.94498], [-4.05233, 42.94631], [-4.05359, 42.94885], [-4.05461, 42.94989], [-4.0548, 42.95064], [-4.05433, 42.9521], [-4.05519, 42.95336], [-4.055, 42.95511], [-4.0546, 42.95561], [-4.05711, 42.95852], [-4.05852, 42.96099], [-4.05886, 42.96372], [-4.05932, 42.96438], [-4.05917, 42.96565], [-4.05818, 42.9663], [-4.05573, 42.96683], [-4.05284, 42.96876], [-4.05253, 42.96928], [-4.05271, 42.97037], [-4.05309, 42.97045], [-4.0518, 42.97234], [-4.05205, 42.97315], [-4.04876, 42.97433], [-4.05219, 42.97516], [-4.0548, 42.97469], [-4.05561, 42.97571], [-4.05637, 42.97582], [-4.05749, 42.97284], [-4.05789, 42.97266], [-4.05883, 42.97308], [-4.05843, 42.97374], [-4.05917, 42.9745], [-4.05863, 42.97547], [-4.05925, 42.97577], [-4.06276, 42.97445], [-4.06542, 42.975], [-4.06785, 42.97454], [-4.06899, 42.97496], [-4.06956, 42.97444], [-4.07019, 42.97493], [-4.0717, 42.97496], [-4.07252, 42.9757], [-4.07518, 42.97541], [-4.07559, 42.97505], [-4.07502, 42.97418], [-4.07503, 42.97333], [-4.07554, 42.9734], [-4.07567, 42.97409], [-4.07678, 42.97513], [-4.08037, 42.97427], [-4.08115, 42.97358], [-4.08487, 42.97504], [-4.08581, 42.97442], [-4.08632, 42.97523], [-4.08789, 42.97503], [-4.09155, 42.97719], [-4.09426, 42.9764], [-4.09706, 42.97635], [-4.09681, 42.97579], [-4.09755, 42.97596], [-4.09816, 42.97555], [-4.10027, 42.97653], [-4.09828, 42.97664], [-4.10316, 42.97923], [-4.10274, 42.9797], [-4.10344, 42.98273], [-4.104, 42.98281], [-4.10385, 42.98325], [-4.10469, 42.98403], [-4.10416, 42.98414], [-4.10333, 42.98649], [-4.10233, 42.98781], [-4.10507, 42.9898], [-4.10966, 42.99071], [-4.11208, 42.99195], [-4.11376, 42.99404], [-4.11368, 42.99508], [-4.11602, 42.9954], [-4.11805, 42.99706], [-4.11826, 42.99788], [-4.1173, 42.99965], [-4.11504, 43.00019], [-4.11494, 43.00108], [-4.1155, 43.00139], [-4.11698, 43.00139], [-4.12036, 43.00046], [-4.1239, 43.00054], [-4.12662, 42.99965], [-4.13039, 43.00022], [-4.13135, 43.00091], [-4.13407, 42.99919], [-4.13464, 42.99762], [-4.13678, 42.99493], [-4.14078, 42.99184], [-4.14104, 42.99097], [-4.14256, 42.98946], [-4.14544, 42.98863], [-4.14591, 42.98872], [-4.14972, 42.98698], [-4.15245, 42.98657], [-4.15276, 42.98559], [-4.15448, 42.98503], [-4.15512, 42.98417], [-4.15602, 42.98396], [-4.15709, 42.98453], [-4.1578, 42.98311], [-4.15955, 42.98263], [-4.16088, 42.98316], [-4.16135, 42.98476], [-4.16286, 42.98472], [-4.16453, 42.98562], [-4.16635, 42.98557], [-4.16716, 42.98599], [-4.16787, 42.98703], [-4.16903, 42.98643], [-4.17095, 42.98651], [-4.17215, 42.98714], [-4.17214, 42.98809], [-4.17413, 42.98883], [-4.17978, 42.98888], [-4.18492, 42.99163], [-4.18585, 42.99282], [-4.18674, 42.99317], [-4.18977, 42.99297], [-4.19066, 42.9933], [-4.1917, 42.99425], [-4.19146, 42.99525], [-4.19272, 42.99733], [-4.1957, 42.99829], [-4.1978, 42.99835], [-4.19931, 42.99955], [-4.19925, 43.00205], [-4.20001, 43.00458], [-4.19672, 43.00743], [-4.19863, 43.01126], [-4.20533, 43.01302], [-4.20752, 43.01408], [-4.21566, 43.01517], [-4.21821, 43.01452], [-4.22061, 43.01482], [-4.22253, 43.01559], [-4.22649, 43.01517], [-4.22771, 43.01539], [-4.22993, 43.01391], [-4.23174, 43.01349], [-4.23229, 43.01276], [-4.23397, 43.01295], [-4.23509, 43.01197], [-4.24175, 43.00946], [-4.24452, 43.00725], [-4.24579, 43.00437], [-4.2459, 43.00368], [-4.24478, 43.00157], [-4.2436, 43.00063], [-4.24436, 42.99833], [-4.244, 42.99776], [-4.24408, 42.99599], [-4.24456, 42.99572], [-4.24452, 42.99505], [-4.24588, 42.9941], [-4.24604, 42.99359], [-4.24772, 42.9928], [-4.24798, 42.9932], [-4.24655, 42.99386], [-4.24653, 42.99451], [-4.24581, 42.99459], [-4.2448, 42.99613], [-4.24463, 42.99769], [-4.24501, 42.99846], [-4.24422, 43.00034], [-4.24535, 43.00139], [-4.2457, 43.00255], [-4.24653, 43.00356], [-4.2464, 43.00448], [-4.24507, 43.00748], [-4.24222, 43.00976], [-4.24078, 43.0106], [-4.23546, 43.01233], [-4.23433, 43.01333], [-4.23268, 43.01315], [-4.23184, 43.014], [-4.23021, 43.01432], [-4.22892, 43.01547], [-4.22782, 43.01585], [-4.22652, 43.01562], [-4.22424, 43.01611], [-4.22245, 43.01604], [-4.22046, 43.01526], [-4.21846, 43.01503], [-4.22174, 43.01657], [-4.22888, 43.0174], [-4.23089, 43.01839], [-4.23474, 43.01825], [-4.23548, 43.01876], [-4.23879, 43.01771], [-4.24113, 43.01765], [-4.2424, 43.01717], [-4.24834, 43.01834], [-4.25097, 43.01739], [-4.25943, 43.01776], [-4.26041, 43.01734], [-4.26162, 43.0158], [-4.26514, 43.01386], [-4.27239, 43.01333], [-4.27285, 43.01245], [-4.27205, 43.01113], [-4.2722, 43.01077], [-4.2749, 43.00954], [-4.27631, 43.00789], [-4.27907, 43.00718], [-4.28, 43.00592], [-4.27817, 43.0044], [-4.27453, 43.00392], [-4.27259, 43.00279], [-4.27232, 43.0021], [-4.27267, 43.00116], [-4.27388, 43.0002], [-4.27432, 43.00051], [-4.2733, 43.00133], [-4.27301, 43.00245], [-4.27483, 43.00351], [-4.27791, 43.00378], [-4.27952, 43.0046], [-4.28062, 43.006], [-4.27962, 43.00741], [-4.27671, 43.00825], [-4.27531, 43.00987], [-4.27288, 43.01085], [-4.27268, 43.01109], [-4.27346, 43.01256], [-4.27272, 43.01372], [-4.26536, 43.01428], [-4.26202, 43.01615], [-4.2609, 43.0176], [-4.25964, 43.01834], [-4.25088, 43.01799], [-4.24848, 43.01893], [-4.24245, 43.01777], [-4.23557, 43.0193], [-4.23067, 43.01897], [-4.22882, 43.01818], [-4.22175, 43.01714], [-4.22365, 43.01988], [-4.2237, 43.02063], [-4.22326, 43.02122], [-4.22406, 43.02195], [-4.22238, 43.02381], [-4.22138, 43.02566], [-4.22194, 43.02984], [-4.22057, 43.03172], [-4.22079, 43.03362], [-4.21925, 43.03517], [-4.21961, 43.03735], [-4.21933, 43.0391], [-4.21994, 43.03994], [-4.21954, 43.04102], [-4.21972, 43.04188], [-4.21917, 43.04257], [-4.22002, 43.04495], [-4.21996, 43.04668], [-4.22159, 43.04751], [-4.22214, 43.0496], [-4.22325, 43.05058], [-4.22314, 43.05269], [-4.22486, 43.0541], [-4.22523, 43.05492], [-4.2264, 43.05604], [-4.22823, 43.0565], [-4.22854, 43.0581], [-4.22975, 43.0583], [-4.23058, 43.05988], [-4.23224, 43.06102], [-4.23361, 43.06108], [-4.2339, 43.06149], [-4.23184, 43.06137], [-4.22983, 43.05988], [-4.22941, 43.05871], [-4.22808, 43.05842], [-4.22775, 43.0568], [-4.22565, 43.05613], [-4.2243, 43.0543], [-4.22258, 43.05289], [-4.22265, 43.05068], [-4.22154, 43.04972], [-4.22103, 43.04771], [-4.21935, 43.0468], [-4.21938, 43.04558], [-4.21899, 43.04537], [-4.21928, 43.04466], [-4.21855, 43.04257], [-4.21933, 43.03994], [-4.21872, 43.03914], [-4.21899, 43.03735], [-4.21864, 43.03513], [-4.21891, 43.03445], [-4.22019, 43.03347], [-4.21995, 43.03163], [-4.22134, 43.02969], [-4.22075, 43.02569], [-4.22182, 43.02362], [-4.22341, 43.02208], [-4.22285, 43.0212], [-4.22307, 43.02005], [-4.221, 43.01699], [-4.21809, 43.01557], [-4.21536, 43.01579], [-4.20728, 43.01469], [-4.20525, 43.01362], [-4.19798, 43.01165], [-4.19585, 43.00738], [-4.19923, 43.00432], [-4.19823, 43.00218], [-4.19838, 42.99958], [-4.19761, 42.999], [-4.19553, 42.99892], [-4.19227, 42.99785], [-4.19057, 42.99531], [-4.19087, 42.99444], [-4.1902, 42.99387], [-4.18933, 42.99352], [-4.18683, 42.99381], [-4.18555, 42.9934], [-4.18477, 42.99288], [-4.1845, 42.99218], [-4.18129, 42.9907], [-4.17961, 42.98945], [-4.17528, 42.99011], [-4.17169, 42.98861], [-4.17118, 42.98723], [-4.16916, 42.98705], [-4.16841, 42.98786], [-4.16747, 42.98757], [-4.16614, 42.9863], [-4.16436, 42.98628], [-4.16256, 42.98527], [-4.16082, 42.98523], [-4.15995, 42.98343], [-4.15917, 42.98323], [-4.15862, 42.98349], [-4.15753, 42.9852], [-4.15679, 42.98524], [-4.15585, 42.98459], [-4.15511, 42.98547], [-4.15342, 42.98595], [-4.15314, 42.98709], [-4.14998, 42.98754], [-4.14611, 42.98939], [-4.14482, 42.98907], [-4.14304, 42.9895], [-4.14134, 42.99085], [-4.14069, 42.99212], [-4.13663, 42.99531], [-4.13599, 42.99665], [-4.13475, 42.99786], [-4.13419, 42.99932], [-4.13235, 43.00035], [-4.13208, 43.00089], [-4.13251, 43.00115], [-4.13312, 43.00071], [-4.13337, 43.0007], [-4.13451, 43.00151], [-4.1352, 43.0009], [-4.13668, 43.00031], [-4.1387, 42.99982], [-4.13928, 42.99918], [-4.14048, 42.99865], [-4.14076, 42.99867], [-4.14106, 42.99908], [-4.14392, 42.99815], [-4.1472, 42.99882], [-4.15155, 42.99862], [-4.15269, 42.99914], [-4.15277, 42.99991], [-4.1536, 42.99977], [-4.15426, 42.99916], [-4.15569, 42.99921], [-4.15961, 43.00091], [-4.16005, 43.00149], [-4.16158, 43.00095], [-4.16229, 43.00158], [-4.16408, 43.00147], [-4.16631, 43.00225], [-4.1682, 43.00345], [-4.17079, 43.00653], [-4.17216, 43.00971], [-4.173, 43.0099], [-4.17355, 43.01099], [-4.17436, 43.01151], [-4.17543, 43.01163], [-4.17575, 43.01214], [-4.17707, 43.01255], [-4.17767, 43.01352], [-4.17853, 43.01397], [-4.17963, 43.01395], [-4.1805, 43.01485], [-4.18145, 43.01501], [-4.18145, 43.01558], [-4.18341, 43.01466], [-4.18508, 43.01509], [-4.18635, 43.01489], [-4.18708, 43.0156], [-4.18838, 43.01564], [-4.18908, 43.01587], [-4.18973, 43.01617], [-4.18977, 43.01624], [-4.18945, 43.01719], [-4.18968, 43.01619], [-4.18904, 43.01593], [-4.18351, 43.01521], [-4.18148, 43.01617], [-4.18072, 43.01578], [-4.18079, 43.01537], [-4.17982, 43.01558], [-4.17941, 43.01517], [-4.17972, 43.01478], [-4.17916, 43.01439], [-4.17833, 43.01445], [-4.17719, 43.01392], [-4.17647, 43.01288], [-4.17389, 43.01191], [-4.17299, 43.01132], [-4.17234, 43.01022], [-4.17154, 43.01014], [-4.17041, 43.00665], [-4.16776, 43.00363], [-4.16701, 43.00366], [-4.1658, 43.00263], [-4.16382, 43.00194], [-4.1621, 43.00208], [-4.16148, 43.00153], [-4.16017, 43.00201], [-4.15919, 43.00107], [-4.15552, 42.99982], [-4.15489, 42.99997], [-4.15439, 42.99948], [-4.15366, 42.99983], [-4.15278, 42.99999], [-4.15255, 42.99917], [-4.15118, 42.99871], [-4.14785, 42.99895], [-4.14543, 42.99879], [-4.14256, 42.99928], [-4.14196, 42.99893], [-4.14081, 42.99918], [-4.14061, 42.9987], [-4.13856, 42.99997], [-4.13674, 43.00035], [-4.13446, 43.00161], [-4.13326, 43.00072], [-4.13263, 43.00121], [-4.13066, 43.00114], [-4.12658, 43.00032], [-4.12546, 43.00158], [-4.12088, 43.00112], [-4.11564, 43.00206], [-4.11421, 43.00149], [-4.11402, 43.0004], [-4.11467, 42.99948], [-4.11644, 42.99939], [-4.11721, 42.99754], [-4.11543, 42.99604], [-4.11214, 42.9964], [-4.11088, 42.99602], [-4.11038, 42.99621], [-4.11011, 42.99737], [-4.11075, 42.99878], [-4.11022, 42.99966], [-4.10836, 42.99993], [-4.10478, 42.99965], [-4.10467, 42.99845], [-4.10325, 42.99783], [-4.10471, 42.99624], [-4.10362, 42.99449], [-4.10387, 42.99261], [-4.10258, 42.99227], [-4.09985, 42.98989], [-4.10072, 42.98727], [-4.10059, 42.98499], [-4.09999, 42.98316], [-4.10022, 42.98192], [-4.09869, 42.9817], [-4.10008, 42.98104], [-4.09953, 42.98017], [-4.09661, 42.97884], [-4.09455, 42.97905], [-4.08966, 42.97859], [-4.08918, 42.97894], [-4.08786, 42.97771], [-4.08571, 42.97692], [-4.08142, 42.97775], [-4.07762, 42.97758], [-4.07605, 42.97826], [-4.07361, 42.97866], [-4.07123, 42.97799], [-4.06906, 42.97824], [-4.06868, 42.97801], [-4.06895, 42.9776], [-4.06869, 42.97734], [-4.06759, 42.97697], [-4.06304, 42.97725], [-4.0593, 42.97833], [-4.06015, 42.97944], [-4.06137, 42.97998], [-4.06419, 42.9794], [-4.06456, 42.97877], [-4.06546, 42.97852], [-4.06627, 42.97865], [-4.06766, 42.98003], [-4.06856, 42.98028], [-4.07337, 42.97937], [-4.07463, 42.98049], [-4.0751, 42.98157], [-4.07573, 42.98184], [-4.07625, 42.98153], [-4.07678, 42.98189], [-4.07749, 42.98259], [-4.07729, 42.98367], [-4.07805, 42.98466], [-4.08032, 42.98562], [-4.0797, 42.98609], [-4.081, 42.98843], [-4.07806, 42.98876], [-4.07711, 42.98966], [-4.07335, 42.99134], [-4.07098, 42.99374], [-4.07117, 42.99489], [-4.07388, 42.99521], [-4.07453, 42.99494], [-4.07534, 42.99629], [-4.07743, 42.99662], [-4.07838, 42.99639], [-4.07969, 42.99765], [-4.08118, 42.99812], [-4.08258, 42.99806], [-4.08197, 42.99888], [-4.08327, 43.00035], [-4.08393, 43.00057], [-4.08479, 43.00165], [-4.08541, 43.00167], [-4.08586, 43.00118], [-4.08736, 43.00229], [-4.08824, 43.00244], [-4.08962, 43.00445], [-4.0885, 43.00367], [-4.08658, 43.00369], [-4.08369, 43.00467], [-4.08239, 43.00417], [-4.08081, 43.00425], [-4.07656, 43.00334], [-4.07605, 43.00375], [-4.076, 43.0051], [-4.07423, 43.00549], [-4.07485, 43.00561], [-4.07197, 43.00681], [-4.07111, 43.00672], [-4.07085, 43.0058], [-4.07005, 43.00556], [-4.0706, 43.00493], [-4.06993, 43.00374], [-4.06776, 43.00295], [-4.06431, 43.00371], [-4.064, 43.00467], [-4.06239, 43.0038], [-4.06159, 43.00381], [-4.06145, 43.00471], [-4.06079, 43.00523], [-4.05959, 43.00415], [-4.05581, 43.00427], [-4.0558, 43.0069], [-4.05639, 43.00712], [-4.05543, 43.00772], [-4.0547, 43.00747], [-4.05285, 43.00811], [-4.0532, 43.00727], [-4.05272, 43.00619], [-4.05062, 43.00503], [-4.04803, 43.00615], [-4.04608, 43.00636], [-4.04624, 43.00705], [-4.04555, 43.00683], [-4.04503, 43.00738], [-4.04535, 43.00812], [-4.04496, 43.00908], [-4.04554, 43.00975], [-4.0427, 43.0102], [-4.0405, 43.01026], [-4.03992, 43.00977], [-4.03733, 43.00948], [-4.03568, 43.00806], [-4.03556, 43.00672], [-4.03341, 43.00659], [-4.03277, 43.00716], [-4.03078, 43.00623], [-4.02999, 43.00715], [-4.03052, 43.00805], [-4.03022, 43.00914], [-4.02877, 43.01002], [-4.02829, 43.01085], [-4.02424, 43.01064], [-4.02311, 43.01016], [-4.02281, 43.00959], [-4.02201, 43.00956], [-4.02152, 43.00754], [-4.02209, 43.0066], [-4.02147, 43.00552], [-4.02133, 43.00405], [-4.02238, 43.00281], [-4.02277, 43.00167], [-4.01924, 43.00246], [-4.02095, 43.00138], [-4.02043, 42.99985], [-4.02166, 43.00033], [-4.02428, 43.00027], [-4.0266, 43.00107], [-4.02834, 43.00023], [-4.0286, 42.99955], [-4.03086, 42.99938], [-4.03296, 42.9984], [-4.03242, 42.99931], [-4.0327, 42.99973], [-4.03394, 42.99982], [-4.03478, 42.99879], [-4.03574, 42.99875], [-4.03619, 42.99918], [-4.03581, 43.00022], [-4.03844, 42.99994], [-4.03866, 43.00059], [-4.04345, 43.00178], [-4.04584, 43.00159], [-4.04696, 43.00084], [-4.0469, 43.0001], [-4.05362, 43.00151], [-4.05568, 42.99993], [-4.05455, 42.99845], [-4.05594, 42.99854], [-4.05807, 42.99764], [-4.05837, 42.99681], [-4.05974, 42.99647], [-4.06037, 42.99577], [-4.05844, 42.99198], [-4.05844, 42.9912], [-4.05945, 42.98995], [-4.05879, 42.98814], [-4.05542, 42.9868], [-4.04327, 42.98515], [-4.04341, 42.9833], [-4.0416, 42.98261], [-4.04106, 42.98199], [-4.03865, 42.98152], [-4.0349, 42.98158], [-4.03239, 42.98094], [-4.02761, 42.98109], [-4.02488, 42.98057], [-4.02183, 42.98104], [-4.01515, 42.9811], [-4.00986, 42.98275], [-4.00659, 42.98473], [-4.00599, 42.98554], [-4.00621, 42.98597], [-4.00522, 42.98544], [-4.00468, 42.98576], [-4.00261, 42.9882], [-4.00222, 42.99036], [-4.00299, 42.99278], [-4.00406, 42.99381], [-4.00442, 42.99493], [-4.00327, 42.99613], [-4.0047, 42.99685], [-4.00529, 42.99878], [-4.00495, 42.99927], [-4.00515, 42.99966], [-4.00256, 43.0013], [-4.00235, 43.00291], [-4.00615, 43.00388], [-4.00603, 43.00416], [-4.00267, 43.00412], [-4.00159, 43.00534], [-4.00186, 43.00628], [-4.00298, 43.00756], [-4.00643, 43.0085], [-4.00889, 43.01078], [-4.00559, 43.01029], [-4.00331, 43.01051], [-4.0028, 43.0094], [-4.00198, 43.01035], [-4.00121, 43.00906], [-3.99858, 43.00684], [-3.99787, 43.00676], [-3.99748, 43.00804], [-3.99949, 43.01009], [-3.99886, 43.01075], [-3.99859, 43.01189], [-3.99438, 43.01146], [-3.99358, 43.01198], [-3.99393, 43.01288], [-3.99364, 43.01299], [-3.99269, 43.01248], [-3.99271, 43.01199], [-3.99188, 43.01133], [-3.99124, 43.01233], [-3.9927, 43.01496], [-3.99183, 43.0142], [-3.99103, 43.01413], [-3.98885, 43.01645], [-3.98751, 43.01704], [-3.98686, 43.01882], [-3.98604, 43.0198], [-3.98441, 43.01974], [-3.98463, 43.02026], [-3.98398, 43.02052], [-3.98298, 43.01999], [-3.98156, 43.01999], [-3.97816, 43.02126], [-3.97607, 43.02068], [-3.97627, 43.01999], [-3.97556, 43.02028], [-3.97502, 43.01945], [-3.97501, 43.01712], [-3.97454, 43.0164], [-3.97488, 43.0146], [-3.97341, 43.01325], [-3.9734, 43.01233], [-3.97382, 43.01214], [-3.97368, 43.01143], [-3.97321, 43.01117], [-3.97386, 43.0105], [-3.97547, 43.01023], [-3.97451, 43.00936], [-3.97276, 43.00874], [-3.97135, 43.00861], [-3.97044, 43.0091], [-3.97051, 43.01002], [-3.97183, 43.01139], [-3.97139, 43.01159], [-3.96728, 43.00983], [-3.96718, 43.00881], [-3.96653, 43.00862], [-3.96445, 43.01032], [-3.96221, 43.01127], [-3.96199, 43.01225], [-3.95994, 43.01466], [-3.95916, 43.0163], [-3.95554, 43.01646], [-3.95502, 43.01674], [-3.95522, 43.01732], [-3.95487, 43.01746], [-3.95436, 43.01558], [-3.95583, 43.01532], [-3.95396, 43.01459], [-3.95387, 43.01544], [-3.95315, 43.0154], [-3.95406, 43.01591], [-3.95459, 43.01807], [-3.95438, 43.01913], [-3.9529, 43.01975], [-3.95073, 43.01986], [-3.94983, 43.0211], [-3.95042, 43.02229], [-3.94995, 43.02312], [-3.95011, 43.02357], [-3.95393, 43.02651], [-3.95206, 43.02693], [-3.95214, 43.02867], [-3.95383, 43.02918], [-3.95352, 43.03005], [-3.95515, 43.03184], [-3.95805, 43.03321], [-3.96007, 43.03298], [-3.96198, 43.03491], [-3.96644, 43.03463], [-3.96643, 43.03524], [-3.96746, 43.03588], [-3.96723, 43.03651], [-3.96873, 43.03903], [-3.96843, 43.03971], [-3.96896, 43.04116], [-3.96826, 43.04182], [-3.96707, 43.04201], [-3.9656, 43.04084], [-3.96508, 43.04105], [-3.96482, 43.04193], [-3.96366, 43.04191], [-3.96318, 43.04253], [-3.96049, 43.04186], [-3.96025, 43.04277], [-3.95777, 43.04294], [-3.9572, 43.04463], [-3.95781, 43.04687], [-3.95748, 43.04687], [-3.95748, 43.04749], [-3.95712, 43.04637], [-3.95591, 43.04601], [-3.95517, 43.04427], [-3.95187, 43.04517], [-3.95111, 43.0446], [-3.95306, 43.04393], [-3.95318, 43.04354], [-3.9498, 43.04165], [-3.94917, 43.04191], [-3.94876, 43.04155], [-3.94809, 43.04166], [-3.94889, 43.04143], [-3.95078, 43.04145], [-3.95398, 43.0427], [-3.95614, 43.04247], [-3.95645, 43.04216], [-3.95602, 43.04144], [-3.9575, 43.03741], [-3.95734, 43.03661], [-3.95561, 43.03579], [-3.95512, 43.03423], [-3.95529, 43.03355], [-3.95402, 43.03291], [-3.95298, 43.03328], [-3.95196, 43.03283], [-3.95197, 43.03238], [-3.9507, 43.03136], [-3.95006, 43.03006], [-3.94799, 43.02817], [-3.94728, 43.02795], [-3.94575, 43.02834], [-3.94553, 43.02899], [-3.9417, 43.02946], [-3.93997, 43.03024], [-3.93929, 43.0311], [-3.9389, 43.03265], [-3.93816, 43.03294], [-3.93801, 43.0345], [-3.93683, 43.03364], [-3.93604, 43.0317], [-3.9355, 43.03154], [-3.9345, 43.03209], [-3.9343, 43.03336], [-3.93654, 43.03492], [-3.93722, 43.03488], [-3.9374, 43.03539], [-3.9369, 43.0362], [-3.93398, 43.03595], [-3.93375, 43.03719], [-3.93282, 43.03759], [-3.93101, 43.03729], [-3.9313, 43.03714], [-3.93098, 43.03656], [-3.92929, 43.03564], [-3.92751, 43.03628], [-3.92564, 43.03528], [-3.92261, 43.03483], [-3.91955, 43.03556], [-3.91838, 43.03492], [-3.91489, 43.03487], [-3.91091, 43.03381], [-3.90721, 43.0345], [-3.90502, 43.0343], [-3.90401, 43.03555], [-3.9029, 43.03521], [-3.90086, 43.03566], [-3.90052, 43.03648], [-3.89951, 43.03681], [-3.89884, 43.03764], [-3.89726, 43.03668], [-3.89712, 43.03591], [-3.8963, 43.03554], [-3.89562, 43.03536], [-3.89434, 43.03604], [-3.89405, 43.03471], [-3.90523, 43.02042], [-3.90926, 43.0161], [-3.9247, 43.01035], [-3.94502, 43.00649], [-3.95609, 42.99796], [-3.96163, 42.99124], [-3.96418, 42.99034], [-3.96537, 42.99118], [-3.96587, 42.99039], [-3.9682, 42.99066], [-3.96904, 42.99154], [-3.97087, 42.99143], [-3.97243, 42.99182], [-3.97371, 42.99158], [-3.97495, 42.99061], [-3.97773, 42.99046], [-3.97878, 42.9932], [-3.98034, 42.99357], [-3.98046, 42.99306], [-3.98228, 42.99255], [-3.98331, 42.99162], [-3.98336, 42.98957], [-3.9859, 42.99084], [-3.98962, 42.98897], [-3.9902, 42.98801], [-3.99013, 42.98665], [-3.99048, 42.98615], [-3.98706, 42.98686], [-3.98696, 42.9856], [-3.98654, 42.98506], [-3.98798, 42.98343], [-3.98897, 42.98297], [-3.98965, 42.98134], [-3.99293, 42.97809], [-3.99303, 42.97949], [-3.9912, 42.98072], [-3.98964, 42.98422], [-3.99119, 42.98529], [-3.99226, 42.98464], [-3.99412, 42.98188], [-3.99644, 42.97988], [-3.99939, 42.9779], [-4.00154, 42.97726], [-4.00313, 42.97592], [-4.00374, 42.97694], [-4.00454, 42.97723], [-4.00483, 42.9762], [-4.00792, 42.9749], [-4.01027, 42.97568], [-4.01086, 42.975], [-4.01402, 42.97456], [-4.01559, 42.97361], [-4.01683, 42.97415], [-4.02247, 42.974], [-4.02343, 42.97431], [-4.02443, 42.97568], [-4.02691, 42.97342], [-4.0289, 42.97412], [-4.03298, 42.97424], [-4.03408, 42.97348], [-4.03442, 42.97396], [-4.03562, 42.97381], [-4.03577, 42.97335], [-4.03637, 42.97325], [-4.03637, 42.97282], [-4.03911, 42.97241], [-4.04186, 42.97104], [-4.04523, 42.97159], [-4.04556, 42.97088], [-4.04625, 42.97163], [-4.04761, 42.97154], [-4.04916, 42.97112], [-4.0516, 42.96958], [-4.05234, 42.96849], [-4.05495, 42.96654], [-4.05844, 42.96538], [-4.05784, 42.96165], [-4.05545, 42.95769], [-4.05372, 42.9558], [-4.0545, 42.95367], [-4.05349, 42.95218], [-4.05338, 42.94974], [-4.05255, 42.94791], [-4.05035, 42.9453], [-4.04896, 42.94509], [-4.04726, 42.94417], [-4.0447, 42.94718], [-4.04244, 42.94862], [-4.03948, 42.95138], [-4.03298, 42.95434], [-4.02943, 42.9545], [-4.02697, 42.95746], [-4.02281, 42.95914], [-4.02245, 42.95901], [-4.02306, 42.95567], [-4.02068, 42.953], [-4.01675, 42.95073], [-4.01395, 42.94988], [-4.01173, 42.94852], [-4.01575, 42.94447], [-4.01809, 42.94411], [-4.02252, 42.94146], [-4.02403, 42.9402], [-4.02447, 42.93841], [-4.02583, 42.93733], [-4.02738, 42.93642], [-4.02961, 42.93582], [-4.0302, 42.93492], [-4.02979, 42.9323], [-4.03066, 42.9314], [-4.03254, 42.93111], [-4.03355, 42.93034], [-4.03344, 42.92947], [-4.03171, 42.92907], [-4.03085, 42.92833], [-4.03012, 42.92706], [-4.02977, 42.92539], [-4.02865, 42.92466], [-4.02463, 42.92471], [-4.02392, 42.92549], [-4.01863, 42.92871], [-4.01603, 42.93194], [-4.0095, 42.93508], [-4.00565, 42.93183], [-4.00183, 42.93204], [-3.99856, 42.93288], [-3.98979, 42.93341], [-3.99098, 42.93109], [-3.99023, 42.92978], [-3.99272, 42.92766], [-3.99619, 42.92549], [-3.99754, 42.92351], [-3.9984, 42.92271], [-3.99918, 42.92255], [-4.00063, 42.92023], [-4.0036, 42.91855], [-4.00521, 42.91676], [-4.00675, 42.91608], [-4.01169, 42.91715], [-4.01418, 42.91636], [-4.01831, 42.916], [-4.02377, 42.91445], [-4.02502, 42.91469], [-4.02578, 42.91529], [-4.02632, 42.91516], [-4.02694, 42.91365], [-4.02605, 42.91318], [-4.02605, 42.91152], [-4.02648, 42.91041], [-4.02799, 42.90953], [-4.02867, 42.90762], [-4.03285, 42.90629], [-4.03362, 42.90548], [-4.03409, 42.90454], [-4.03356, 42.90384], [-4.03337, 42.90221], [-4.03388, 42.90054], [-4.0373, 42.89778], [-4.03692, 42.89692], [-4.03276, 42.89526], [-4.03149, 42.89386], [-4.03197, 42.89215], [-4.03276, 42.89129], [-4.03411, 42.89113], [-4.03656, 42.89165], [-4.03749, 42.89134], [-4.03541, 42.89012], [-4.03284, 42.88982], [-4.03168, 42.88885], [-4.03173, 42.88803], [-4.03321, 42.88647], [-4.03328, 42.88509], [-4.03468, 42.88229], [-4.03161, 42.88128], [-4.02937, 42.8813], [-4.02493, 42.8797], [-4.01973, 42.8793], [-4.02159, 42.87649], [-4.02281, 42.8738], [-4.0223, 42.87337], [-4.01916, 42.87302], [-4.01579, 42.8695], [-4.01606, 42.86923], [-4.02041, 42.8701], [-4.02218, 42.86997], [-4.02551, 42.86662], [-4.03003, 42.86598], [-4.03285, 42.86649], [-4.03312, 42.86493], [-4.03444, 42.86401], [-4.03583, 42.8623], [-4.03616, 42.8609], [-4.03535, 42.86038], [-4.03109, 42.85997], [-4.02946, 42.85851], [-4.023, 42.86216], [-4.02012, 42.86255], [-4.01935, 42.86203], [-4.01267, 42.86187], [-4.00853, 42.85977], [-4.00929, 42.86141], [-4.01089, 42.86341], [-4.01074, 42.86444], [-4.00903, 42.86399], [-4.00716, 42.86261], [-4.0044, 42.86142], [-3.99941, 42.86019], [-3.99902, 42.85951], [-3.99805, 42.85904], [-3.99686, 42.85952], [-3.99575, 42.86037], [-3.99434, 42.86255], [-3.99444, 42.86365], [-3.99553, 42.86559], [-3.99495, 42.86677], [-3.99418, 42.86691], [-3.99319, 42.86835], [-3.99354, 42.86903], [-3.99307, 42.86993], [-3.99311, 42.87103], [-3.99271, 42.87157], [-3.99164, 42.87156], [-3.98878, 42.87319], [-3.98748, 42.87508], [-3.98805, 42.87575], [-3.98779, 42.87622], [-3.98863, 42.87786], [-3.98829, 42.87914], [-3.98951, 42.88336], [-3.98808, 42.88454], [-3.98625, 42.88753], [-3.98395, 42.88862], [-3.98202, 42.8902], [-3.9811, 42.8928], [-3.97871, 42.89671], [-3.97815, 42.89653], [-3.98052, 42.89265], [-3.9815, 42.88996], [-3.98358, 42.88825], [-3.98577, 42.88725], [-3.98758, 42.88428], [-3.9889, 42.88327], [-3.98767, 42.8792], [-3.98799, 42.87784], [-3.98715, 42.87624], [-3.98741, 42.87577], [-3.98678, 42.87522], [-3.98693, 42.87485], [-3.98016, 42.87576], [-3.97665, 42.87727], [-3.97405, 42.87779], [-3.97216, 42.87896], [-3.97199, 42.87967], [-3.97144, 42.87948], [-3.97146, 42.87905], [-3.97377, 42.87739], [-3.97643, 42.87683], [-3.9793, 42.87547], [-3.98721, 42.87439], [-3.98838, 42.87284], [-3.99134, 42.87116], [-3.99227, 42.87113], [-3.99291, 42.86903], [-3.99257, 42.86821], [-3.99333, 42.86757], [-3.99367, 42.86653], [-3.99442, 42.86649], [-3.9948, 42.86556], [-3.99341, 42.86282], [-3.99343, 42.86024], [-3.99386, 42.85939], [-3.99367, 42.85831], [-3.99411, 42.85774], [-3.99383, 42.85726], [-3.9942, 42.85627], [-3.99383, 42.85562], [-3.99401, 42.85418], [-3.9959, 42.85298], [-3.99703, 42.85141], [-4.00112, 42.84887], [-4.00279, 42.84835], [-4.00422, 42.84858], [-4.00733, 42.84753], [-4.00821, 42.84668], [-4.01184, 42.84583], [-4.0128, 42.84597], [-4.01385, 42.845], [-4.01491, 42.84543], [-4.0161, 42.84508], [-4.01708, 42.84559], [-4.01885, 42.84537], [-4.02119, 42.84595], [-4.02202, 42.84563], [-4.02448, 42.84561], [-4.02504, 42.84605], [-4.02621, 42.84574], [-4.02796, 42.846], [-4.02893, 42.84668], [-4.02966, 42.84789], [-4.03145, 42.84943], [-4.0316, 42.85114], [-4.03488, 42.85086], [-4.03712, 42.85178], [-4.03783, 42.85167], [-4.03725, 42.84888], [-4.03559, 42.84671], [-4.0368, 42.84267], [-4.03714, 42.83856], [-4.03784, 42.83747], [-4.04256, 42.83458], [-4.04316, 42.83272], [-4.04255, 42.83162], [-4.0427, 42.83092], [-4.04177, 42.82827], [-4.04039, 42.82687], [-4.03961, 42.82498], [-4.03992, 42.82337], [-4.0411, 42.82102], [-4.04149, 42.81796], [-4.04127, 42.81708], [-4.03841, 42.81472], [-4.0377, 42.81366], [-4.03756, 42.81198], [-4.0366, 42.80974], [-4.03717, 42.80771], [-4.03792, 42.80676], [-4.03704, 42.80473], [-4.037, 42.80287], [-4.03308, 42.80225], [-4.03059, 42.80261], [-4.02726, 42.8045], [-4.02316, 42.80786], [-4.01548, 42.80748], [-4.01427, 42.80642], [-4.01791, 42.80748], [-4.02226, 42.80694], [-4.02398, 42.80634], [-4.02824, 42.803], [-4.03217, 42.80151], [-4.03715, 42.80214], [-4.03858, 42.80325], [-4.03885, 42.80366], [-4.0386, 42.80401], [-4.0397, 42.80411], [-4.04702, 42.80367], [-4.04786, 42.8029], [-4.05301, 42.80249], [-4.05278, 42.80073], [-4.05346, 42.80028], [-4.05388, 42.79795], [-4.05341, 42.79603], [-4.05417, 42.79497], [-4.05386, 42.79423], [-4.05581, 42.79074], [-4.05618, 42.78698], [-4.05351, 42.78416], [-4.05269, 42.78099], [-4.05647, 42.77746], [-4.05655, 42.77496], [-4.05611, 42.77462], [-4.05633, 42.77317], [-4.05702, 42.77275], [-4.05714, 42.77176], [-4.05771, 42.77138], [-4.05833, 42.76908], [-4.05617, 42.76721], [-4.05414, 42.76653], [-4.04653, 42.76765], [-4.04632, 42.76722], [-4.05434, 42.7661], [-4.0575, 42.76744], [-4.05901, 42.76905], [-4.05875, 42.76953], [-4.06081, 42.76742], [-4.06282, 42.76605], [-4.0675, 42.76474], [-4.06815, 42.76315], [-4.07052, 42.76121], [-4.07381, 42.76086]]]]}, "properties": {"codigo": "ES1300013", "nombre": "Río y Embalse del Ebro", "tipo": "ZEC", "ha": 7676.1}}, {"type": "Feature", "geometry": {"type": "Polygon", "coordinates": [[[-4.20424, 42.84506], [-4.20413, 42.8456], [-4.19929, 42.84763], [-4.19835, 42.84905], [-4.20304, 42.85011], [-4.20456, 42.85225], [-4.20927, 42.85506], [-4.20987, 42.85603], [-4.21074, 42.85671], [-4.21139, 42.85671], [-4.21417, 42.85898], [-4.21456, 42.85995], [-4.21749, 42.86215], [-4.21913, 42.8642], [-4.21928, 42.86589], [-4.22042, 42.86679], [-4.22101, 42.86808], [-4.22054, 42.87173], [-4.21954, 42.87413], [-4.22032, 42.87511], [-4.21963, 42.87931], [-4.22012, 42.88127], [-4.22098, 42.88186], [-4.2233, 42.88494], [-4.22528, 42.88932], [-4.22694, 42.89063], [-4.2297, 42.89523], [-4.23011, 42.89773], [-4.22973, 42.90065], [-4.22923, 42.8998], [-4.2295, 42.89781], [-4.22911, 42.89536], [-4.22642, 42.89087], [-4.22465, 42.88945], [-4.22276, 42.88515], [-4.21948, 42.88135], [-4.21901, 42.8792], [-4.21971, 42.87527], [-4.21898, 42.87468], [-4.21893, 42.87405], [-4.21994, 42.87165], [-4.21987, 42.87016], [-4.2204, 42.86815], [-4.21987, 42.867], [-4.21871, 42.86609], [-4.21854, 42.86434], [-4.21699, 42.86242], [-4.21403, 42.86019], [-4.21373, 42.85933], [-4.21105, 42.85716], [-4.2094, 42.85632], [-4.20884, 42.85538], [-4.2041, 42.85255], [-4.20245, 42.85035], [-4.19869, 42.84997], [-4.19799, 42.85198], [-4.19684, 42.8523], [-4.19658, 42.85324], [-4.19454, 42.85403], [-4.19407, 42.85474], [-4.19222, 42.85464], [-4.19179, 42.85525], [-4.19021, 42.85601], [-4.19001, 42.85677], [-4.19041, 42.85725], [-4.19004, 42.85781], [-4.18922, 42.85801], [-4.18801, 42.85911], [-4.18604, 42.85946], [-4.18576, 42.86008], [-4.1882, 42.86286], [-4.18892, 42.86562], [-4.1904, 42.86734], [-4.19203, 42.87094], [-4.19408, 42.87275], [-4.19657, 42.8769], [-4.19852, 42.87787], [-4.20124, 42.88066], [-4.20135, 42.88135], [-4.19974, 42.8843], [-4.20034, 42.88684], [-4.19979, 42.888], [-4.19822, 42.8895], [-4.19837, 42.89123], [-4.19959, 42.89196], [-4.20304, 42.8916], [-4.20697, 42.89348], [-4.20967, 42.89397], [-4.21343, 42.8953], [-4.22043, 42.89885], [-4.22005, 42.8992], [-4.21316, 42.8957], [-4.20942, 42.89438], [-4.20673, 42.8939], [-4.20278, 42.89202], [-4.19945, 42.89241], [-4.19789, 42.89151], [-4.19755, 42.88966], [-4.19972, 42.88678], [-4.19913, 42.88426], [-4.20073, 42.88127], [-4.20066, 42.88081], [-4.1981, 42.87821], [-4.19603, 42.87711], [-4.19354, 42.87299], [-4.19149, 42.87116], [-4.18982, 42.86749], [-4.18835, 42.86579], [-4.18763, 42.86304], [-4.18555, 42.86075], [-4.18289, 42.8609], [-4.17932, 42.86205], [-4.17961, 42.86284], [-4.17936, 42.86305], [-4.17769, 42.86332], [-4.17314, 42.86537], [-4.173, 42.86664], [-4.17195, 42.8674], [-4.17099, 42.8677], [-4.17004, 42.86747], [-4.1683, 42.86837], [-4.16624, 42.86884], [-4.16594, 42.86994], [-4.1649, 42.87056], [-4.1647, 42.87143], [-4.16204, 42.87331], [-4.15874, 42.87492], [-4.15871, 42.87525], [-4.16045, 42.87661], [-4.16276, 42.87966], [-4.16441, 42.88099], [-4.16686, 42.88476], [-4.16792, 42.8851], [-4.16861, 42.88629], [-4.16805, 42.88694], [-4.16843, 42.88746], [-4.17242, 42.88782], [-4.17308, 42.88891], [-4.17436, 42.88912], [-4.17476, 42.88829], [-4.17578, 42.88802], [-4.1768, 42.8904], [-4.17781, 42.89138], [-4.1791, 42.89172], [-4.17873, 42.89259], [-4.179, 42.89355], [-4.18463, 42.89545], [-4.18532, 42.89613], [-4.18574, 42.89781], [-4.1863, 42.8985], [-4.1893, 42.90037], [-4.18954, 42.90186], [-4.19072, 42.90417], [-4.19078, 42.90609], [-4.1902, 42.90688], [-4.19026, 42.90748], [-4.19082, 42.90807], [-4.19085, 42.90879], [-4.19163, 42.90902], [-4.192, 42.90992], [-4.19055, 42.91215], [-4.19159, 42.91352], [-4.19171, 42.91455], [-4.19134, 42.91531], [-4.19221, 42.91557], [-4.19285, 42.91646], [-4.19387, 42.91839], [-4.19372, 42.91911], [-4.19624, 42.92094], [-4.19837, 42.92183], [-4.20173, 42.92191], [-4.20657, 42.92523], [-4.20853, 42.92541], [-4.20996, 42.92491], [-4.21067, 42.92537], [-4.20868, 42.92586], [-4.20657, 42.92573], [-4.20267, 42.92347], [-4.20137, 42.92229], [-4.19861, 42.92236], [-4.19451, 42.92072], [-4.19465, 42.92161], [-4.19375, 42.92234], [-4.19382, 42.92301], [-4.19557, 42.92417], [-4.1982, 42.92485], [-4.1997, 42.92627], [-4.20122, 42.927], [-4.20091, 42.92787], [-4.20183, 42.9286], [-4.20114, 42.92933], [-4.20374, 42.93064], [-4.2053, 42.93257], [-4.20891, 42.93288], [-4.21151, 42.93158], [-4.21476, 42.93098], [-4.21516, 42.93031], [-4.21659, 42.93024], [-4.21665, 42.92919], [-4.21704, 42.92887], [-4.21968, 42.92898], [-4.22054, 42.92867], [-4.2251, 42.92926], [-4.2263, 42.92889], [-4.2278, 42.92728], [-4.22923, 42.92668], [-4.2309, 42.92665], [-4.23244, 42.92717], [-4.23383, 42.92701], [-4.23631, 42.92565], [-4.23709, 42.92257], [-4.23783, 42.92139], [-4.23806, 42.92201], [-4.23683, 42.92579], [-4.23579, 42.92684], [-4.23847, 42.92687], [-4.23858, 42.92737], [-4.23503, 42.9272], [-4.2325, 42.92758], [-4.22989, 42.92718], [-4.22827, 42.92756], [-4.22721, 42.92852], [-4.22757, 42.92897], [-4.23001, 42.92978], [-4.23127, 42.93093], [-4.23356, 42.93008], [-4.23668, 42.93081], [-4.23911, 42.93286], [-4.23907, 42.93394], [-4.23609, 42.93109], [-4.23362, 42.93053], [-4.23115, 42.93139], [-4.22969, 42.93017], [-4.22643, 42.92934], [-4.22471, 42.92974], [-4.22055, 42.92912], [-4.21971, 42.92943], [-4.21787, 42.92929], [-4.21747, 42.9294], [-4.2172, 42.93062], [-4.21558, 42.93074], [-4.21513, 42.93136], [-4.2099, 42.93272], [-4.21246, 42.93324], [-4.21313, 42.93273], [-4.21541, 42.93262], [-4.21797, 42.93175], [-4.22273, 42.93257], [-4.22493, 42.93188], [-4.22921, 42.93265], [-4.23018, 42.9332], [-4.2312, 42.93462], [-4.23125, 42.93781], [-4.23014, 42.93896], [-4.23213, 42.94313], [-4.23548, 42.94652], [-4.23857, 42.94698], [-4.23854, 42.94743], [-4.23489, 42.94667], [-4.23141, 42.94316], [-4.22958, 42.93923], [-4.22958, 42.93858], [-4.23065, 42.93771], [-4.23059, 42.9347], [-4.22897, 42.93307], [-4.22531, 42.93242], [-4.22301, 42.93317], [-4.21797, 42.9322], [-4.2153, 42.93323], [-4.21341, 42.93314], [-4.21257, 42.9337], [-4.21167, 42.93335], [-4.2052, 42.93305], [-4.20395, 42.93218], [-4.20329, 42.93096], [-4.20064, 42.9296], [-4.20048, 42.92893], [-4.20096, 42.92857], [-4.20024, 42.92828], [-4.20031, 42.92732], [-4.19842, 42.92569], [-4.19549, 42.92469], [-4.19418, 42.92473], [-4.19308, 42.92271], [-4.19362, 42.92113], [-4.19289, 42.91935], [-4.19307, 42.918], [-4.19232, 42.91779], [-4.19229, 42.91666], [-4.19077, 42.91549], [-4.19033, 42.91372], [-4.18958, 42.91372], [-4.18912, 42.91501], [-4.18785, 42.9159], [-4.18743, 42.91604], [-4.18717, 42.91564], [-4.18861, 42.91474], [-4.19005, 42.91074], [-4.19099, 42.91029], [-4.19129, 42.90967], [-4.19034, 42.90906], [-4.18967, 42.90761], [-4.18962, 42.90668], [-4.19017, 42.90604], [-4.19011, 42.90425], [-4.18912, 42.90287], [-4.18879, 42.90064], [-4.18673, 42.89965], [-4.18402, 42.8962], [-4.17862, 42.89391], [-4.17812, 42.8933], [-4.17786, 42.89183], [-4.17523, 42.89097], [-4.17613, 42.89008], [-4.1757, 42.88965], [-4.17295, 42.8894], [-4.17186, 42.88859], [-4.1697, 42.88861], [-4.16897, 42.88897], [-4.16803, 42.8886], [-4.16721, 42.88729], [-4.16645, 42.88694], [-4.16638, 42.88541], [-4.16376, 42.88127], [-4.16193, 42.87989], [-4.16085, 42.87817], [-4.15896, 42.8765], [-4.15845, 42.87627], [-4.15501, 42.87722], [-4.15157, 42.88196], [-4.15145, 42.88263], [-4.15043, 42.88348], [-4.14596, 42.88324], [-4.14277, 42.88375], [-4.13769, 42.88811], [-4.13398, 42.88952], [-4.13359, 42.89007], [-4.13449, 42.89116], [-4.1358, 42.89156], [-4.13685, 42.89351], [-4.1387, 42.89442], [-4.13913, 42.89564], [-4.14118, 42.89656], [-4.1417, 42.90022], [-4.14321, 42.90218], [-4.14698, 42.90411], [-4.1473, 42.90467], [-4.14701, 42.90706], [-4.14909, 42.91136], [-4.14849, 42.91146], [-4.14648, 42.90736], [-4.14644, 42.90433], [-4.14274, 42.90247], [-4.14113, 42.90038], [-4.14063, 42.89726], [-4.13961, 42.89624], [-4.13862, 42.89591], [-4.13817, 42.89466], [-4.13639, 42.89381], [-4.13534, 42.89187], [-4.13409, 42.89151], [-4.13292, 42.89009], [-4.13363, 42.88914], [-4.13728, 42.88776], [-4.14244, 42.88337], [-4.14594, 42.88279], [-4.14997, 42.88314], [-4.15431, 42.87713], [-4.1571, 42.87627], [-4.15756, 42.87493], [-4.15991, 42.87388], [-4.15987, 42.87337], [-4.16051, 42.87297], [-4.16169, 42.87292], [-4.16421, 42.87116], [-4.16428, 42.87076], [-4.1635, 42.87049], [-4.16414, 42.86943], [-4.16528, 42.86955], [-4.16583, 42.86848], [-4.16815, 42.86791], [-4.16973, 42.86671], [-4.17158, 42.86704], [-4.17245, 42.86644], [-4.17217, 42.86563], [-4.17295, 42.86488], [-4.17739, 42.86293], [-4.1789, 42.86268], [-4.17849, 42.86241], [-4.17852, 42.8619], [-4.1798, 42.86148], [-4.18001, 42.86103], [-4.18403, 42.86037], [-4.18438, 42.85972], [-4.18538, 42.85919], [-4.18786, 42.85864], [-4.18915, 42.85747], [-4.18913, 42.85674], [-4.1899, 42.85555], [-4.19135, 42.85492], [-4.19195, 42.8542], [-4.19345, 42.85441], [-4.19726, 42.85157], [-4.1978, 42.85051], [-4.1979, 42.84836], [-4.19884, 42.84732], [-4.20218, 42.84539], [-4.20424, 42.84506]]]}, "properties": {"codigo": "ES1300014", "nombre": "Río Camesa", "tipo": "ZEC", "ha": 245.5}}, {"type": "Feature", "geometry": {"type": "Polygon", "coordinates": [[[-3.70172, 43.20857], [-3.70342, 43.20976], [-3.70411, 43.21122], [-3.70516, 43.21211], [-3.70501, 43.21285], [-3.70646, 43.21399], [-3.70676, 43.21465], [-3.70658, 43.2175], [-3.7085, 43.22098], [-3.70731, 43.22373], [-3.70595, 43.22502], [-3.70421, 43.22766], [-3.70435, 43.22888], [-3.70318, 43.23023], [-3.70091, 43.23157], [-3.70006, 43.23255], [-3.70061, 43.23436], [-3.70034, 43.23543], [-3.70085, 43.23806], [-3.70168, 43.23935], [-3.70159, 43.2404], [-3.70321, 43.2412], [-3.70371, 43.24274], [-3.7054, 43.24408], [-3.70557, 43.24536], [-3.70714, 43.24641], [-3.70756, 43.24791], [-3.70867, 43.24818], [-3.70991, 43.24916], [-3.70931, 43.25027], [-3.71, 43.25063], [-3.71161, 43.25416], [-3.71665, 43.2577], [-3.71524, 43.25943], [-3.71624, 43.26043], [-3.71621, 43.26272], [-3.71486, 43.26505], [-3.71249, 43.26769], [-3.71261, 43.26945], [-3.71204, 43.27043], [-3.71075, 43.27138], [-3.71109, 43.27259], [-3.71046, 43.27413], [-3.70862, 43.27497], [-3.70587, 43.27545], [-3.70691, 43.27641], [-3.70647, 43.27702], [-3.70349, 43.27922], [-3.70226, 43.27954], [-3.69909, 43.28145], [-3.69814, 43.28253], [-3.69864, 43.28356], [-3.69845, 43.28488], [-3.69654, 43.28748], [-3.69731, 43.28901], [-3.69899, 43.29026], [-3.69979, 43.29395], [-3.70156, 43.29505], [-3.70233, 43.2962], [-3.70482, 43.29837], [-3.70535, 43.30348], [-3.7095, 43.30834], [-3.70782, 43.31428], [-3.7131, 43.31952], [-3.71656, 43.31982], [-3.72076, 43.31822], [-3.72198, 43.31815], [-3.72405, 43.31948], [-3.72853, 43.31918], [-3.73445, 43.32133], [-3.74075, 43.32214], [-3.74153, 43.32282], [-3.74121, 43.32291], [-3.74138, 43.3242], [-3.74554, 43.33052], [-3.74501, 43.33234], [-3.74318, 43.33383], [-3.74265, 43.33471], [-3.74372, 43.33699], [-3.74342, 43.33704], [-3.74395, 43.33939], [-3.74089, 43.34072], [-3.74144, 43.34262], [-3.74304, 43.34424], [-3.74379, 43.34635], [-3.74282, 43.34722], [-3.73616, 43.34634], [-3.73388, 43.34557], [-3.73238, 43.34784], [-3.73024, 43.34882], [-3.7289, 43.34886], [-3.72859, 43.34951], [-3.72883, 43.35008], [-3.72835, 43.35045], [-3.72677, 43.35018], [-3.72312, 43.34859], [-3.71977, 43.34844], [-3.71506, 43.34979], [-3.71367, 43.34976], [-3.71226, 43.34916], [-3.71076, 43.34925], [-3.70959, 43.34968], [-3.70704, 43.35182], [-3.70685, 43.35226], [-3.70755, 43.3531], [-3.71215, 43.35463], [-3.71245, 43.3555], [-3.71212, 43.35843], [-3.71366, 43.36026], [-3.71389, 43.36672], [-3.71357, 43.36677], [-3.7128, 43.36866], [-3.7131, 43.36866], [-3.71312, 43.36965], [-3.71231, 43.37213], [-3.71033, 43.3764], [-3.71796, 43.37916], [-3.71999, 43.38068], [-3.72636, 43.38135], [-3.72497, 43.38055], [-3.72629, 43.37948], [-3.72473, 43.37902], [-3.72517, 43.37742], [-3.72576, 43.3772], [-3.7252, 43.37656], [-3.72454, 43.3766], [-3.72397, 43.37574], [-3.72393, 43.37438], [-3.72433, 43.37407], [-3.725, 43.37434], [-3.72436, 43.37337], [-3.72468, 43.37261], [-3.72397, 43.37167], [-3.72372, 43.37038], [-3.72463, 43.36812], [-3.72532, 43.36754], [-3.72659, 43.36745], [-3.72706, 43.3664], [-3.7288, 43.36592], [-3.72961, 43.3668], [-3.73065, 43.36697], [-3.73146, 43.36653], [-3.73155, 43.36602], [-3.73414, 43.36614], [-3.73474, 43.36549], [-3.73541, 43.36583], [-3.73563, 43.3674], [-3.73837, 43.36784], [-3.74279, 43.36755], [-3.74448, 43.36516], [-3.74469, 43.36363], [-3.7476, 43.36263], [-3.74721, 43.36168], [-3.75151, 43.36106], [-3.75213, 43.36181], [-3.75731, 43.3606], [-3.75631, 43.35931], [-3.75626, 43.3586], [-3.75708, 43.35861], [-3.75727, 43.35799], [-3.75909, 43.35722], [-3.75874, 43.35687], [-3.75901, 43.35634], [-3.75823, 43.35568], [-3.75898, 43.35508], [-3.76028, 43.35539], [-3.76034, 43.35499], [-3.76101, 43.35485], [-3.76243, 43.35604], [-3.76693, 43.35627], [-3.77111, 43.35725], [-3.77046, 43.35766], [-3.76687, 43.35672], [-3.7638, 43.35681], [-3.76152, 43.3562], [-3.76089, 43.35561], [-3.76036, 43.35606], [-3.7593, 43.35549], [-3.75899, 43.35574], [-3.75965, 43.35621], [-3.75941, 43.35679], [-3.7602, 43.35683], [-3.75996, 43.35732], [-3.75779, 43.35829], [-3.75871, 43.35832], [-3.75886, 43.35882], [-3.75828, 43.35939], [-3.75726, 43.35956], [-3.7583, 43.36066], [-3.75826, 43.36159], [-3.75702, 43.36083], [-3.75639, 43.36129], [-3.7544, 43.3613], [-3.75201, 43.36212], [-3.75139, 43.36132], [-3.75053, 43.36189], [-3.74777, 43.36198], [-3.74827, 43.36284], [-3.74511, 43.36398], [-3.74508, 43.36529], [-3.74387, 43.36734], [-3.7431, 43.36795], [-3.73818, 43.3683], [-3.73506, 43.3678], [-3.73484, 43.3662], [-3.7344, 43.36658], [-3.73208, 43.36639], [-3.7308, 43.36742], [-3.72929, 43.36719], [-3.72868, 43.3664], [-3.72759, 43.36672], [-3.72704, 43.3678], [-3.72574, 43.3679], [-3.72497, 43.36858], [-3.72438, 43.37109], [-3.72531, 43.37257], [-3.72501, 43.37336], [-3.72562, 43.37436], [-3.72534, 43.37495], [-3.72455, 43.37493], [-3.72459, 43.37568], [-3.72487, 43.37617], [-3.72562, 43.37607], [-3.72692, 43.37752], [-3.72659, 43.37793], [-3.72586, 43.37772], [-3.7253, 43.37875], [-3.72695, 43.37942], [-3.72571, 43.38053], [-3.72813, 43.38165], [-3.7304, 43.38184], [-3.73114, 43.38259], [-3.73086, 43.38428], [-3.73117, 43.38536], [-3.73011, 43.38937], [-3.7288, 43.39084], [-3.72905, 43.39098], [-3.72688, 43.3929], [-3.72757, 43.39405], [-3.72718, 43.39588], [-3.72807, 43.39742], [-3.72804, 43.3981], [-3.72627, 43.39991], [-3.72545, 43.40178], [-3.72336, 43.40426], [-3.72027, 43.40509], [-3.71729, 43.4071], [-3.71746, 43.40729], [-3.71057, 43.41086], [-3.70992, 43.41138], [-3.7093, 43.41311], [-3.71114, 43.41357], [-3.71178, 43.41557], [-3.71172, 43.41759], [-3.71443, 43.42007], [-3.71436, 43.42066], [-3.71225, 43.4225], [-3.71372, 43.42271], [-3.71454, 43.42199], [-3.7159, 43.42163], [-3.71736, 43.42284], [-3.71787, 43.42464], [-3.71723, 43.42572], [-3.71759, 43.42566], [-3.71783, 43.4279], [-3.71851, 43.42914], [-3.71765, 43.42951], [-3.7165, 43.42729], [-3.7162, 43.42566], [-3.71677, 43.42373], [-3.71594, 43.42237], [-3.71328, 43.42336], [-3.7116, 43.42284], [-3.71142, 43.42198], [-3.71356, 43.42023], [-3.71082, 43.41764], [-3.70807, 43.4175], [-3.70703, 43.4183], [-3.70474, 43.41885], [-3.70367, 43.42003], [-3.70259, 43.42047], [-3.70075, 43.41942], [-3.7004, 43.41864], [-3.69989, 43.41856], [-3.6988, 43.41949], [-3.69692, 43.41931], [-3.69698, 43.4188], [-3.69589, 43.41901], [-3.69506, 43.41836], [-3.69566, 43.41785], [-3.69269, 43.41707], [-3.69317, 43.41591], [-3.69487, 43.41597], [-3.6959, 43.41553], [-3.6969, 43.41407], [-3.69501, 43.41362], [-3.694, 43.41281], [-3.69406, 43.4122], [-3.69555, 43.412], [-3.69459, 43.4111], [-3.69198, 43.41064], [-3.69118, 43.41144], [-3.68846, 43.41209], [-3.68796, 43.41384], [-3.68709, 43.41443], [-3.68475, 43.41488], [-3.68289, 43.41384], [-3.68342, 43.41441], [-3.6829, 43.41557], [-3.68402, 43.41609], [-3.68566, 43.416], [-3.68642, 43.41734], [-3.68587, 43.41763], [-3.68284, 43.41729], [-3.68261, 43.41768], [-3.68325, 43.41786], [-3.6836, 43.4189], [-3.68264, 43.42108], [-3.67871, 43.42148], [-3.67741, 43.42331], [-3.67596, 43.42429], [-3.67618, 43.42507], [-3.67524, 43.42562], [-3.67437, 43.42575], [-3.67364, 43.42492], [-3.67334, 43.42557], [-3.67246, 43.42571], [-3.67197, 43.42644], [-3.67095, 43.42656], [-3.67056, 43.42608], [-3.66998, 43.42673], [-3.66906, 43.4268], [-3.66931, 43.42736], [-3.66885, 43.42775], [-3.66557, 43.42762], [-3.66426, 43.42832], [-3.66093, 43.42827], [-3.66022, 43.42779], [-3.66022, 43.42684], [-3.65739, 43.42551], [-3.65734, 43.42503], [-3.65652, 43.42469], [-3.65547, 43.42488], [-3.65522, 43.42572], [-3.6547, 43.42592], [-3.65377, 43.42473], [-3.65324, 43.42476], [-3.65315, 43.42526], [-3.65222, 43.42518], [-3.65109, 43.42399], [-3.64773, 43.42298], [-3.64622, 43.42103], [-3.64091, 43.42081], [-3.63643, 43.41741], [-3.63323, 43.41802], [-3.632, 43.41708], [-3.63206, 43.41652], [-3.63338, 43.41755], [-3.63482, 43.4175], [-3.63678, 43.41679], [-3.63707, 43.41744], [-3.64119, 43.42039], [-3.64649, 43.42062], [-3.64843, 43.42273], [-3.65154, 43.42363], [-3.65244, 43.42476], [-3.65284, 43.42439], [-3.65411, 43.4243], [-3.65476, 43.42506], [-3.65496, 43.42456], [-3.65637, 43.42416], [-3.65833, 43.42464], [-3.65799, 43.42527], [-3.66063, 43.42648], [-3.66107, 43.42795], [-3.66322, 43.42766], [-3.6642, 43.42796], [-3.66544, 43.42729], [-3.66839, 43.42752], [-3.6688, 43.4272], [-3.66867, 43.42665], [-3.66985, 43.42624], [-3.67004, 43.42578], [-3.67084, 43.42563], [-3.67159, 43.42607], [-3.67202, 43.42536], [-3.67297, 43.42517], [-3.67337, 43.42444], [-3.67389, 43.42444], [-3.67481, 43.42528], [-3.67557, 43.42469], [-3.67534, 43.42413], [-3.67691, 43.42304], [-3.67833, 43.42102], [-3.68217, 43.42077], [-3.68297, 43.41888], [-3.68277, 43.41816], [-3.68198, 43.41779], [-3.68243, 43.41694], [-3.68352, 43.41665], [-3.68575, 43.41715], [-3.68529, 43.41639], [-3.68354, 43.41646], [-3.68215, 43.41557], [-3.68277, 43.41451], [-3.68218, 43.41401], [-3.68252, 43.41345], [-3.68372, 43.41346], [-3.68497, 43.41441], [-3.68687, 43.41401], [-3.68737, 43.41371], [-3.68796, 43.41182], [-3.68914, 43.41127], [-3.69064, 43.4112], [-3.69152, 43.41024], [-3.69461, 43.4106], [-3.69591, 43.41203], [-3.69432, 43.41235], [-3.69428, 43.4127], [-3.69515, 43.41342], [-3.69694, 43.4138], [-3.69743, 43.41451], [-3.69625, 43.4159], [-3.69504, 43.41643], [-3.69369, 43.41621], [-3.69326, 43.41696], [-3.69609, 43.4175], [-3.69639, 43.4182], [-3.69573, 43.41839], [-3.69776, 43.41842], [-3.69757, 43.41895], [-3.69884, 43.41899], [-3.69951, 43.41815], [-3.70077, 43.41825], [-3.70126, 43.41916], [-3.70275, 43.41996], [-3.70433, 43.41852], [-3.70686, 43.41785], [-3.70771, 43.41712], [-3.71069, 43.41713], [-3.71095, 43.41609], [-3.71033, 43.41407], [-3.70865, 43.41374], [-3.70792, 43.41288], [-3.70751, 43.41083], [-3.70826, 43.41004], [-3.70803, 43.40975], [-3.70746, 43.40984], [-3.70625, 43.41143], [-3.70327, 43.41257], [-3.70207, 43.41237], [-3.70151, 43.41173], [-3.70143, 43.41145], [-3.70155, 43.4112], [-3.70239, 43.41072], [-3.70233, 43.41031], [-3.70318, 43.41], [-3.70343, 43.40888], [-3.70538, 43.40742], [-3.70658, 43.40536], [-3.70629, 43.4049], [-3.70371, 43.4043], [-3.70366, 43.40364], [-3.7042, 43.40284], [-3.70314, 43.40148], [-3.704, 43.40078], [-3.7021, 43.40056], [-3.70171, 43.4001], [-3.70171, 43.39951], [-3.70291, 43.39845], [-3.70541, 43.39819], [-3.706, 43.39767], [-3.70585, 43.39604], [-3.70335, 43.39542], [-3.7031, 43.39402], [-3.70419, 43.39309], [-3.70106, 43.39283], [-3.70035, 43.39244], [-3.70033, 43.39188], [-3.69753, 43.39148], [-3.69806, 43.39079], [-3.69938, 43.39006], [-3.69973, 43.39001], [-3.69981, 43.38958], [-3.69731, 43.38842], [-3.69469, 43.38865], [-3.69445, 43.38736], [-3.6935, 43.38585], [-3.69187, 43.38459], [-3.68972, 43.38482], [-3.68813, 43.38242], [-3.6861, 43.38084], [-3.68459, 43.38074], [-3.68275, 43.38129], [-3.68188, 43.38043], [-3.6806, 43.38039], [-3.67991, 43.37951], [-3.67929, 43.37962], [-3.67869, 43.37908], [-3.67847, 43.37805], [-3.67776, 43.37798], [-3.67667, 43.37714], [-3.67562, 43.37682], [-3.67537, 43.37747], [-3.67482, 43.37748], [-3.67389, 43.3762], [-3.6738, 43.37533], [-3.67231, 43.37571], [-3.67198, 43.37525], [-3.67341, 43.37401], [-3.67304, 43.37226], [-3.67342, 43.3721], [-3.67093, 43.37259], [-3.67081, 43.3715], [-3.66991, 43.37145], [-3.6688, 43.37028], [-3.66796, 43.37023], [-3.6683, 43.37073], [-3.66777, 43.37113], [-3.66613, 43.37078], [-3.6658, 43.37037], [-3.6646, 43.37086], [-3.66374, 43.37176], [-3.66254, 43.372], [-3.66259, 43.37172], [-3.66212, 43.372], [-3.66178, 43.37197], [-3.65933, 43.37039], [-3.65764, 43.3702], [-3.65701, 43.37048], [-3.65504, 43.36975], [-3.65311, 43.36979], [-3.65228, 43.36919], [-3.64892, 43.36825], [-3.64892, 43.36773], [-3.65047, 43.36674], [-3.64863, 43.36704], [-3.64857, 43.36753], [-3.64793, 43.3677], [-3.64512, 43.36806], [-3.64427, 43.36641], [-3.64308, 43.36578], [-3.64205, 43.36577], [-3.64293, 43.36388], [-3.64179, 43.36389], [-3.64011, 43.3648], [-3.6394, 43.36479], [-3.63858, 43.36378], [-3.63664, 43.36362], [-3.63517, 43.36295], [-3.63452, 43.36342], [-3.63398, 43.36287], [-3.63249, 43.36295], [-3.63149, 43.36151], [-3.62953, 43.36152], [-3.62844, 43.36315], [-3.62801, 43.36316], [-3.62656, 43.36146], [-3.62336, 43.36062], [-3.62233, 43.36089], [-3.62092, 43.36058], [-3.62028, 43.35953], [-3.61451, 43.36031], [-3.6137, 43.35955], [-3.61325, 43.35992], [-3.61248, 43.35957], [-3.6117, 43.36021], [-3.61, 43.36012], [-3.60885, 43.36086], [-3.60835, 43.36071], [-3.60854, 43.36012], [-3.61003, 43.35966], [-3.61126, 43.35984], [-3.61226, 43.35908], [-3.61304, 43.35936], [-3.61398, 43.35913], [-3.61459, 43.35986], [-3.62036, 43.35908], [-3.62095, 43.35927], [-3.6213, 43.36021], [-3.62349, 43.36017], [-3.62658, 43.36094], [-3.62809, 43.36248], [-3.62941, 43.36105], [-3.63159, 43.36106], [-3.63221, 43.36139], [-3.63281, 43.36255], [-3.63534, 43.36251], [-3.63664, 43.36312], [-3.63882, 43.36335], [-3.63961, 43.36434], [-3.64162, 43.36346], [-3.64324, 43.36347], [-3.64358, 43.3644], [-3.64272, 43.36532], [-3.64473, 43.3661], [-3.64556, 43.36769], [-3.64801, 43.3672], [-3.64812, 43.36671], [-3.64882, 43.36649], [-3.65074, 43.36631], [-3.6511, 43.36714], [-3.64942, 43.36802], [-3.65251, 43.36876], [-3.6533, 43.36935], [-3.65515, 43.36931], [-3.65713, 43.37002], [-3.66006, 43.37025], [-3.66183, 43.37192], [-3.66258, 43.37167], [-3.66353, 43.37154], [-3.66584, 43.36984], [-3.66754, 43.37059], [-3.66741, 43.36981], [-3.66798, 43.36977], [-3.6691, 43.36987], [-3.67026, 43.37103], [-3.67115, 43.37108], [-3.67134, 43.37181], [-3.67197, 43.37207], [-3.6729, 43.37163], [-3.67464, 43.37175], [-3.67466, 43.37235], [-3.67378, 43.3726], [-3.67401, 43.37413], [-3.67321, 43.37487], [-3.6744, 43.37509], [-3.67413, 43.37593], [-3.6748, 43.37677], [-3.67549, 43.37654], [-3.67814, 43.37761], [-3.67925, 43.37765], [-3.67947, 43.37787], [-3.679, 43.3783], [-3.67931, 43.37893], [-3.68035, 43.37947], [-3.68072, 43.38014], [-3.68217, 43.38001], [-3.68295, 43.38084], [-3.6845, 43.38026], [-3.68643, 43.38056], [-3.68757, 43.38191], [-3.68806, 43.38176], [-3.68875, 43.38234], [-3.69001, 43.3844], [-3.69246, 43.38433], [-3.694, 43.38557], [-3.69495, 43.38847], [-3.69592, 43.38805], [-3.69742, 43.38818], [-3.69989, 43.38956], [-3.69977, 43.39006], [-3.6981, 43.3912], [-3.70081, 43.39153], [-3.70122, 43.39239], [-3.7048, 43.3928], [-3.70474, 43.3934], [-3.70345, 43.3941], [-3.70367, 43.39527], [-3.70635, 43.39573], [-3.70661, 43.39776], [-3.70563, 43.39855], [-3.70329, 43.39882], [-3.70233, 43.40002], [-3.70466, 43.40056], [-3.70378, 43.40161], [-3.70465, 43.40242], [-3.70428, 43.40402], [-3.70659, 43.40462], [-3.70712, 43.40531], [-3.70574, 43.40776], [-3.70375, 43.40899], [-3.70386, 43.40999], [-3.70152, 43.41144], [-3.70228, 43.41217], [-3.70306, 43.41215], [-3.70583, 43.4111], [-3.70683, 43.40962], [-3.70835, 43.40937], [-3.70889, 43.40983], [-3.70813, 43.41085], [-3.70853, 43.41278], [-3.70926, 43.41104], [-3.71769, 43.40667], [-3.71953, 43.4046], [-3.7226, 43.40398], [-3.72355, 43.40302], [-3.72504, 43.39816], [-3.72518, 43.39649], [-3.72676, 43.39458], [-3.72588, 43.39271], [-3.72859, 43.39076], [-3.72997, 43.38912], [-3.73084, 43.38541], [-3.73006, 43.38505], [-3.7299, 43.38446], [-3.73058, 43.38269], [-3.7201, 43.3813], [-3.71877, 43.3808], [-3.7172, 43.37958], [-3.71375, 43.3785], [-3.71097, 43.37707], [-3.70934, 43.37676], [-3.71242, 43.37015], [-3.71233, 43.36832], [-3.71309, 43.36739], [-3.71364, 43.3656], [-3.71351, 43.36485], [-3.71319, 43.36485], [-3.71278, 43.36204], [-3.71326, 43.36076], [-3.71286, 43.35989], [-3.71128, 43.3586], [-3.71107, 43.35758], [-3.71146, 43.35563], [-3.71099, 43.35464], [-3.70738, 43.35338], [-3.70663, 43.35205], [-3.7046, 43.35168], [-3.70331, 43.3519], [-3.70257, 43.35161], [-3.70171, 43.34983], [-3.69986, 43.34827], [-3.69807, 43.34783], [-3.69699, 43.34658], [-3.69463, 43.34575], [-3.69463, 43.34539], [-3.69573, 43.34487], [-3.6944, 43.34484], [-3.6942, 43.34395], [-3.69177, 43.34429], [-3.69125, 43.34497], [-3.68934, 43.34453], [-3.6879, 43.34534], [-3.68627, 43.34462], [-3.68217, 43.34408], [-3.68146, 43.34317], [-3.68047, 43.34362], [-3.67973, 43.34361], [-3.67917, 43.34324], [-3.67693, 43.34346], [-3.67671, 43.34334], [-3.67653, 43.34265], [-3.6757, 43.34198], [-3.67228, 43.34014], [-3.6662, 43.33904], [-3.66192, 43.33886], [-3.65896, 43.33659], [-3.65906, 43.33567], [-3.65747, 43.33377], [-3.65727, 43.33265], [-3.65599, 43.33238], [-3.65539, 43.33123], [-3.65429, 43.33128], [-3.6536, 43.33006], [-3.65238, 43.32915], [-3.65282, 43.32875], [-3.65413, 43.32983], [-3.65469, 43.33088], [-3.65555, 43.33077], [-3.65605, 43.33101], [-3.65637, 43.33201], [-3.65768, 43.33228], [-3.65806, 43.33355], [-3.65876, 43.33409], [-3.6588, 43.33501], [-3.6594, 43.33557], [-3.6595, 43.33635], [-3.66221, 43.33845], [-3.66722, 43.33874], [-3.67213, 43.34002], [-3.67592, 43.34205], [-3.6766, 43.34262], [-3.67696, 43.34341], [-3.67921, 43.34318], [-3.68008, 43.34358], [-3.68087, 43.34315], [-3.68199, 43.34315], [-3.68227, 43.34356], [-3.68633, 43.34416], [-3.68793, 43.34486], [-3.68906, 43.34411], [-3.69094, 43.34451], [-3.69147, 43.34389], [-3.69445, 43.34353], [-3.69486, 43.34374], [-3.69499, 43.34452], [-3.69635, 43.34462], [-3.69629, 43.34526], [-3.69533, 43.34561], [-3.6971, 43.34607], [-3.69849, 43.34747], [-3.70032, 43.34794], [-3.70188, 43.34919], [-3.70239, 43.34992], [-3.70264, 43.35157], [-3.70332, 43.35184], [-3.7046, 43.35163], [-3.70664, 43.352], [-3.70953, 43.349], [-3.71129, 43.34857], [-3.7148, 43.3493], [-3.71912, 43.34803], [-3.72229, 43.34786], [-3.72608, 43.34886], [-3.72794, 43.34993], [-3.72849, 43.34862], [-3.7315, 43.34752], [-3.73231, 43.34687], [-3.73307, 43.34527], [-3.73384, 43.34502], [-3.73653, 43.34584], [-3.74233, 43.34678], [-3.74331, 43.3463], [-3.74308, 43.34471], [-3.7413, 43.34281], [-3.74069, 43.3406], [-3.741, 43.34007], [-3.74291, 43.33963], [-3.74337, 43.33913], [-3.74198, 43.33486], [-3.74245, 43.3338], [-3.74444, 43.33216], [-3.74496, 43.33082], [-3.74089, 43.32382], [-3.74086, 43.32276], [-3.73684, 43.32188], [-3.73426, 43.32176], [-3.72842, 43.31963], [-3.72405, 43.31999], [-3.72188, 43.31859], [-3.71663, 43.32028], [-3.71265, 43.31983], [-3.70722, 43.31444], [-3.70751, 43.31226], [-3.70884, 43.30818], [-3.70478, 43.30366], [-3.70423, 43.29852], [-3.70182, 43.29645], [-3.70131, 43.29571], [-3.70157, 43.29559], [-3.69923, 43.29414], [-3.69843, 43.29045], [-3.69681, 43.28928], [-3.69586, 43.28745], [-3.69801, 43.28453], [-3.69754, 43.28241], [-3.69857, 43.28119], [-3.70184, 43.27919], [-3.70309, 43.27888], [-3.70602, 43.2767], [-3.70622, 43.27646], [-3.70516, 43.27555], [-3.70536, 43.27515], [-3.70994, 43.27388], [-3.71045, 43.27252], [-3.71014, 43.27129], [-3.71201, 43.26932], [-3.71193, 43.2675], [-3.71431, 43.26485], [-3.7156, 43.26262], [-3.71564, 43.26057], [-3.71484, 43.26008], [-3.71462, 43.25937], [-3.71602, 43.25761], [-3.71114, 43.25446], [-3.71051, 43.25245], [-3.70951, 43.25093], [-3.70871, 43.25043], [-3.70935, 43.24928], [-3.70708, 43.2482], [-3.70674, 43.24667], [-3.70494, 43.24544], [-3.70486, 43.24401], [-3.70318, 43.24297], [-3.70274, 43.24152], [-3.701, 43.24055], [-3.70108, 43.23945], [-3.70025, 43.23816], [-3.69973, 43.23547], [-3.7, 43.23441], [-3.69944, 43.23336], [-3.69947, 43.23242], [-3.70044, 43.23128], [-3.70271, 43.22994], [-3.70382, 43.22864], [-3.70362, 43.22752], [-3.70542, 43.22479], [-3.70672, 43.22354], [-3.70789, 43.22093], [-3.70596, 43.21761], [-3.70613, 43.21461], [-3.70447, 43.21306], [-3.70451, 43.21214], [-3.7036, 43.21147], [-3.70289, 43.21], [-3.70159, 43.20884], [-3.70172, 43.20857]]]}, "properties": {"codigo": "ES1300015", "nombre": "Río Miera", "tipo": "ZEC", "ha": 395.5}}, {"type": "Feature", "geometry": {"type": "Polygon", "coordinates": [[[-3.8891, 43.05161], [-3.89451, 43.05275], [-3.89732, 43.05282], [-3.90822, 43.05537], [-3.91033, 43.05633], [-3.91318, 43.05949], [-3.91412, 43.06081], [-3.91416, 43.06151], [-3.92069, 43.06383], [-3.92311, 43.06569], [-3.92521, 43.06815], [-3.92805, 43.06857], [-3.9295, 43.06929], [-3.93218, 43.0689], [-3.94154, 43.07133], [-3.94455, 43.07008], [-3.94685, 43.07077], [-3.94818, 43.07307], [-3.95336, 43.07503], [-3.95691, 43.07736], [-3.95873, 43.07779], [-3.95895, 43.08193], [-3.95944, 43.08343], [-3.95902, 43.08606], [-3.95826, 43.08753], [-3.96075, 43.09058], [-3.95596, 43.09172], [-3.95309, 43.09345], [-3.95343, 43.09477], [-3.95274, 43.09549], [-3.95238, 43.09725], [-3.95102, 43.09785], [-3.94723, 43.10169], [-3.94532, 43.10586], [-3.94515, 43.10968], [-3.94432, 43.11182], [-3.94425, 43.11428], [-3.94542, 43.11812], [-3.9489, 43.12383], [-3.94774, 43.12519], [-3.94747, 43.12649], [-3.94805, 43.13096], [-3.94895, 43.13269], [-3.94948, 43.13614], [-3.95063, 43.13945], [-3.95194, 43.14202], [-3.95206, 43.14418], [-3.95344, 43.14721], [-3.952, 43.14891], [-3.95182, 43.14986], [-3.95035, 43.15217], [-3.95365, 43.15532], [-3.95267, 43.1557], [-3.95136, 43.15435], [-3.94723, 43.15297], [-3.94664, 43.15218], [-3.94695, 43.15083], [-3.94265, 43.15186], [-3.94044, 43.15196], [-3.94259, 43.1504], [-3.93858, 43.15038], [-3.93979, 43.14938], [-3.94017, 43.14845], [-3.93644, 43.14916], [-3.93636, 43.14831], [-3.93505, 43.14927], [-3.93441, 43.14688], [-3.93175, 43.14566], [-3.93032, 43.1442], [-3.92887, 43.14355], [-3.92824, 43.14239], [-3.92943, 43.13974], [-3.92919, 43.1388], [-3.93122, 43.13753], [-3.93205, 43.1354], [-3.93028, 43.13608], [-3.93021, 43.13508], [-3.92843, 43.13439], [-3.92462, 43.13416], [-3.92236, 43.13165], [-3.91981, 43.12992], [-3.91947, 43.12846], [-3.92058, 43.1262], [-3.92003, 43.12426], [-3.9208, 43.12274], [-3.92054, 43.1213], [-3.92077, 43.12018], [-3.92138, 43.11974], [-3.92121, 43.1191], [-3.91885, 43.11967], [-3.91588, 43.12124], [-3.91547, 43.1219], [-3.91396, 43.1215], [-3.91096, 43.12248], [-3.90818, 43.1225], [-3.90811, 43.12218], [-3.90939, 43.12151], [-3.90517, 43.11988], [-3.90515, 43.11901], [-3.9058, 43.11864], [-3.90526, 43.11792], [-3.90537, 43.11749], [-3.90635, 43.11691], [-3.90576, 43.1159], [-3.90584, 43.11517], [-3.9074, 43.11521], [-3.90808, 43.11478], [-3.90811, 43.11437], [-3.90713, 43.11369], [-3.90735, 43.11241], [-3.90843, 43.11181], [-3.90839, 43.11039], [-3.90947, 43.10934], [-3.90655, 43.10732], [-3.90818, 43.10731], [-3.90781, 43.10688], [-3.9099, 43.10565], [-3.91005, 43.10508], [-3.90936, 43.10422], [-3.90927, 43.10305], [-3.91371, 43.10074], [-3.9136, 43.09966], [-3.91407, 43.09839], [-3.92174, 43.09594], [-3.92315, 43.0947], [-3.92573, 43.09381], [-3.92585, 43.09287], [-3.92504, 43.09233], [-3.92285, 43.09219], [-3.91977, 43.09277], [-3.91816, 43.09405], [-3.91709, 43.09407], [-3.91642, 43.09396], [-3.91695, 43.09314], [-3.91669, 43.0923], [-3.91514, 43.09075], [-3.91358, 43.09121], [-3.9117, 43.0909], [-3.90873, 43.09192], [-3.9085, 43.09234], [-3.90555, 43.09355], [-3.90448, 43.09466], [-3.90343, 43.09491], [-3.90332, 43.09427], [-3.9025, 43.09383], [-3.90313, 43.09322], [-3.90214, 43.09268], [-3.90287, 43.09261], [-3.901, 43.09123], [-3.902, 43.09041], [-3.90143, 43.09007], [-3.90173, 43.09003], [-3.90043, 43.08882], [-3.89794, 43.08772], [-3.89668, 43.08602], [-3.89704, 43.08446], [-3.89637, 43.08201], [-3.89716, 43.08026], [-3.89695, 43.07915], [-3.89406, 43.07597], [-3.89242, 43.07513], [-3.89217, 43.07321], [-3.89167, 43.07243], [-3.8901, 43.07149], [-3.88857, 43.06922], [-3.88885, 43.06766], [-3.8883, 43.06659], [-3.88827, 43.06445], [-3.88993, 43.06233], [-3.89059, 43.06042], [-3.88942, 43.05429], [-3.88865, 43.05335], [-3.88743, 43.05281], [-3.88739, 43.05247], [-3.8891, 43.05161]]]}, "properties": {"codigo": "ES1300016", "nombre": "Sierra del Escudo", "tipo": "ZEC", "ha": 3198.2}}, {"type": "Feature", "geometry": {"type": "Polygon", "coordinates": [[[-4.12304, 43.38807], [-4.12636, 43.38845], [-4.13085, 43.391], [-4.13204, 43.39327], [-4.13198, 43.394], [-4.13299, 43.3948], [-4.13228, 43.3965], [-4.13051, 43.39688], [-4.12998, 43.39756], [-4.13003, 43.39882], [-4.13141, 43.39931], [-4.12993, 43.40093], [-4.1294, 43.40106], [-4.12882, 43.39949], [-4.12816, 43.39911], [-4.12428, 43.39987], [-4.12028, 43.39677], [-4.11812, 43.39372], [-4.11855, 43.39065], [-4.12175, 43.38849], [-4.12304, 43.38807]]]}, "properties": {"codigo": "ES1300017", "nombre": "Cueva La Rogería", "tipo": "ZEC", "ha": 112.3}}, {"type": "Feature", "geometry": {"type": "Polygon", "coordinates": [[[-4.47533, 43.33364], [-4.4879, 43.33515], [-4.49622, 43.33675], [-4.49351, 43.33867], [-4.48947, 43.33903], [-4.48921, 43.33964], [-4.49046, 43.34069], [-4.49047, 43.34138], [-4.48938, 43.34339], [-4.48956, 43.34451], [-4.48851, 43.34423], [-4.48771, 43.34335], [-4.48496, 43.34278], [-4.4798, 43.34372], [-4.47879, 43.34372], [-4.47676, 43.34277], [-4.47219, 43.34347], [-4.47192, 43.34232], [-4.47103, 43.34131], [-4.47187, 43.34014], [-4.47166, 43.33949], [-4.4636, 43.33849], [-4.46646, 43.33659], [-4.46634, 43.33524], [-4.4685, 43.33473], [-4.47512, 43.33469], [-4.47553, 43.33458], [-4.47533, 43.33364]]]}, "properties": {"codigo": "ES1300019", "nombre": "Cueva del Rejo", "tipo": "ZEC", "ha": 180.0}}, {"type": "Feature", "geometry": {"type": "Polygon", "coordinates": [[[-4.2927, 43.12125], [-4.29438, 43.12186], [-4.29445, 43.12314], [-4.29591, 43.12353], [-4.29688, 43.12493], [-4.29711, 43.12628], [-4.29659, 43.12881], [-4.29696, 43.12939], [-4.29598, 43.12987], [-4.29541, 43.13125], [-4.29431, 43.13172], [-4.29395, 43.13313], [-4.29263, 43.13408], [-4.29248, 43.13686], [-4.29131, 43.13784], [-4.29087, 43.13931], [-4.28767, 43.14416], [-4.28719, 43.1455], [-4.28739, 43.14617], [-4.2861, 43.14613], [-4.28698, 43.14705], [-4.28697, 43.14769], [-4.28561, 43.14852], [-4.28308, 43.14885], [-4.28158, 43.15064], [-4.28145, 43.15281], [-4.28049, 43.15398], [-4.28116, 43.15531], [-4.28107, 43.15622], [-4.27822, 43.1598], [-4.27862, 43.16119], [-4.27774, 43.1635], [-4.27987, 43.16504], [-4.28266, 43.16511], [-4.28513, 43.1659], [-4.28793, 43.17025], [-4.28952, 43.17079], [-4.29249, 43.17062], [-4.29294, 43.17132], [-4.29274, 43.17259], [-4.29327, 43.17372], [-4.29597, 43.17351], [-4.29761, 43.174], [-4.29815, 43.17471], [-4.29789, 43.17679], [-4.29845, 43.17808], [-4.29755, 43.18012], [-4.29713, 43.18026], [-4.29715, 43.18108], [-4.29759, 43.18152], [-4.29952, 43.18188], [-4.30108, 43.18305], [-4.30132, 43.18386], [-4.30207, 43.18446], [-4.30554, 43.18639], [-4.30529, 43.18877], [-4.30617, 43.1901], [-4.30588, 43.19225], [-4.30481, 43.19458], [-4.30479, 43.1971], [-4.30264, 43.19842], [-4.30159, 43.1999], [-4.30109, 43.20206], [-4.29894, 43.20412], [-4.29887, 43.20578], [-4.30018, 43.20783], [-4.29817, 43.21296], [-4.29729, 43.21372], [-4.29533, 43.21449], [-4.29305, 43.2165], [-4.29171, 43.21946], [-4.28936, 43.22128], [-4.28891, 43.22398], [-4.28677, 43.22675], [-4.28645, 43.23009], [-4.28781, 43.23187], [-4.28752, 43.23257], [-4.2882, 43.23352], [-4.28906, 43.23677], [-4.28826, 43.24455], [-4.28322, 43.24984], [-4.28107, 43.25275], [-4.27918, 43.25336], [-4.27646, 43.25356], [-4.2719, 43.25534], [-4.26885, 43.26219], [-4.26885, 43.26317], [-4.27109, 43.26152], [-4.27249, 43.26132], [-4.27345, 43.2599], [-4.27486, 43.25979], [-4.27745, 43.26012], [-4.2786, 43.26128], [-4.28089, 43.26258], [-4.28282, 43.2629], [-4.28367, 43.26247], [-4.28455, 43.2627], [-4.28741, 43.26234], [-4.28829, 43.26185], [-4.28942, 43.26207], [-4.29058, 43.26339], [-4.29132, 43.2635], [-4.29418, 43.26304], [-4.29747, 43.26176], [-4.30502, 43.26159], [-4.30697, 43.262], [-4.30974, 43.26419], [-4.3099, 43.26479], [-4.30654, 43.26235], [-4.30493, 43.26204], [-4.29752, 43.26221], [-4.29439, 43.26348], [-4.2913, 43.26396], [-4.29019, 43.26375], [-4.28892, 43.26239], [-4.2883, 43.2623], [-4.28759, 43.26277], [-4.28385, 43.26296], [-4.28285, 43.26336], [-4.2806, 43.26299], [-4.27814, 43.26159], [-4.27714, 43.26052], [-4.27375, 43.26031], [-4.273, 43.26159], [-4.27106, 43.26215], [-4.2693, 43.26369], [-4.26808, 43.26544], [-4.26464, 43.26718], [-4.26287, 43.26925], [-4.26123, 43.26944], [-4.25662, 43.27147], [-4.25275, 43.27212], [-4.24754, 43.27381], [-4.24653, 43.27441], [-4.24696, 43.27531], [-4.24686, 43.27651], [-4.24565, 43.27804], [-4.24371, 43.27829], [-4.24042, 43.27794], [-4.2364, 43.28375], [-4.23555, 43.28341], [-4.2356, 43.28303], [-4.23821, 43.28002], [-4.23905, 43.27725], [-4.24028, 43.2768], [-4.24329, 43.27739], [-4.24508, 43.2773], [-4.24575, 43.27572], [-4.24562, 43.26972], [-4.24498, 43.26825], [-4.24375, 43.26755], [-4.2422, 43.26506], [-4.24179, 43.26315], [-4.24272, 43.26101], [-4.24122, 43.2598], [-4.2402, 43.2563], [-4.23858, 43.25426], [-4.23853, 43.25321], [-4.23933, 43.25171], [-4.23954, 43.2497], [-4.23912, 43.24898], [-4.24057, 43.24777], [-4.23965, 43.24675], [-4.23961, 43.24508], [-4.23832, 43.2441], [-4.23779, 43.24243], [-4.23684, 43.24166], [-4.23222, 43.24085], [-4.23192, 43.24033], [-4.23262, 43.23919], [-4.22755, 43.2386], [-4.22889, 43.23833], [-4.23309, 43.23888], [-4.23316, 43.23963], [-4.23255, 43.2404], [-4.23606, 43.24081], [-4.23723, 43.24131], [-4.23838, 43.24228], [-4.23884, 43.24385], [-4.2402, 43.24492], [-4.24003, 43.24597], [-4.24122, 43.24753], [-4.24103, 43.24817], [-4.23975, 43.24903], [-4.24017, 43.24968], [-4.23995, 43.25175], [-4.23913, 43.25333], [-4.23918, 43.25418], [-4.24078, 43.25616], [-4.24181, 43.25965], [-4.24331, 43.26085], [-4.24241, 43.26314], [-4.24269, 43.2645], [-4.24414, 43.26712], [-4.2455, 43.26801], [-4.24617, 43.26943], [-4.24617, 43.27362], [-4.24993, 43.27191], [-4.25331, 43.27106], [-4.25679, 43.27071], [-4.26162, 43.26847], [-4.26341, 43.26722], [-4.26619, 43.26355], [-4.26789, 43.26221], [-4.27134, 43.25501], [-4.27391, 43.25302], [-4.27858, 43.25269], [-4.28058, 43.25219], [-4.28218, 43.24973], [-4.28741, 43.24432], [-4.28797, 43.23705], [-4.28674, 43.2361], [-4.28767, 43.2353], [-4.2876, 43.23415], [-4.28555, 43.23015], [-4.28564, 43.22757], [-4.28629, 43.22597], [-4.28803, 43.22379], [-4.28844, 43.22133], [-4.2915, 43.21819], [-4.29237, 43.21594], [-4.29495, 43.21385], [-4.29709, 43.21295], [-4.29758, 43.21226], [-4.29925, 43.20759], [-4.29784, 43.20552], [-4.29882, 43.201], [-4.29857, 43.20041], [-4.29663, 43.19978], [-4.29556, 43.19842], [-4.29256, 43.19668], [-4.29132, 43.19541], [-4.2902, 43.1951], [-4.28904, 43.19389], [-4.28474, 43.19377], [-4.28403, 43.1934], [-4.2834, 43.19382], [-4.27961, 43.19427], [-4.27352, 43.19287], [-4.2711, 43.19303], [-4.27071, 43.19356], [-4.26998, 43.19369], [-4.26473, 43.19263], [-4.25979, 43.19249], [-4.25483, 43.19058], [-4.25215, 43.19029], [-4.24961, 43.19051], [-4.24784, 43.19119], [-4.24213, 43.19112], [-4.23784, 43.19211], [-4.23512, 43.19353], [-4.23386, 43.19571], [-4.23201, 43.19681], [-4.22948, 43.19742], [-4.22174, 43.19758], [-4.21833, 43.19567], [-4.21778, 43.19524], [-4.21803, 43.19481], [-4.22188, 43.19714], [-4.22935, 43.19697], [-4.23175, 43.1964], [-4.23336, 43.19543], [-4.23463, 43.19325], [-4.23762, 43.19169], [-4.24206, 43.19067], [-4.24783, 43.19074], [-4.24982, 43.19001], [-4.25435, 43.19002], [-4.25993, 43.19204], [-4.26478, 43.19218], [-4.27008, 43.19324], [-4.27071, 43.19265], [-4.27352, 43.19242], [-4.27967, 43.19382], [-4.28311, 43.19341], [-4.28408, 43.19294], [-4.28506, 43.19332], [-4.28927, 43.19345], [-4.2906, 43.19475], [-4.29177, 43.19508], [-4.29303, 43.19639], [-4.29601, 43.19812], [-4.29711, 43.19949], [-4.29907, 43.20014], [-4.29946, 43.20122], [-4.29908, 43.20256], [-4.30031, 43.2018], [-4.30052, 43.20029], [-4.302, 43.19806], [-4.30408, 43.19664], [-4.30401, 43.19439], [-4.305, 43.19225], [-4.30538, 43.19027], [-4.30439, 43.18871], [-4.30472, 43.18677], [-4.30132, 43.18475], [-4.29918, 43.18246], [-4.29746, 43.18194], [-4.29643, 43.18098], [-4.29757, 43.17819], [-4.29693, 43.17679], [-4.29699, 43.17444], [-4.29589, 43.17411], [-4.29295, 43.17431], [-4.29184, 43.17316], [-4.29191, 43.17122], [-4.2895, 43.17139], [-4.2871, 43.17053], [-4.28447, 43.1662], [-4.28248, 43.16569], [-4.28034, 43.16568], [-4.27759, 43.16705], [-4.27519, 43.16708], [-4.27436, 43.16668], [-4.27361, 43.16479], [-4.27304, 43.16438], [-4.27155, 43.16511], [-4.2685, 43.16432], [-4.26474, 43.16515], [-4.26249, 43.16498], [-4.26093, 43.16437], [-4.25977, 43.16275], [-4.25579, 43.16261], [-4.25244, 43.16139], [-4.25283, 43.15998], [-4.25178, 43.15923], [-4.24738, 43.16124], [-4.24592, 43.16128], [-4.24247, 43.15976], [-4.24189, 43.15908], [-4.23929, 43.15777], [-4.23911, 43.15702], [-4.23691, 43.15734], [-4.2359, 43.1564], [-4.23233, 43.15492], [-4.23198, 43.15448], [-4.23203, 43.15341], [-4.23118, 43.15273], [-4.22585, 43.1531], [-4.22212, 43.15148], [-4.21903, 43.15124], [-4.21725, 43.14977], [-4.21369, 43.14806], [-4.20702, 43.14729], [-4.20427, 43.14641], [-4.20169, 43.14741], [-4.19943, 43.14734], [-4.19766, 43.14464], [-4.19318, 43.14232], [-4.19317, 43.14195], [-4.19562, 43.14325], [-4.1977, 43.14385], [-4.19999, 43.14685], [-4.2016, 43.14682], [-4.20386, 43.14581], [-4.20974, 43.14721], [-4.21212, 43.14656], [-4.21335, 43.14753], [-4.21741, 43.14876], [-4.21932, 43.1509], [-4.22243, 43.15092], [-4.22593, 43.15263], [-4.23203, 43.15227], [-4.23279, 43.15456], [-4.23494, 43.15508], [-4.23714, 43.15686], [-4.23856, 43.15644], [-4.24002, 43.1567], [-4.23995, 43.15746], [-4.24612, 43.16086], [-4.24937, 43.15996], [-4.25047, 43.15895], [-4.25193, 43.15867], [-4.25379, 43.16001], [-4.25327, 43.16117], [-4.25595, 43.16205], [-4.26007, 43.16212], [-4.26207, 43.16422], [-4.26451, 43.16456], [-4.26745, 43.16382], [-4.26943, 43.16378], [-4.27143, 43.16451], [-4.27324, 43.16385], [-4.27441, 43.16469], [-4.27515, 43.1665], [-4.27692, 43.16659], [-4.27949, 43.1654], [-4.27733, 43.16399], [-4.27713, 43.16327], [-4.278, 43.16116], [-4.27761, 43.1597], [-4.28048, 43.15611], [-4.28056, 43.15542], [-4.27987, 43.15395], [-4.28084, 43.15273], [-4.281, 43.15049], [-4.28265, 43.14852], [-4.28493, 43.14824], [-4.28639, 43.14751], [-4.28553, 43.14568], [-4.28699, 43.14305], [-4.28916, 43.14112], [-4.29045, 43.13769], [-4.29191, 43.13648], [-4.29137, 43.1342], [-4.29308, 43.13309], [-4.29274, 43.13204], [-4.29426, 43.13105], [-4.29449, 43.12982], [-4.2959, 43.12922], [-4.29638, 43.12528], [-4.29548, 43.12386], [-4.29388, 43.12332], [-4.29389, 43.12215], [-4.29219, 43.12149], [-4.2927, 43.12125]]]}, "properties": {"codigo": "ES1300020", "nombre": "Río Saja", "tipo": "ZEC", "ha": 321.3}}, {"type": "Feature", "geometry": {"type": "Polygon", "coordinates": [[[-4.23835, 42.95417], [-4.24025, 42.95653], [-4.24163, 42.95677], [-4.24217, 42.9576], [-4.24464, 42.95835], [-4.24596, 42.95942], [-4.24699, 42.95939], [-4.24748, 42.96009], [-4.24879, 42.96017], [-4.25389, 42.96291], [-4.26259, 42.96534], [-4.27329, 42.96633], [-4.27803, 42.96547], [-4.28634, 42.96776], [-4.28826, 42.96884], [-4.29072, 42.96921], [-4.29391, 42.9685], [-4.29904, 42.96656], [-4.30191, 42.96661], [-4.3137, 42.96949], [-4.3189, 42.9695], [-4.332, 42.97118], [-4.33566, 42.97058], [-4.34469, 42.97167], [-4.34805, 42.97246], [-4.35104, 42.97527], [-4.36173, 42.98377], [-4.36288, 42.98493], [-4.36697, 42.99112], [-4.36864, 42.99206], [-4.36987, 42.99362], [-4.37245, 42.99483], [-4.37483, 42.9988], [-4.37395, 43.00221], [-4.37436, 43.00607], [-4.37763, 43.00992], [-4.37998, 43.01074], [-4.38137, 43.01299], [-4.38463, 43.01461], [-4.38605, 43.01608], [-4.38709, 43.02022], [-4.38912, 43.02319], [-4.38917, 43.02574], [-4.39091, 43.02694], [-4.39227, 43.02733], [-4.39405, 43.03051], [-4.3981, 43.03501], [-4.40095, 43.0356], [-4.40112, 43.03602], [-4.40292, 43.03693], [-4.40339, 43.03771], [-4.40725, 43.03843], [-4.40942, 43.03999], [-4.4143, 43.04166], [-4.41525, 43.04152], [-4.42253, 43.04283], [-4.42613, 43.04461], [-4.43187, 43.04569], [-4.43306, 43.04659], [-4.43411, 43.04844], [-4.43679, 43.0503], [-4.43824, 43.05219], [-4.4415, 43.05432], [-4.44248, 43.0559], [-4.44618, 43.05724], [-4.44755, 43.05854], [-4.44965, 43.0574], [-4.45381, 43.05677], [-4.45459, 43.05713], [-4.45676, 43.05705], [-4.45989, 43.05876], [-4.46106, 43.06071], [-4.46207, 43.06099], [-4.46275, 43.06053], [-4.46291, 43.05991], [-4.46941, 43.06323], [-4.46767, 43.06635], [-4.46794, 43.0686], [-4.4674, 43.07168], [-4.46751, 43.07482], [-4.46732, 43.07594], [-4.46566, 43.07854], [-4.46539, 43.0819], [-4.4706, 43.08605], [-4.47194, 43.0876], [-4.4729, 43.09049], [-4.47251, 43.09111], [-4.47231, 43.09352], [-4.47088, 43.09597], [-4.47094, 43.0969], [-4.4694, 43.09839], [-4.47032, 43.09984], [-4.47201, 43.10097], [-4.47148, 43.10247], [-4.46928, 43.10435], [-4.46932, 43.10478], [-4.46721, 43.10781], [-4.46709, 43.109], [-4.46855, 43.11015], [-4.46881, 43.11181], [-4.46741, 43.11322], [-4.47083, 43.11341], [-4.4716, 43.11434], [-4.47555, 43.11486], [-4.47849, 43.11812], [-4.48225, 43.1204], [-4.48229, 43.12186], [-4.48393, 43.12318], [-4.48336, 43.12512], [-4.48137, 43.12797], [-4.47847, 43.12794], [-4.47631, 43.12965], [-4.47659, 43.13395], [-4.47489, 43.13602], [-4.47498, 43.13706], [-4.47238, 43.13657], [-4.47101, 43.13664], [-4.46954, 43.1373], [-4.46728, 43.1417], [-4.46203, 43.14594], [-4.46451, 43.14629], [-4.46575, 43.14698], [-4.46717, 43.14873], [-4.47289, 43.15039], [-4.47523, 43.1522], [-4.47691, 43.15215], [-4.47867, 43.15293], [-4.48212, 43.15517], [-4.48273, 43.15644], [-4.48353, 43.15708], [-4.48632, 43.15748], [-4.48794, 43.15821], [-4.49194, 43.16163], [-4.49715, 43.16217], [-4.49981, 43.16307], [-4.50221, 43.16675], [-4.50626, 43.16786], [-4.50941, 43.17056], [-4.5122, 43.17229], [-4.51286, 43.17439], [-4.51486, 43.17553], [-4.51644, 43.1782], [-4.51801, 43.1791], [-4.522, 43.18579], [-4.52373, 43.18788], [-4.52273, 43.1886], [-4.5225, 43.19113], [-4.52499, 43.1956], [-4.52654, 43.19612], [-4.52833, 43.1961], [-4.53249, 43.19816], [-4.53044, 43.19801], [-4.52837, 43.19856], [-4.52454, 43.20163], [-4.52383, 43.20774], [-4.52503, 43.2151], [-4.52034, 43.21371], [-4.5163, 43.21362], [-4.5132, 43.21298], [-4.50961, 43.21078], [-4.50768, 43.21026], [-4.5061, 43.2092], [-4.50002, 43.20652], [-4.49914, 43.2057], [-4.49395, 43.20361], [-4.49122, 43.20443], [-4.4923, 43.20326], [-4.49309, 43.20142], [-4.49401, 43.20061], [-4.49753, 43.19942], [-4.50167, 43.1991], [-4.50409, 43.19757], [-4.50001, 43.19728], [-4.49715, 43.19617], [-4.49669, 43.19534], [-4.49712, 43.19285], [-4.49953, 43.19182], [-4.50024, 43.19095], [-4.49809, 43.19078], [-4.49719, 43.19006], [-4.49337, 43.19028], [-4.49271, 43.18997], [-4.49275, 43.18687], [-4.49194, 43.18645], [-4.49184, 43.18492], [-4.49132, 43.18437], [-4.49174, 43.1829], [-4.49147, 43.18169], [-4.49054, 43.18308], [-4.48842, 43.18424], [-4.48483, 43.18502], [-4.48296, 43.18485], [-4.47642, 43.1821], [-4.47477, 43.18021], [-4.47474, 43.17904], [-4.4722, 43.17898], [-4.47118, 43.17821], [-4.47048, 43.177], [-4.46533, 43.17663], [-4.46325, 43.17577], [-4.46165, 43.17613], [-4.45964, 43.17592], [-4.45732, 43.17409], [-4.45635, 43.17259], [-4.45433, 43.17198], [-4.45316, 43.17117], [-4.45292, 43.17058], [-4.45335, 43.16825], [-4.45051, 43.16661], [-4.44953, 43.16532], [-4.4471, 43.16477], [-4.44493, 43.16353], [-4.44208, 43.16324], [-4.44033, 43.16165], [-4.43741, 43.16071], [-4.4372, 43.15992], [-4.4342, 43.15927], [-4.43139, 43.15804], [-4.42976, 43.15683], [-4.42862, 43.15691], [-4.42556, 43.1561], [-4.42057, 43.15323], [-4.41889, 43.15276], [-4.41852, 43.15148], [-4.41247, 43.15341], [-4.41135, 43.15346], [-4.41048, 43.15304], [-4.40893, 43.15336], [-4.40443, 43.1526], [-4.40234, 43.15302], [-4.40029, 43.15286], [-4.3976, 43.1514], [-4.39462, 43.15157], [-4.39437, 43.15097], [-4.39212, 43.15055], [-4.38947, 43.15083], [-4.38643, 43.14948], [-4.38346, 43.14928], [-4.38211, 43.14984], [-4.38115, 43.14928], [-4.37904, 43.14965], [-4.37929, 43.14905], [-4.37858, 43.14866], [-4.37892, 43.14744], [-4.37773, 43.14735], [-4.37918, 43.14595], [-4.37844, 43.14428], [-4.37984, 43.14311], [-4.37947, 43.14216], [-4.38017, 43.14177], [-4.38035, 43.14118], [-4.37989, 43.14009], [-4.37827, 43.13906], [-4.38012, 43.13902], [-4.38339, 43.13815], [-4.38573, 43.13889], [-4.38644, 43.13862], [-4.38691, 43.13899], [-4.3879, 43.13885], [-4.3893, 43.13798], [-4.3904, 43.13666], [-4.38977, 43.13597], [-4.38933, 43.13446], [-4.38965, 43.13318], [-4.38866, 43.13316], [-4.38844, 43.13456], [-4.38905, 43.13565], [-4.38893, 43.13622], [-4.38959, 43.13659], [-4.38724, 43.13846], [-4.38659, 43.13802], [-4.38546, 43.13826], [-4.38319, 43.13757], [-4.3803, 43.13834], [-4.37829, 43.13839], [-4.37743, 43.13889], [-4.37749, 43.13963], [-4.3792, 43.14049], [-4.37942, 43.14119], [-4.3786, 43.14205], [-4.37898, 43.14293], [-4.37761, 43.14425], [-4.37836, 43.14566], [-4.37678, 43.1473], [-4.37698, 43.14792], [-4.37778, 43.14808], [-4.37693, 43.14869], [-4.37697, 43.14908], [-4.37573, 43.15047], [-4.37641, 43.152], [-4.37737, 43.15269], [-4.37732, 43.15385], [-4.37592, 43.15393], [-4.37493, 43.15449], [-4.37482, 43.1573], [-4.37435, 43.15833], [-4.3732, 43.1592], [-4.37115, 43.15967], [-4.36983, 43.15872], [-4.36895, 43.15859], [-4.3684, 43.15893], [-4.36873, 43.15967], [-4.36826, 43.16013], [-4.36661, 43.1596], [-4.36514, 43.16021], [-4.36552, 43.16268], [-4.36801, 43.16638], [-4.36498, 43.16705], [-4.36464, 43.16808], [-4.36282, 43.16927], [-4.362, 43.17034], [-4.36277, 43.17159], [-4.36263, 43.17199], [-4.35985, 43.17274], [-4.35878, 43.1734], [-4.35821, 43.17612], [-4.35838, 43.17876], [-4.35631, 43.18069], [-4.35602, 43.18231], [-4.35379, 43.18209], [-4.35037, 43.18348], [-4.34895, 43.18365], [-4.34437, 43.18181], [-4.34089, 43.18164], [-4.33766, 43.18364], [-4.3348, 43.18458], [-4.33285, 43.18423], [-4.33174, 43.18513], [-4.33108, 43.18715], [-4.3252, 43.18668], [-4.32238, 43.18562], [-4.31861, 43.187], [-4.31658, 43.187], [-4.31291, 43.18843], [-4.31045, 43.18836], [-4.30827, 43.18922], [-4.30696, 43.18875], [-4.3061, 43.18987], [-4.30526, 43.18859], [-4.30554, 43.18639], [-4.30207, 43.18446], [-4.30132, 43.18386], [-4.30108, 43.18305], [-4.29952, 43.18188], [-4.29759, 43.18152], [-4.29715, 43.18108], [-4.29713, 43.18026], [-4.29755, 43.18012], [-4.29845, 43.17808], [-4.29789, 43.17679], [-4.29815, 43.17471], [-4.29761, 43.174], [-4.29597, 43.17351], [-4.29327, 43.17372], [-4.29274, 43.17259], [-4.29294, 43.17132], [-4.29249, 43.17062], [-4.28952, 43.17079], [-4.28793, 43.17025], [-4.28513, 43.1659], [-4.28266, 43.16511], [-4.27987, 43.16504], [-4.27774, 43.1635], [-4.27862, 43.16119], [-4.27822, 43.1598], [-4.28107, 43.15622], [-4.28116, 43.15531], [-4.28049, 43.15398], [-4.28145, 43.15281], [-4.28158, 43.15064], [-4.28308, 43.14885], [-4.28561, 43.14852], [-4.28697, 43.14769], [-4.28698, 43.14705], [-4.2861, 43.14613], [-4.28739, 43.14617], [-4.28719, 43.1455], [-4.28767, 43.14416], [-4.29087, 43.13931], [-4.29131, 43.13784], [-4.29248, 43.13686], [-4.29263, 43.13408], [-4.29395, 43.13313], [-4.29431, 43.13172], [-4.29541, 43.13125], [-4.29598, 43.12987], [-4.29696, 43.12939], [-4.29659, 43.12881], [-4.29711, 43.12628], [-4.29688, 43.12493], [-4.29591, 43.12353], [-4.29445, 43.12314], [-4.29438, 43.12186], [-4.2926, 43.12113], [-4.29223, 43.12154], [-4.29391, 43.12217], [-4.29401, 43.12347], [-4.29548, 43.12386], [-4.2963, 43.12509], [-4.29649, 43.12625], [-4.29595, 43.12907], [-4.29449, 43.12982], [-4.29426, 43.13105], [-4.29274, 43.13204], [-4.29308, 43.13309], [-4.29137, 43.1342], [-4.29191, 43.13648], [-4.29045, 43.13769], [-4.28916, 43.14112], [-4.28699, 43.14305], [-4.28553, 43.14568], [-4.28639, 43.14751], [-4.28493, 43.14824], [-4.28265, 43.14852], [-4.281, 43.15049], [-4.28084, 43.15273], [-4.27987, 43.15395], [-4.28056, 43.15542], [-4.28048, 43.15611], [-4.27761, 43.1597], [-4.278, 43.16116], [-4.27713, 43.16327], [-4.27733, 43.16399], [-4.27949, 43.1654], [-4.27692, 43.16659], [-4.27515, 43.1665], [-4.27441, 43.16469], [-4.27324, 43.16385], [-4.27143, 43.16451], [-4.26943, 43.16378], [-4.26745, 43.16382], [-4.26451, 43.16456], [-4.26207, 43.16422], [-4.26007, 43.16212], [-4.25595, 43.16205], [-4.25327, 43.16117], [-4.25379, 43.16001], [-4.25193, 43.15867], [-4.25047, 43.15895], [-4.24937, 43.15996], [-4.24612, 43.16086], [-4.23995, 43.15746], [-4.24002, 43.1567], [-4.23856, 43.15644], [-4.23714, 43.15686], [-4.23494, 43.15508], [-4.23279, 43.15456], [-4.23203, 43.15227], [-4.22593, 43.15263], [-4.22243, 43.15092], [-4.21932, 43.1509], [-4.21741, 43.14876], [-4.21335, 43.14753], [-4.21212, 43.14656], [-4.20974, 43.14721], [-4.20386, 43.14581], [-4.2016, 43.14682], [-4.19999, 43.14685], [-4.1977, 43.14385], [-4.19562, 43.14325], [-4.19317, 43.14195], [-4.19318, 43.14232], [-4.19766, 43.14464], [-4.19943, 43.14734], [-4.20169, 43.14741], [-4.20427, 43.14641], [-4.20702, 43.14729], [-4.21369, 43.14806], [-4.21725, 43.14977], [-4.21903, 43.15124], [-4.2222, 43.1515], [-4.22507, 43.15288], [-4.227, 43.15313], [-4.23108, 43.15514], [-4.2311, 43.15565], [-4.22975, 43.15725], [-4.22712, 43.15846], [-4.22624, 43.16036], [-4.22393, 43.15932], [-4.22231, 43.15997], [-4.2214, 43.15951], [-4.21994, 43.16003], [-4.2173, 43.15969], [-4.21578, 43.16054], [-4.21626, 43.16116], [-4.21604, 43.16259], [-4.21783, 43.16481], [-4.21742, 43.16743], [-4.21882, 43.1689], [-4.21808, 43.17075], [-4.22011, 43.17233], [-4.22118, 43.17418], [-4.22278, 43.17409], [-4.22563, 43.17492], [-4.22816, 43.17623], [-4.22745, 43.17851], [-4.22579, 43.18077], [-4.22381, 43.18529], [-4.2238, 43.19044], [-4.22718, 43.19386], [-4.23144, 43.19647], [-4.22935, 43.19697], [-4.22188, 43.19714], [-4.21816, 43.19482], [-4.21778, 43.19524], [-4.22174, 43.19758], [-4.22948, 43.19742], [-4.23198, 43.19682], [-4.23286, 43.19862], [-4.23417, 43.20013], [-4.23677, 43.20269], [-4.23854, 43.20384], [-4.23761, 43.20644], [-4.23768, 43.21418], [-4.23729, 43.21581], [-4.23846, 43.22067], [-4.23985, 43.22273], [-4.24215, 43.22344], [-4.24371, 43.22485], [-4.24547, 43.22757], [-4.24673, 43.22875], [-4.241, 43.23], [-4.23578, 43.23247], [-4.23353, 43.23455], [-4.23073, 43.23863], [-4.22838, 43.23832], [-4.22749, 43.2388], [-4.22661, 43.23868], [-4.22337, 43.24304], [-4.21921, 43.24764], [-4.21746, 43.25137], [-4.21532, 43.2523], [-4.21305, 43.25283], [-4.20707, 43.2529], [-4.20515, 43.2535], [-4.20259, 43.25265], [-4.19807, 43.25189], [-4.1938, 43.25174], [-4.18916, 43.24928], [-4.17984, 43.24653], [-4.17536, 43.24705], [-4.1721, 43.24815], [-4.16717, 43.24813], [-4.15702, 43.25074], [-4.15522, 43.25106], [-4.15487, 43.2508], [-4.15383, 43.24945], [-4.15351, 43.24776], [-4.15037, 43.24423], [-4.14777, 43.24332], [-4.14511, 43.2411], [-4.14465, 43.24006], [-4.14476, 43.23864], [-4.14431, 43.23754], [-4.14354, 43.23697], [-4.14405, 43.23476], [-4.14361, 43.23336], [-4.14391, 43.23144], [-4.1431, 43.23064], [-4.14277, 43.22957], [-4.14333, 43.22628], [-4.14466, 43.22202], [-4.14409, 43.22027], [-4.14445, 43.21798], [-4.14522, 43.21471], [-4.14734, 43.21186], [-4.14749, 43.21026], [-4.14857, 43.20797], [-4.14998, 43.20643], [-4.14843, 43.20409], [-4.14551, 43.20145], [-4.14408, 43.20068], [-4.14385, 43.19941], [-4.14232, 43.19834], [-4.14214, 43.197], [-4.14113, 43.19697], [-4.14038, 43.1963], [-4.13946, 43.1928], [-4.14043, 43.18966], [-4.13804, 43.18676], [-4.13888, 43.1856], [-4.13927, 43.18404], [-4.13597, 43.18212], [-4.13189, 43.18098], [-4.13061, 43.18095], [-4.12963, 43.18163], [-4.12665, 43.18046], [-4.12357, 43.18063], [-4.12163, 43.18004], [-4.12044, 43.18052], [-4.11877, 43.18028], [-4.1186, 43.17986], [-4.12001, 43.1791], [-4.12035, 43.17761], [-4.12114, 43.17634], [-4.12201, 43.17603], [-4.12221, 43.17517], [-4.12304, 43.17435], [-4.12501, 43.16923], [-4.1237, 43.16702], [-4.12404, 43.16653], [-4.12382, 43.1656], [-4.12208, 43.1635], [-4.12008, 43.16003], [-4.12069, 43.15688], [-4.11985, 43.15313], [-4.11849, 43.15155], [-4.11751, 43.14783], [-4.11628, 43.14572], [-4.11516, 43.14514], [-4.107, 43.14599], [-4.10587, 43.14557], [-4.09776, 43.14813], [-4.09622, 43.14701], [-4.09564, 43.14469], [-4.09793, 43.14313], [-4.09995, 43.14065], [-4.10408, 43.14003], [-4.10808, 43.14048], [-4.11251, 43.13948], [-4.11481, 43.13723], [-4.11523, 43.13358], [-4.11737, 43.12863], [-4.11784, 43.12805], [-4.12296, 43.12564], [-4.1253, 43.12187], [-4.12783, 43.12117], [-4.12899, 43.11964], [-4.12964, 43.11668], [-4.1315, 43.11622], [-4.13434, 43.11188], [-4.13466, 43.11058], [-4.13314, 43.10674], [-4.13385, 43.10316], [-4.13326, 43.09902], [-4.13178, 43.09645], [-4.13302, 43.09172], [-4.13224, 43.08971], [-4.13229, 43.08794], [-4.13651, 43.08534], [-4.13824, 43.08241], [-4.13665, 43.08249], [-4.13656, 43.08149], [-4.13423, 43.08113], [-4.13361, 43.08065], [-4.13548, 43.07824], [-4.13599, 43.07378], [-4.1411, 43.06912], [-4.15058, 43.06178], [-4.15518, 43.05027], [-4.15493, 43.04771], [-4.15296, 43.04443], [-4.15436, 43.04295], [-4.15466, 43.04331], [-4.16052, 43.0439], [-4.16272, 43.04372], [-4.17324, 43.045], [-4.17635, 43.04124], [-4.1799, 43.04136], [-4.18569, 43.04615], [-4.1895, 43.04747], [-4.19561, 43.05141], [-4.2001, 43.05071], [-4.20543, 43.04903], [-4.20792, 43.05318], [-4.21017, 43.05498], [-4.21963, 43.06421], [-4.22152, 43.06674], [-4.22476, 43.06917], [-4.22568, 43.07042], [-4.22801, 43.06795], [-4.23343, 43.0646], [-4.23658, 43.06551], [-4.23948, 43.06687], [-4.24422, 43.07172], [-4.25375, 43.07441], [-4.25775, 43.07431], [-4.26286, 43.07629], [-4.26489, 43.07562], [-4.26471, 43.07321], [-4.26697, 43.07141], [-4.26923, 43.07093], [-4.26959, 43.07053], [-4.26893, 43.06979], [-4.2699, 43.06912], [-4.26943, 43.06829], [-4.2718, 43.06782], [-4.26803, 43.06545], [-4.26146, 43.06372], [-4.25957, 43.06277], [-4.25912, 43.06196], [-4.25884, 43.06038], [-4.26226, 43.06056], [-4.26964, 43.05889], [-4.27034, 43.05809], [-4.26813, 43.05689], [-4.26846, 43.05626], [-4.26631, 43.05623], [-4.26594, 43.05553], [-4.26605, 43.05429], [-4.26662, 43.05398], [-4.26651, 43.05369], [-4.26756, 43.05366], [-4.26747, 43.0528], [-4.26572, 43.05122], [-4.26364, 43.04809], [-4.26174, 43.04726], [-4.26132, 43.04655], [-4.2611, 43.04525], [-4.26153, 43.0427], [-4.26008, 43.03913], [-4.26087, 43.03814], [-4.26334, 43.03743], [-4.27017, 43.03646], [-4.27542, 43.03471], [-4.27843, 43.03646], [-4.27941, 43.03551], [-4.28281, 43.03382], [-4.28619, 43.0348], [-4.28835, 43.0332], [-4.28924, 43.03312], [-4.29261, 43.0337], [-4.29618, 43.0333], [-4.29868, 43.03454], [-4.30092, 43.03377], [-4.30356, 43.035], [-4.30666, 43.03557], [-4.30767, 43.03653], [-4.30848, 43.03614], [-4.30927, 43.035], [-4.31073, 43.03436], [-4.31635, 43.03486], [-4.31934, 43.03425], [-4.32287, 43.03487], [-4.32435, 43.03461], [-4.3261, 43.03489], [-4.32856, 43.03407], [-4.33233, 43.03541], [-4.33326, 43.03459], [-4.33585, 43.03394], [-4.33667, 43.03323], [-4.34084, 43.03423], [-4.34362, 43.03537], [-4.34426, 43.03498], [-4.34313, 43.03412], [-4.338, 43.03203], [-4.33557, 43.03154], [-4.33406, 43.03213], [-4.33333, 43.03165], [-4.33106, 43.03128], [-4.3287, 43.02982], [-4.32221, 43.02688], [-4.31937, 43.02637], [-4.31642, 43.02693], [-4.31084, 43.02366], [-4.30901, 43.02144], [-4.30861, 43.02022], [-4.31229, 43.01972], [-4.31525, 43.01883], [-4.31695, 43.01896], [-4.31881, 43.01813], [-4.32203, 43.0182], [-4.3255, 43.01621], [-4.32568, 43.01434], [-4.32671, 43.01348], [-4.32516, 43.01102], [-4.32325, 43.00922], [-4.32707, 43.01052], [-4.33049, 43.01024], [-4.33438, 43.01106], [-4.33069, 43.00915], [-4.32762, 43.00876], [-4.32572, 43.00742], [-4.32563, 43.00688], [-4.32409, 43.00557], [-4.32196, 43.00566], [-4.31882, 43.00481], [-4.31465, 43.00538], [-4.3121, 43.00468], [-4.31022, 43.00295], [-4.3067, 43.00184], [-4.30541, 43.00072], [-4.30134, 43.00012], [-4.29683, 43.00109], [-4.29243, 43.00041], [-4.29049, 43.00178], [-4.28608, 43.00259], [-4.28352, 43.00366], [-4.28057, 43.0057], [-4.27849, 43.00401], [-4.27492, 43.00354], [-4.27315, 43.00258], [-4.27293, 43.00216], [-4.2733, 43.00133], [-4.27432, 43.00051], [-4.27388, 43.0002], [-4.27067, 43.00266], [-4.26695, 43.00169], [-4.26484, 42.99972], [-4.26454, 42.99863], [-4.26287, 42.99791], [-4.25861, 42.99872], [-4.25318, 42.99774], [-4.25224, 42.99716], [-4.2519, 42.99634], [-4.24982, 42.99561], [-4.24918, 42.99459], [-4.24814, 42.99412], [-4.24767, 42.99219], [-4.24639, 42.99109], [-4.24324, 42.99122], [-4.24254, 42.99079], [-4.24265, 42.9887], [-4.24443, 42.98598], [-4.24408, 42.98496], [-4.24285, 42.98327], [-4.23752, 42.97918], [-4.23747, 42.97731], [-4.23392, 42.97512], [-4.23293, 42.97405], [-4.23237, 42.97216], [-4.23291, 42.96857], [-4.23455, 42.96617], [-4.23652, 42.96425], [-4.23652, 42.96247], [-4.23533, 42.95952], [-4.2355, 42.95808], [-4.23835, 42.95417]]]}, "properties": {"codigo": "ES1300021", "nombre": "Valles altos del Nansa y Saja y Alto Campoo", "tipo": "ZEC", "ha": 51071.0}}, {"type": "Feature", "geometry": {"type": "Polygon", "coordinates": [[[-4.34487, 43.27212], [-4.34816, 43.27247], [-4.35526, 43.27175], [-4.36501, 43.27275], [-4.36673, 43.27083], [-4.36895, 43.26978], [-4.36939, 43.26906], [-4.37329, 43.26824], [-4.37548, 43.2684], [-4.38238, 43.27044], [-4.38334, 43.27208], [-4.38492, 43.2732], [-4.38605, 43.27328], [-4.387, 43.27387], [-4.38749, 43.27505], [-4.38981, 43.27723], [-4.39111, 43.27773], [-4.39176, 43.28424], [-4.39096, 43.28819], [-4.38438, 43.28728], [-4.38082, 43.28635], [-4.37696, 43.28688], [-4.36972, 43.28657], [-4.36874, 43.28729], [-4.36636, 43.28686], [-4.3618, 43.28804], [-4.36033, 43.28916], [-4.35848, 43.28959], [-4.35701, 43.29067], [-4.35411, 43.29138], [-4.35226, 43.29325], [-4.35047, 43.29424], [-4.34935, 43.29391], [-4.34931, 43.29317], [-4.34857, 43.29289], [-4.34842, 43.292], [-4.34724, 43.29141], [-4.34886, 43.28962], [-4.34619, 43.28809], [-4.34368, 43.28837], [-4.34218, 43.28779], [-4.34034, 43.28767], [-4.33951, 43.28669], [-4.33907, 43.28516], [-4.33984, 43.28351], [-4.33973, 43.27836], [-4.33644, 43.27344], [-4.34487, 43.27212]]]}, "properties": {"codigo": "ES1300022", "nombre": "Sierra del Escudo de Cabuérniga", "tipo": "ZEC", "ha": 787.0}}]}