{"type": "FeatureCollection", "features": [{"type": "Feature", "geometry": {"type": "Polygon", "coordinates": [[[-3.9214578, 43.4082585], [-3.919889, 43.409874], [-3.9194466, 43.4100216], [-3.9187441, 43.4101263], [-3.917916, 43.4100879], [-3.9162332, 43.4098853], [-3.9149306, 43.4095085], [-3.9139926, 43.4095521], [-3.9132714, 43.4100531], [-3.9128819, 43.4104344], [-3.9119449, 43.4097305], [-3.9115205, 43.4102561], [-3.9112565, 43.4107715], [-3.9110755, 43.4118805], [-3.9108198, 43.4121257], [-3.9098987, 43.4124752], [-3.9085948, 43.4128367], [-3.9081343, 43.4134347], [-3.9060381, 43.412848], [-3.9050912, 43.4131346], [-3.9044799, 43.4135537], [-3.9041159, 43.4139978], [-3.9041529, 43.4148259], [-3.9038716, 43.4158457], [-3.9035694, 43.4162893], [-3.9013231, 43.4180809], [-3.9005617, 43.4183841], [-3.8981495, 43.4231756], [-3.8968916, 43.4241669], [-3.8991586, 43.4270847], [-3.9002447, 43.4303449], [-3.9031196, 43.4350677], [-3.9036864, 43.436621], [-3.9032363, 43.4371018], [-3.9031507, 43.4375958], [-3.9025445, 43.4379447], [-3.9007806, 43.4381567], [-3.8974277, 43.4387143], [-3.8960018, 43.4392298], [-3.8954407, 43.4397294], [-3.895244, 43.439794], [-3.8942793, 43.4397385], [-3.893527, 43.4398434], [-3.8927912, 43.4402274], [-3.8923594, 43.4402758], [-3.8916906, 43.4401729], [-3.8912603, 43.4403293], [-3.8911388, 43.4404654], [-3.8905474, 43.440587], [-3.8902552, 43.4408864], [-3.88934, 43.4408395], [-3.8893693, 43.4411545], [-3.8891886, 43.441471], [-3.8892562, 43.4418667], [-3.8898789, 43.4430415], [-3.8882305, 43.4435586], [-3.887391, 43.4419262], [-3.8867333, 43.4408958], [-3.8866027, 43.4404105], [-3.8831919, 43.438708], [-3.8772684, 43.4384024], [-3.8624856, 43.4381545], [-3.861471, 43.4380631], [-3.8604282, 43.4377288], [-3.8594863, 43.4375287], [-3.858328, 43.4377625], [-3.8573748, 43.4376436], [-3.8564241, 43.4376958], [-3.8549834, 43.4371843], [-3.8542283, 43.4370908], [-3.8513899, 43.4373551], [-3.8499921, 43.4372484], [-3.8468433, 43.4374158], [-3.8445805, 43.4373155], [-3.8431795, 43.4369836], [-3.8427069, 43.436762], [-3.8418333, 43.4361471], [-3.8416069, 43.4358606], [-3.8415413, 43.4355819], [-3.841568, 43.4348343], [-3.8413657, 43.4345026], [-3.8410433, 43.434424], [-3.8406749, 43.4345888], [-3.8395499, 43.4354434], [-3.8391918, 43.4354641], [-3.838113, 43.4351928], [-3.8366572, 43.4353566], [-3.8348509, 43.4351986], [-3.8307037, 43.4351006], [-3.8302765, 43.434768], [-3.8300783, 43.4348944], [-3.829958, 43.4348013], [-3.8301561, 43.4346744], [-3.8274778, 43.4324682], [-3.8189288, 43.4320806], [-3.8142972, 43.4304639], [-3.8124895, 43.4316836], [-3.8122139, 43.4317446], [-3.8117522, 43.4317007], [-3.8109821, 43.4312573], [-3.8110411, 43.4312018], [-3.8118479, 43.4316206], [-3.8121113, 43.4316314], [-3.8121879, 43.4315336], [-3.8123141, 43.4316413], [-3.8142076, 43.4304004], [-3.8141887, 43.4292568], [-3.8139757, 43.4291413], [-3.8141803, 43.4290385], [-3.8141504, 43.4286981], [-3.8140072, 43.4285547], [-3.8111202, 43.4277783], [-3.8109651, 43.4279822], [-3.8063332, 43.4267413], [-3.8061595, 43.4270527], [-3.8059437, 43.4269882], [-3.8056117, 43.4276564], [-3.8057959, 43.4277081], [-3.8056011, 43.4276784], [-3.8057514, 43.4277862], [-3.805569, 43.4277413], [-3.8050737, 43.4287177], [-3.8097776, 43.4300243], [-3.8101008, 43.4295244], [-3.8102699, 43.4294305], [-3.8106186, 43.4294404], [-3.8108721, 43.4296326], [-3.8108201, 43.4298256], [-3.810647, 43.4299926], [-3.8099843, 43.4304029], [-3.809402, 43.4306346], [-3.8080692, 43.4308214], [-3.8069094, 43.4306669], [-3.8058238, 43.4302216], [-3.8053984, 43.4299421], [-3.8049288, 43.4294973], [-3.8044185, 43.4286605], [-3.8040595, 43.4272674], [-3.8040051, 43.4266389], [-3.8039433, 43.4266371], [-3.8039412, 43.4262666], [-3.804015, 43.4262652], [-3.8041139, 43.4253762], [-3.8042894, 43.4247936], [-3.8057767, 43.4218277], [-3.8080374, 43.4213718], [-3.8088368, 43.4207006], [-3.8099241, 43.4214601], [-3.8104454, 43.4210434], [-3.8092257, 43.4202245], [-3.8138338, 43.4162365], [-3.8141558, 43.4163653], [-3.8144099, 43.4163099], [-3.8141468, 43.4159468], [-3.8142279, 43.4159134], [-3.8146124, 43.4161432], [-3.8142838, 43.4154247], [-3.8165863, 43.4146255], [-3.8171425, 43.4142579], [-3.817231, 43.4138582], [-3.8197969, 43.414225], [-3.8202441, 43.4146268], [-3.8218898, 43.4140143], [-3.821923, 43.4138967], [-3.8215992, 43.4136943], [-3.8223455, 43.4136366], [-3.8227551, 43.4139596], [-3.8229785, 43.4137725], [-3.8258246, 43.4135383], [-3.8271199, 43.4129182], [-3.8275469, 43.4125546], [-3.8281064, 43.4118851], [-3.8286715, 43.4105058], [-3.828943, 43.4081181], [-3.8287201, 43.4078412], [-3.8282913, 43.4076767], [-3.8292845, 43.4063504], [-3.8296366, 43.4062093], [-3.8301793, 43.4061749], [-3.8319201, 43.4068017], [-3.8324216, 43.4068847], [-3.8340529, 43.4068017], [-3.8351392, 43.4069424], [-3.8353822, 43.4071509], [-3.8356741, 43.4083621], [-3.8366879, 43.4096727], [-3.837315, 43.4101026], [-3.8394587, 43.4110881], [-3.8402963, 43.4118935], [-3.8406419, 43.4127456], [-3.8414476, 43.4131922], [-3.8420115, 43.4131469], [-3.8438501, 43.4123357], [-3.8459075, 43.4092469], [-3.8505773, 43.404899], [-3.8549641, 43.4006791], [-3.858247, 43.3978991], [-3.8610704, 43.3900484], [-3.8650996, 43.3891399], [-3.8685759, 43.3887444], [-3.8720867, 43.3881774], [-3.8756792, 43.388141], [-3.8853173, 43.3827091], [-3.896854, 43.3830876], [-3.899566, 43.3836426], [-3.9037427, 43.3814036], [-3.90775, 43.3785804], [-3.9099061, 43.3782932], [-3.9136927, 43.3747872], [-3.9206621, 43.3752717], [-3.9237618, 43.377795], [-3.9209045, 43.381501], [-3.9200699, 43.3850915], [-3.9201556, 43.3883145], [-3.9191519, 43.3962468], [-3.9196869, 43.4038605], [-3.9200224, 43.4048123], [-3.9202474, 43.40581], [-3.9214578, 43.4082585]]]}, "properties": {"nombre": "Camargo", "ine": "39016"}}, {"type": "Feature", "geometry": {"type": "Polygon", "coordinates": [[[-4.0781326, 43.0350211], [-4.0740845, 43.0358875], [-4.0718802, 43.0361963], [-4.0715231, 43.0361276], [-4.0662471, 43.0341507], [-4.061882, 43.0315797], [-4.0609318, 43.0312914], [-4.0556275, 43.0311962], [-4.0543767, 43.0312708], [-4.052522, 43.0311978], [-4.0520811, 43.0312559], [-4.0485155, 43.0323511], [-4.0450731, 43.0320313], [-4.0414169, 43.0314072], [-4.0421012, 43.0326797], [-4.0424248, 43.0336673], [-4.043616, 43.0366011], [-4.0447692, 43.0401836], [-4.044995, 43.0411901], [-4.0450953, 43.0420356], [-4.0436179, 43.0439671], [-4.0397213, 43.0415082], [-4.0386434, 43.0409236], [-4.0368634, 43.0402013], [-4.0326053, 43.038844], [-4.0318826, 43.0389405], [-4.0308456, 43.0393281], [-4.0273399, 43.0403861], [-4.0260953, 43.0408475], [-4.0238531, 43.0418491], [-4.0225431, 43.0420679], [-4.0200359, 43.0426485], [-4.0170363, 43.0431524], [-4.015426, 43.0430316], [-4.0127927, 43.0426677], [-4.0124251, 43.042707], [-4.006201, 43.0442386], [-4.0012617, 43.0462719], [-3.9972236, 43.0493868], [-3.993476, 43.0515085], [-3.9925412, 43.0521739], [-3.9893639, 43.0554161], [-3.9865559, 43.0579707], [-3.9850615, 43.0597485], [-3.983138, 43.0608006], [-3.9794808, 43.0624978], [-3.9763147, 43.0626509], [-3.975998, 43.0628157], [-3.9751477, 43.0641827], [-3.9755571, 43.0652237], [-3.9755373, 43.0655211], [-3.9747953, 43.0667521], [-3.9730014, 43.0682621], [-3.9718383, 43.0684971], [-3.9710919, 43.0694579], [-3.9678152, 43.0704132], [-3.9674132, 43.0706237], [-3.9642648, 43.0735047], [-3.9618042, 43.0756146], [-3.9587302, 43.0777835], [-3.9574612, 43.0775419], [-3.9569054, 43.0773485], [-3.9566423, 43.0770175], [-3.955798, 43.0764392], [-3.9548703, 43.0760237], [-3.9513683, 43.0735675], [-3.9465063, 43.0729053], [-3.9450693, 43.0713143], [-3.9442176, 43.0702407], [-3.9415442, 43.0713163], [-3.9329749, 43.0691531], [-3.9321848, 43.0688894], [-3.9306152, 43.0690552], [-3.9295008, 43.0692804], [-3.9280159, 43.068545], [-3.9252094, 43.0681354], [-3.9231091, 43.065676], [-3.9223494, 43.0649707], [-3.9204921, 43.0639591], [-3.9197875, 43.0636586], [-3.9151711, 43.0620926], [-3.9145673, 43.0619534], [-3.913924, 43.0616433], [-3.9136737, 43.0604927], [-3.9131457, 43.0596685], [-3.9097396, 43.0560395], [-3.9082191, 43.0553582], [-3.9004188, 43.0534926], [-3.8973144, 43.0528056], [-3.8966011, 43.0527301], [-3.8945138, 43.0527374], [-3.8924946, 43.0523659], [-3.8880229, 43.0513651], [-3.8863927, 43.0507113], [-3.8841256, 43.0501705], [-3.8824673, 43.0492648], [-3.881348, 43.0482648], [-3.8800706, 43.0473742], [-3.8788222, 43.0467894], [-3.8775554, 43.0457725], [-3.8778745, 43.0449056], [-3.8781299, 43.0438681], [-3.8780226, 43.0432296], [-3.8780848, 43.0424276], [-3.8780255, 43.0417077], [-3.8784409, 43.0415695], [-3.8795717, 43.0416598], [-3.8813889, 43.0416729], [-3.8833077, 43.0419283], [-3.8887628, 43.0422103], [-3.8907461, 43.0418257], [-3.8910507, 43.0416613], [-3.8926427, 43.0396858], [-3.8928194, 43.0391712], [-3.8926912, 43.037101], [-3.892778, 43.0363079], [-3.8930621, 43.0355853], [-3.8935693, 43.0350051], [-3.893971, 43.0347108], [-3.8943267, 43.0347009], [-3.894852, 43.0337254], [-3.9006152, 43.0265663], [-3.9052259, 43.0204157], [-3.9084385, 43.0168783], [-3.9092614, 43.0160974], [-3.9125904, 43.0146571], [-3.9246993, 43.0103548], [-3.9454648, 43.005773], [-3.9485093, 43.0066754], [-3.9521095, 43.0062133], [-3.9563004, 43.0050708], [-3.9574909, 43.0050969], [-3.9599297, 43.0049144], [-3.9610804, 43.0047427], [-3.966229, 43.0052307], [-3.9705572, 43.0066079], [-3.9741738, 43.007973], [-3.9761466, 43.0085776], [-3.9802224, 43.0056162], [-3.9867729, 43.0016789], [-3.98908, 43.0001822], [-3.9909417, 42.9992206], [-3.9921314, 42.9984358], [-3.995805, 42.9972513], [-4.001849, 42.9939659], [-4.0063533, 42.9910899], [-4.0066554, 42.9908081], [-4.0078986, 42.988816], [-4.0118632, 42.9882228], [-4.0147703, 42.9852344], [-4.0158601, 42.9851257], [-4.0192242, 42.9845826], [-4.0198742, 42.9845768], [-4.0206137, 42.9847954], [-4.0211714, 42.9851416], [-4.0215699, 42.9855072], [-4.0220278, 42.9872321], [-4.0220359, 42.9899516], [-4.028317, 42.9907239], [-4.0302389, 42.9912199], [-4.0305684, 42.9918563], [-4.0308133, 42.9925655], [-4.0335216, 42.9931354], [-4.0361338, 42.9938233], [-4.0427173, 42.9964921], [-4.0446959, 42.99452], [-4.0512569, 42.9936766], [-4.0543932, 42.9919999], [-4.0564701, 42.9929353], [-4.060619, 42.9952293], [-4.0619528, 42.9950368], [-4.0631258, 42.9919102], [-4.0656086, 42.991482], [-4.0700885, 42.9909179], [-4.076813, 42.9903507], [-4.0774146, 42.9903811], [-4.0806324, 42.9920077], [-4.0814581, 42.9922251], [-4.082548, 42.9928181], [-4.0839044, 42.9939219], [-4.0852291, 42.9953052], [-4.0884824, 42.998228], [-4.088713, 43.0001709], [-4.0893041, 43.0016871], [-4.0892695, 43.0045961], [-4.0890735, 43.0053093], [-4.0883462, 43.0072073], [-4.0869667, 43.0124793], [-4.0847637, 43.0135087], [-4.0825529, 43.0154927], [-4.0806993, 43.0175633], [-4.0813533, 43.0198714], [-4.0815373, 43.0212654], [-4.0830179, 43.0224131], [-4.0834695, 43.0229672], [-4.0838861, 43.0250254], [-4.0838438, 43.025413], [-4.0819108, 43.0299697], [-4.0794339, 43.0322173], [-4.0781326, 43.0350211]]]}, "properties": {"nombre": "Campoo de Yuso", "ine": "39017"}}, {"type": "Feature", "geometry": {"type": "Polygon", "coordinates": [[[-4.3676912, 43.270206], [-4.3671554, 43.2704915], [-4.3667195, 43.2708389], [-4.3649873, 43.2727325], [-4.3618, 43.2723743], [-4.3613151, 43.2721819], [-4.3600048, 43.2719994], [-4.3553161, 43.2717308], [-4.3542449, 43.2717705], [-4.3528587, 43.2720571], [-4.3481225, 43.2724281], [-4.3463518, 43.2720437], [-4.3449352, 43.2720694], [-4.3440631, 43.2721967], [-4.3420664, 43.2727423], [-4.340396, 43.272996], [-4.3371609, 43.273268], [-4.3357523, 43.2736626], [-4.3345591, 43.2743249], [-4.3340934, 43.2744473], [-4.3333421, 43.2744651], [-4.3317779, 43.273943], [-4.3285836, 43.2732598], [-4.3269651, 43.2730714], [-4.3264866, 43.273167], [-4.325747, 43.2731576], [-4.3244634, 43.2724971], [-4.3237443, 43.2722983], [-4.3239621, 43.2704048], [-4.3237279, 43.2652839], [-4.3233713, 43.265315], [-4.3227483, 43.2655654], [-4.3213729, 43.2657793], [-4.3207303, 43.2656967], [-4.3192276, 43.265723], [-4.3179805, 43.2656023], [-4.3170029, 43.2654065], [-4.3166156, 43.2651588], [-4.3156508, 43.2649898], [-4.3148755, 43.2650347], [-4.3130208, 43.2647318], [-4.3124539, 43.2647293], [-4.3118162, 43.2648717], [-4.3110145, 43.2648359], [-4.3107201, 43.2648933], [-4.3099667, 43.2648118], [-4.3087057, 43.2640428], [-4.308172, 43.2638598], [-4.3079466, 43.2636913], [-4.3071249, 43.2627192], [-4.3067357, 43.2623815], [-4.3064245, 43.262232], [-4.3056102, 43.2621782], [-4.3048618, 43.2617545], [-4.3040879, 43.2618624], [-4.3035915, 43.2616969], [-4.3031138, 43.2618285], [-4.3023368, 43.2617923], [-4.3014052, 43.262019], [-4.3007905, 43.26208], [-4.3001969, 43.2619787], [-4.2979069, 43.2620587], [-4.2903852, 43.2571191], [-4.2855834, 43.2560925], [-4.2857803, 43.255496], [-4.2858586, 43.2545317], [-4.2859628, 43.2542153], [-4.2865114, 43.2533537], [-4.2876381, 43.2524496], [-4.2881807, 43.2518942], [-4.2882626, 43.2511009], [-4.2891527, 43.2500823], [-4.2891472, 43.249236], [-4.2898474, 43.2479764], [-4.2898887, 43.2475978], [-4.2895884, 43.2467907], [-4.2898525, 43.2464636], [-4.2908195, 43.2461736], [-4.2905184, 43.2459158], [-4.2905764, 43.2457441], [-4.2907937, 43.2455345], [-4.2909335, 43.2451548], [-4.2914118, 43.244474], [-4.2913438, 43.2441686], [-4.2906661, 43.243573], [-4.2906009, 43.2434026], [-4.2907757, 43.2429324], [-4.2904112, 43.2425853], [-4.2904426, 43.2423238], [-4.2906086, 43.2420158], [-4.2904587, 43.2413331], [-4.2904901, 43.2410716], [-4.2908588, 43.2404462], [-4.2906166, 43.2394764], [-4.2901024, 43.2384557], [-4.2899804, 43.2379258], [-4.2900094, 43.2375472], [-4.287759, 43.2371313], [-4.2863148, 43.2352206], [-4.2828666, 43.2281816], [-4.2806801, 43.2266752], [-4.2769772, 43.2138669], [-4.2768335, 43.212878], [-4.2772224, 43.2108656], [-4.2773398, 43.2105942], [-4.2777254, 43.2101936], [-4.2790996, 43.2093859], [-4.2792784, 43.2091047], [-4.2792953, 43.2087354], [-4.2788435, 43.2077319], [-4.2785251, 43.2072222], [-4.2781504, 43.2069652], [-4.2743019, 43.2059996], [-4.2736445, 43.2057638], [-4.2706567, 43.2041491], [-4.270162, 43.2040375], [-4.2673354, 43.2036636], [-4.2665971, 43.2036808], [-4.2646335, 43.2039636], [-4.2620575, 43.2032086], [-4.2606751, 43.2030257], [-4.2594441, 43.2030213], [-4.2579998, 43.202821], [-4.2570588, 43.2025522], [-4.2541536, 43.2037457], [-4.2537369, 43.2038313], [-4.2526748, 43.2036628], [-4.2520433, 43.2034806], [-4.2485725, 43.2016906], [-4.2475081, 43.201405], [-4.2469053, 43.2014206], [-4.2457418, 43.2017124], [-4.2433034, 43.2028645], [-4.2423736, 43.2031447], [-4.2384748, 43.2039163], [-4.2378996, 43.2034723], [-4.237319, 43.2027582], [-4.2370325, 43.2025902], [-4.2364662, 43.2025873], [-4.2354603, 43.2027602], [-4.2311845, 43.2025361], [-4.2262474, 43.202481], [-4.2253137, 43.202572], [-4.2230974, 43.2025417], [-4.2212586, 43.2023002], [-4.2206395, 43.2021177], [-4.2184808, 43.2018885], [-4.2170627, 43.2011382], [-4.2155038, 43.1994979], [-4.2147415, 43.1989207], [-4.214034, 43.198622], [-4.2118329, 43.198105], [-4.2112419, 43.1980933], [-4.2098301, 43.1982793], [-4.2083031, 43.1982414], [-4.2047292, 43.1986392], [-4.2029411, 43.1984689], [-4.2013927, 43.1985932], [-4.1994447, 43.1990548], [-4.1988175, 43.1990794], [-4.1960147, 43.1986314], [-4.1955189, 43.1984565], [-4.1949137, 43.1977154], [-4.1950563, 43.1968225], [-4.1949796, 43.1954185], [-4.1948306, 43.1947177], [-4.194439, 43.1935692], [-4.1945181, 43.1932082], [-4.1933793, 43.1916082], [-4.1934182, 43.1910765], [-4.193784, 43.1909016], [-4.1944245, 43.1903006], [-4.1949469, 43.189953], [-4.1967871, 43.1882401], [-4.1983105, 43.1870003], [-4.1993076, 43.1863866], [-4.2004969, 43.1849064], [-4.2010706, 43.1840449], [-4.2026474, 43.1822454], [-4.2028586, 43.1817209], [-4.2030936, 43.1805298], [-4.2034004, 43.1798602], [-4.2035569, 43.1796875], [-4.2053458, 43.1792995], [-4.2061082, 43.1792735], [-4.2066518, 43.1793848], [-4.2082877, 43.1799799], [-4.2087219, 43.1802598], [-4.2097662, 43.1807027], [-4.2103082, 43.180733], [-4.2113001, 43.1804884], [-4.2119141, 43.1804278], [-4.2125734, 43.1801687], [-4.214415, 43.1799601], [-4.2189597, 43.180173], [-4.2218668, 43.1809525], [-4.2221166, 43.1811389], [-4.224204, 43.1815308], [-4.224799, 43.1817496], [-4.2250702, 43.1817737], [-4.2253396, 43.1817078], [-4.2254955, 43.181508], [-4.2257885, 43.1807755], [-4.2267026, 43.1797212], [-4.2274534, 43.1785065], [-4.2281584, 43.1762297], [-4.2299719, 43.1758591], [-4.2319801, 43.1747659], [-4.2339879, 43.1742671], [-4.2348388, 43.1737536], [-4.2362656, 43.1731259], [-4.2389229, 43.1712873], [-4.2401958, 43.1715707], [-4.2412376, 43.1719826], [-4.2419721, 43.1724069], [-4.2432602, 43.1734374], [-4.2435961, 43.1736229], [-4.2464361, 43.1741233], [-4.2476639, 43.1746052], [-4.2481286, 43.1750684], [-4.2482953, 43.1753997], [-4.2485196, 43.1755414], [-4.249014, 43.175653], [-4.2499254, 43.1756971], [-4.2513979, 43.175501], [-4.2531463, 43.1755629], [-4.2541963, 43.1757675], [-4.2555847, 43.1762746], [-4.2585349, 43.1761431], [-4.2611182, 43.176718], [-4.263804, 43.1768865], [-4.265957, 43.1774751], [-4.2668384, 43.1778525], [-4.2684581, 43.1782308], [-4.27007, 43.178231], [-4.2719211, 43.1779043], [-4.2729776, 43.1778205], [-4.2757983, 43.1779692], [-4.2769966, 43.178199], [-4.2778649, 43.1785315], [-4.2788612, 43.1791057], [-4.2803646, 43.1803946], [-4.2806067, 43.1807881], [-4.2862096, 43.1721978], [-4.2888369, 43.1690076], [-4.2942835, 43.1688471], [-4.3010549, 43.1667713], [-4.3014791, 43.1647314], [-4.3018109, 43.163557], [-4.3035305, 43.1593862], [-4.3041997, 43.1590455], [-4.3046391, 43.1577258], [-4.305992, 43.1559904], [-4.3069216, 43.1551694], [-4.3086085, 43.1541056], [-4.3098118, 43.1528581], [-4.3099002, 43.1518126], [-4.3116361, 43.1490192], [-4.3122061, 43.145771], [-4.3148369, 43.1451555], [-4.3166441, 43.1445584], [-4.3200498, 43.1439519], [-4.322548, 43.1423292], [-4.3266683, 43.141228], [-4.3316748, 43.1390448], [-4.3339639, 43.1385679], [-4.3354156, 43.138605], [-4.3364552, 43.1394753], [-4.3370233, 43.1401531], [-4.3379197, 43.1429161], [-4.3375318, 43.1465585], [-4.3379598, 43.1509569], [-4.3375179, 43.1521236], [-4.3350267, 43.1535034], [-4.3351756, 43.1558249], [-4.333868, 43.1579113], [-4.3340481, 43.159404], [-4.3362248, 43.1605132], [-4.3363438, 43.1642758], [-4.3374314, 43.1667664], [-4.3379662, 43.1675976], [-4.3379965, 43.1678584], [-4.3378356, 43.1683736], [-4.3372463, 43.1695601], [-4.3368154, 43.1701054], [-4.3359838, 43.1714658], [-4.3354061, 43.1731834], [-4.3327785, 43.1751231], [-4.3313388, 43.1756801], [-4.3308423, 43.1760461], [-4.329797, 43.1772018], [-4.3319899, 43.1807242], [-4.3321637, 43.1819288], [-4.3329154, 43.183676], [-4.3328534, 43.184217], [-4.3317659, 43.1851391], [-4.3311312, 43.1870735], [-4.3308633, 43.1883373], [-4.3304495, 43.1891165], [-4.3310637, 43.1930264], [-4.3311842, 43.1934753], [-4.3322181, 43.1957414], [-4.3328612, 43.1981472], [-4.3327277, 43.1987971], [-4.3323442, 43.1998371], [-4.331352, 43.2011904], [-4.3316237, 43.2023668], [-4.3338294, 43.205862], [-4.3340366, 43.2074624], [-4.3341683, 43.2078571], [-4.334313, 43.2088459], [-4.3345051, 43.2091858], [-4.335521, 43.2100475], [-4.3362814, 43.2104798], [-4.3365836, 43.2113497], [-4.3368263, 43.2117521], [-4.3375426, 43.2124191], [-4.3395574, 43.2167268], [-4.3405292, 43.2172467], [-4.3415087, 43.2175594], [-4.3425172, 43.2180699], [-4.3426908, 43.2186892], [-4.3428423, 43.2205424], [-4.3434014, 43.2224538], [-4.3450566, 43.2232538], [-4.3455901, 43.2234366], [-4.3463148, 43.2239143], [-4.3475514, 43.2241519], [-4.347986, 43.2243179], [-4.3482489, 43.2245129], [-4.3501961, 43.2251473], [-4.3515545, 43.2258787], [-4.3542489, 43.2263331], [-4.3553815, 43.226878], [-4.3557219, 43.2272341], [-4.3577123, 43.228147], [-4.3583246, 43.228545], [-4.3588024, 43.2289895], [-4.3591279, 43.2297871], [-4.3596275, 43.2306546], [-4.3605506, 43.2317422], [-4.3612153, 43.2322836], [-4.3635719, 43.2324807], [-4.3652168, 43.2327943], [-4.3675112, 43.232965], [-4.3684024, 43.2331704], [-4.3696086, 43.2336873], [-4.3722801, 43.2352941], [-4.37337, 43.2355692], [-4.3740478, 43.2355881], [-4.3763257, 43.2350205], [-4.3768301, 43.2349964], [-4.3780228, 43.2354593], [-4.3813247, 43.2376977], [-4.3803815, 43.2384745], [-4.3769703, 43.2434141], [-4.3767489, 43.243975], [-4.3766707, 43.2454257], [-4.3770297, 43.2460517], [-4.3777194, 43.2465927], [-4.3813997, 43.2475659], [-4.3815324, 43.2479875], [-4.381675, 43.2493905], [-4.3815796, 43.250076], [-4.3812062, 43.2515392], [-4.3811362, 43.2522605], [-4.3812681, 43.2548252], [-4.380215, 43.2567469], [-4.3727008, 43.2600789], [-4.3697462, 43.2618341], [-4.3690346, 43.262518], [-4.3671521, 43.2637381], [-4.3661838, 43.2645151], [-4.3651966, 43.2655534], [-4.3645546, 43.2660473], [-4.36416, 43.2665832], [-4.3642014, 43.2678884], [-4.3649112, 43.2687714], [-4.366159, 43.2694679], [-4.3668543, 43.2697027], [-4.3676912, 43.270206]]]}, "properties": {"nombre": "Cabuérniga", "ine": "39014"}}, {"type": "Feature", "geometry": {"type": "Polygon", "coordinates": [[[-4.8424931, 43.1805582], [-4.8401005, 43.1808703], [-4.8376244, 43.1813034], [-4.8372803, 43.1811287], [-4.8367828, 43.1810481], [-4.8337936, 43.1807799], [-4.8327417, 43.1806169], [-4.8321463, 43.1803783], [-4.8303623, 43.1791243], [-4.8285985, 43.1788508], [-4.8279452, 43.1788398], [-4.8275521, 43.1790042], [-4.8266617, 43.1791295], [-4.8261032, 43.1789139], [-4.8256016, 43.178607], [-4.8244879, 43.178354], [-4.8233157, 43.1783284], [-4.8224725, 43.1789358], [-4.8218642, 43.1791162], [-4.8211981, 43.1794784], [-4.819349, 43.1793811], [-4.8189728, 43.1791181], [-4.8180795, 43.1799434], [-4.8177066, 43.1803982], [-4.8176226, 43.1812999], [-4.8171515, 43.1819819], [-4.8169938, 43.1829312], [-4.8165742, 43.1832973], [-4.8152826, 43.1834074], [-4.8146005, 43.1832817], [-4.8141698, 43.1831106], [-4.8136148, 43.1830742], [-4.8106054, 43.1811862], [-4.8096211, 43.181382], [-4.8086123, 43.1814429], [-4.8079152, 43.1816783], [-4.8060106, 43.1818441], [-4.80567, 43.1819561], [-4.8047532, 43.181954], [-4.8032668, 43.1826526], [-4.8025353, 43.1828078], [-4.8013646, 43.1828175], [-4.8003207, 43.1830584], [-4.7989712, 43.1830355], [-4.798546, 43.1832225], [-4.7978716, 43.1833231], [-4.7965962, 43.1838108], [-4.7963869, 43.184039], [-4.7956277, 43.1843486], [-4.793807, 43.184297], [-4.7911825, 43.1849812], [-4.7883033, 43.1854159], [-4.7867173, 43.1857755], [-4.7857493, 43.1863761], [-4.7851087, 43.1865393], [-4.7846269, 43.1869081], [-4.7844014, 43.1875854], [-4.784101, 43.1878378], [-4.7830646, 43.1881466], [-4.7825781, 43.1884166], [-4.7819305, 43.1889751], [-4.7813737, 43.1892538], [-4.7813206, 43.1895235], [-4.7813787, 43.1898841], [-4.7807955, 43.1903848], [-4.779403, 43.1913099], [-4.7789942, 43.1920817], [-4.7786245, 43.1920783], [-4.7783742, 43.1919557], [-4.7703481, 43.1899641], [-4.7599483, 43.1867025], [-4.7542746, 43.184], [-4.7435186, 43.1844345], [-4.7429697, 43.1845329], [-4.7426144, 43.1849875], [-4.7426089, 43.1852591], [-4.7421957, 43.1855359], [-4.7415337, 43.1858137], [-4.7397586, 43.1862473], [-4.7392274, 43.1860076], [-4.7386454, 43.186084], [-4.738032, 43.1863642], [-4.7374906, 43.1868222], [-4.7368691, 43.1870119], [-4.7364861, 43.1880529], [-4.7356929, 43.1882903], [-4.7347225, 43.1887547], [-4.734734, 43.1892059], [-4.7340154, 43.1898461], [-4.7339756, 43.1906582], [-4.7336179, 43.1910221], [-4.733631, 43.1925985], [-4.7333003, 43.1928743], [-4.7331938, 43.1934078], [-4.7331926, 43.1937408], [-4.7334977, 43.1942414], [-4.7304744, 43.1945899], [-4.7290152, 43.1952153], [-4.72697, 43.196885], [-4.7253709, 43.1977916], [-4.7234332, 43.1984781], [-4.721986, 43.1995355], [-4.7202888, 43.2004615], [-4.719267, 43.2008911], [-4.7186789, 43.2009899], [-4.7182317, 43.2008436], [-4.7141585, 43.1982393], [-4.7131659, 43.1979571], [-4.7121207, 43.1979907], [-4.7112044, 43.1973561], [-4.7100367, 43.1978508], [-4.7080692, 43.1983575], [-4.7068984, 43.1987441], [-4.7061991, 43.1983854], [-4.7054288, 43.1981267], [-4.7040644, 43.1981921], [-4.7035053, 43.1980023], [-4.701984, 43.198178], [-4.7012327, 43.1981622], [-4.699956, 43.1982802], [-4.7000865, 43.1985484], [-4.7004678, 43.198984], [-4.7005649, 43.1993788], [-4.7005159, 43.1998297], [-4.7003539, 43.2002013], [-4.6994187, 43.2010977], [-4.6981836, 43.2027188], [-4.6974759, 43.2033867], [-4.696448, 43.2040503], [-4.6946282, 43.205455], [-4.6933068, 43.2066361], [-4.6917263, 43.2082443], [-4.6893468, 43.2103416], [-4.6877065, 43.2115724], [-4.6859971, 43.2111924], [-4.6831002, 43.2101545], [-4.6821661, 43.2097631], [-4.6798191, 43.2085729], [-4.6768621, 43.2084813], [-4.675366, 43.2086923], [-4.6736206, 43.206989], [-4.6726768, 43.2062374], [-4.6705855, 43.2067362], [-4.6688036, 43.2050423], [-4.6669364, 43.2038269], [-4.6658493, 43.2027802], [-4.662472, 43.200344], [-4.6617162, 43.1997067], [-4.661168, 43.1990123], [-4.6604598, 43.1983112], [-4.6627721, 43.1941715], [-4.6616551, 43.1938275], [-4.660682, 43.1933464], [-4.6599686, 43.1929065], [-4.6595984, 43.1924167], [-4.6584398, 43.1855359], [-4.6571559, 43.1853834], [-4.6537425, 43.1852077], [-4.6537028, 43.1819125], [-4.6535695, 43.181077], [-4.6511418, 43.180941], [-4.6486218, 43.1792034], [-4.6479381, 43.1794024], [-4.6471613, 43.1793415], [-4.6450553, 43.1783543], [-4.6444504, 43.1778227], [-4.643294, 43.1759934], [-4.642359, 43.1750793], [-4.6419373, 43.1744911], [-4.6411328, 43.1743135], [-4.6400242, 43.1742664], [-4.6381558, 43.1743292], [-4.6375117, 43.1737081], [-4.637165, 43.1731638], [-4.6347946, 43.171937], [-4.6332422, 43.1718511], [-4.6304495, 43.1709275], [-4.6300646, 43.1698704], [-4.6299078, 43.168603], [-4.6301806, 43.1668342], [-4.631689, 43.1643454], [-4.6336317, 43.1606167], [-4.6326016, 43.1556518], [-4.6350582, 43.1509162], [-4.6374547, 43.1494681], [-4.6377152, 43.1481677], [-4.6394518, 43.1459637], [-4.6410489, 43.1454455], [-4.6421252, 43.1438453], [-4.644889, 43.1423558], [-4.6470374, 43.1413073], [-4.650945, 43.1407467], [-4.6536104, 43.1406362], [-4.6558486, 43.1401896], [-4.6574444, 43.1400854], [-4.6619276, 43.1403535], [-4.6628237, 43.1389358], [-4.6667039, 43.136475], [-4.6672025, 43.1358194], [-4.6700355, 43.1341933], [-4.6771816, 43.1329361], [-4.6786203, 43.132942], [-4.6800788, 43.131876], [-4.6812365, 43.1314988], [-4.6853454, 43.1293493], [-4.6866561, 43.1291769], [-4.6882268, 43.1286224], [-4.689874, 43.1272744], [-4.6922416, 43.1217375], [-4.6947825, 43.1216008], [-4.6996332, 43.1196468], [-4.7000571, 43.1176415], [-4.7072441, 43.1095472], [-4.7082005, 43.1046073], [-4.7111798, 43.0999433], [-4.7135425, 43.0996198], [-4.7159452, 43.0989715], [-4.7183787, 43.0985477], [-4.7214418, 43.0977298], [-4.7220753, 43.0954035], [-4.7238376, 43.0925225], [-4.7248055, 43.0919856], [-4.7266103, 43.0914991], [-4.7309651, 43.0895063], [-4.7323673, 43.0885876], [-4.736691, 43.0812612], [-4.7413255, 43.0800741], [-4.7433429, 43.079305], [-4.7458952, 43.0787708], [-4.7469346, 43.0781697], [-4.7485745, 43.0762266], [-4.7533349, 43.0751632], [-4.7571147, 43.07461], [-4.7664974, 43.0745466], [-4.7686882, 43.0759805], [-4.7708759, 43.0768742], [-4.7723691, 43.0783909], [-4.7732737, 43.0790883], [-4.7763568, 43.0799319], [-4.7781437, 43.0805525], [-4.7797227, 43.0812033], [-4.7844364, 43.0836152], [-4.7884887, 43.0839752], [-4.7943559, 43.0863236], [-4.796767, 43.0877822], [-4.7986653, 43.0879039], [-4.8007258, 43.0877814], [-4.8029122, 43.0886024], [-4.8043315, 43.0900749], [-4.8074781, 43.0917901], [-4.8100043, 43.0920384], [-4.8128028, 43.09194], [-4.8158218, 43.0922344], [-4.8169033, 43.0926584], [-4.8170565, 43.0932683], [-4.8170075, 43.094935], [-4.8173355, 43.0960554], [-4.8186654, 43.0965655], [-4.820238, 43.097387], [-4.8214878, 43.0993391], [-4.8233411, 43.0992646], [-4.8302481, 43.1009462], [-4.8314937, 43.1019168], [-4.8328062, 43.1026612], [-4.8353898, 43.1072843], [-4.8350515, 43.1087124], [-4.8363401, 43.111114], [-4.8358066, 43.1162913], [-4.8420024, 43.1195955], [-4.8443204, 43.1206478], [-4.8452441, 43.1215243], [-4.8457945, 43.1238837], [-4.846817, 43.1239573], [-4.8478942, 43.12421], [-4.8513916, 43.1259163], [-4.844261, 43.1313553], [-4.8426973, 43.1333255], [-4.8438534, 43.1460215], [-4.8431497, 43.146339], [-4.8419803, 43.1463038], [-4.8410078, 43.1468766], [-4.838596, 43.1470426], [-4.8375966, 43.1518582], [-4.8369254, 43.1532647], [-4.834947, 43.1559003], [-4.8345665, 43.1574627], [-4.8347367, 43.1582163], [-4.8377096, 43.1605548], [-4.8391509, 43.161036], [-4.8402416, 43.1617208], [-4.8406548, 43.1623715], [-4.8388476, 43.1667378], [-4.8399531, 43.16682], [-4.8400834, 43.1675133], [-4.840897, 43.1679775], [-4.8415595, 43.1685443], [-4.8429083, 43.168898], [-4.8453937, 43.1702023], [-4.846754, 43.1703906], [-4.8470911, 43.1706333], [-4.8471502, 43.171097], [-4.8496618, 43.1719097], [-4.8499705, 43.172236], [-4.8506676, 43.1722912], [-4.851567, 43.1725743], [-4.8517354, 43.1728722], [-4.8511839, 43.1733052], [-4.847109, 43.1757666], [-4.8474755, 43.1783468], [-4.8465592, 43.1785036], [-4.8460862, 43.178812], [-4.8452303, 43.1788061], [-4.8440799, 43.1792983], [-4.8435444, 43.17992], [-4.8424931, 43.1805582]]]}, "properties": {"nombre": "Camaleño", "ine": "39015"}}, {"type": "Feature", "geometry": {"type": "Polygon", "coordinates": [[[-4.2741873, 43.2750036], [-4.2745554, 43.2790605], [-4.2743266, 43.2799095], [-4.2743988, 43.2816016], [-4.2743488, 43.2827457], [-4.2745656, 43.2830945], [-4.2752322, 43.2837354], [-4.2773145, 43.2837032], [-4.2777841, 43.283761], [-4.2784302, 43.2840059], [-4.2805727, 43.2850805], [-4.2813663, 43.2853057], [-4.2820905, 43.2857479], [-4.282944, 43.2858914], [-4.2841499, 43.2869674], [-4.2843421, 43.2873164], [-4.2845042, 43.28799], [-4.2846261, 43.2890962], [-4.2844573, 43.2898635], [-4.2843157, 43.2901622], [-4.2837093, 43.2906372], [-4.2826746, 43.2912611], [-4.2825794, 43.2914243], [-4.2826329, 43.2916218], [-4.2833951, 43.2921085], [-4.2835868, 43.2924305], [-4.2832121, 43.2933712], [-4.2832033, 43.2935424], [-4.2835186, 43.293881], [-4.2835465, 43.2940338], [-4.2834631, 43.2941698], [-4.2828555, 43.2945908], [-4.2821968, 43.2949223], [-4.2809, 43.2953961], [-4.2800905, 43.2955942], [-4.2797975, 43.2957326], [-4.2789601, 43.2963633], [-4.2781282, 43.2966697], [-4.2766563, 43.2970283], [-4.2760159, 43.2970624], [-4.2750138, 43.2968935], [-4.2750124, 43.2974158], [-4.2754746, 43.2988874], [-4.2755101, 43.2999946], [-4.2754485, 43.3005895], [-4.2762216, 43.3010041], [-4.2767282, 43.3016468], [-4.2768364, 43.3021048], [-4.2772313, 43.3027128], [-4.2780605, 43.3034509], [-4.278354, 43.3039248], [-4.2782692, 43.3045831], [-4.2780897, 43.3048463], [-4.2774921, 43.3051591], [-4.2773353, 43.3053229], [-4.2772688, 43.3056838], [-4.2773257, 43.3060434], [-4.2779262, 43.3070452], [-4.278087, 43.30825], [-4.2778436, 43.3089911], [-4.2768667, 43.3100375], [-4.2765266, 43.3102844], [-4.2756471, 43.3106814], [-4.2739051, 43.311115], [-4.2731651, 43.3116996], [-4.2722999, 43.3121954], [-4.2720831, 43.312441], [-4.2720144, 43.3126938], [-4.2722752, 43.3133753], [-4.2693818, 43.3195215], [-4.2670838, 43.321699], [-4.2628916, 43.3223486], [-4.2581937, 43.3218061], [-4.2563084, 43.3203495], [-4.2537662, 43.3188111], [-4.2509238, 43.3179237], [-4.2411703, 43.3192094], [-4.2363593, 43.3209723], [-4.2267098, 43.3219496], [-4.2238696, 43.3236188], [-4.2237137, 43.3244579], [-4.2241272, 43.3272358], [-4.22186, 43.3279714], [-4.2201734, 43.3299794], [-4.2197512, 43.3310735], [-4.2205055, 43.3311645], [-4.2226523, 43.337958], [-4.2196878, 43.3420867], [-4.219779, 43.3435624], [-4.2170967, 43.3464004], [-4.2148917, 43.3465769], [-4.2135834, 43.3465547], [-4.2092564, 43.3467446], [-4.2056571, 43.3462963], [-4.195348, 43.3503573], [-4.1945314, 43.3489882], [-4.1875662, 43.3442432], [-4.1867828, 43.3439272], [-4.1861312, 43.3434116], [-4.1832468, 43.3416406], [-4.1825802, 43.3416205], [-4.1814965, 43.3417217], [-4.179134, 43.3426825], [-4.1781601, 43.3427195], [-4.1760817, 43.3424258], [-4.1693666, 43.3441694], [-4.1685032, 43.3435389], [-4.1687479, 43.342789], [-4.1690214, 43.3422549], [-4.1691917, 43.3414878], [-4.1690969, 43.3410475], [-4.1691147, 43.3406872], [-4.1692455, 43.3404337], [-4.1697174, 43.3399517], [-4.1709987, 43.3392182], [-4.1727565, 43.3388851], [-4.1732401, 43.3383758], [-4.1733057, 43.337934], [-4.1736925, 43.3375248], [-4.1737963, 43.3371455], [-4.173485, 43.3369956], [-4.173292, 43.3365834], [-4.1734722, 43.3324845], [-4.1735778, 43.3322043], [-4.1737349, 43.3307529], [-4.1736922, 43.3304562], [-4.1735381, 43.3301426], [-4.1734383, 43.3294413], [-4.1735745, 43.3288276], [-4.1737669, 43.3285735], [-4.17423, 43.3282806], [-4.1745911, 43.3278177], [-4.1750037, 43.3268229], [-4.1742536, 43.3237421], [-4.1767576, 43.3237524], [-4.1789348, 43.3234509], [-4.1817076, 43.3233322], [-4.1823953, 43.3231811], [-4.1825643, 43.3229902], [-4.1834813, 43.3225755], [-4.1839324, 43.3223098], [-4.1844159, 43.3218005], [-4.1851725, 43.3213875], [-4.1875716, 43.3210835], [-4.1896334, 43.3211971], [-4.1912177, 43.3214868], [-4.1915919, 43.321699], [-4.1925466, 43.3219592], [-4.1932837, 43.3211772], [-4.1937824, 43.3208208], [-4.1963302, 43.3199298], [-4.1970184, 43.3198055], [-4.1994498, 43.3198971], [-4.2014761, 43.3194617], [-4.2027001, 43.3189896], [-4.203585, 43.3188362], [-4.2052251, 43.318828], [-4.2025264, 43.3151825], [-4.2057354, 43.309701], [-4.2094794, 43.3051142], [-4.2133717, 43.3016909], [-4.2203242, 43.2965165], [-4.2211103, 43.2960583], [-4.2213492, 43.2956775], [-4.2219712, 43.2953377], [-4.2246244, 43.2948591], [-4.2254879, 43.2948859], [-4.2262138, 43.2948151], [-4.2268261, 43.2946105], [-4.2277516, 43.2940423], [-4.2287717, 43.2932749], [-4.2296692, 43.2919326], [-4.2300781, 43.2908117], [-4.2299077, 43.2903092], [-4.229897, 43.2897781], [-4.2302051, 43.2891625], [-4.2309723, 43.288695], [-4.2314881, 43.2885994], [-4.2326505, 43.2881727], [-4.2336007, 43.2876132], [-4.2346089, 43.2862696], [-4.2357792, 43.2837987], [-4.2362249, 43.2826774], [-4.236995, 43.2817506], [-4.2378808, 43.2810657], [-4.238495, 43.2803567], [-4.2393902, 43.2776996], [-4.2396558, 43.2774266], [-4.2402078, 43.2773036], [-4.2406522, 43.2773348], [-4.2434613, 43.2778986], [-4.244387, 43.2779696], [-4.2453303, 43.2776892], [-4.2456593, 43.2775055], [-4.2462942, 43.2766072], [-4.2481174, 43.2789825], [-4.2494601, 43.2789499], [-4.2499717, 43.2786562], [-4.2503691, 43.2782016], [-4.2510371, 43.2777171], [-4.2518926, 43.2773655], [-4.2532094, 43.2766758], [-4.2554306, 43.2762102], [-4.2565169, 43.2762974], [-4.2615686, 43.2762418], [-4.2623055, 43.2761166], [-4.2629902, 43.275857], [-4.2645386, 43.2756418], [-4.265016, 43.2754834], [-4.2659562, 43.2753889], [-4.2697452, 43.275332], [-4.2707846, 43.2749423], [-4.2718549, 43.2748494], [-4.2741873, 43.2750036]]]}, "properties": {"nombre": "Cabezón de la Sal", "ine": "39012"}}, {"type": "Feature", "geometry": {"type": "Polygon", "coordinates": [[[-4.6121412, 43.1591656], [-4.6114508, 43.1591033], [-4.6099306, 43.1569546], [-4.6060896, 43.155883], [-4.6014439, 43.1569656], [-4.5995143, 43.1579651], [-4.5876001, 43.1567174], [-4.5825696, 43.156724], [-4.5817061, 43.1575824], [-4.5791352, 43.1580502], [-4.5759617, 43.1580489], [-4.5711673, 43.1591144], [-4.5699369, 43.1600587], [-4.5690107, 43.1613591], [-4.5665497, 43.1637341], [-4.5626353, 43.1655616], [-4.5625435, 43.1667874], [-4.5596755, 43.1672048], [-4.5579757, 43.1676061], [-4.5524579, 43.169293], [-4.5507286, 43.1699918], [-4.5497637, 43.1697797], [-4.546833, 43.1701616], [-4.53848, 43.1696889], [-4.5371555, 43.1693645], [-4.5360077, 43.1692178], [-4.5353064, 43.1692182], [-4.532829, 43.1685401], [-4.5309791, 43.1683577], [-4.5302684, 43.16798], [-4.5295381, 43.1678007], [-4.5286618, 43.1676863], [-4.5264591, 43.1676617], [-4.5248306, 43.1674763], [-4.5237301, 43.1667526], [-4.5233457, 43.1666316], [-4.5228035, 43.1665938], [-4.5209244, 43.1672131], [-4.5195624, 43.1673573], [-4.5170178, 43.1679313], [-4.5164364, 43.1682992], [-4.5144552, 43.1702705], [-4.5121922, 43.1722905], [-4.5117575, 43.1721251], [-4.5093935, 43.1705535], [-4.5091769, 43.1702502], [-4.5085643, 43.169853], [-4.5071537, 43.1685209], [-4.5065932, 43.1682401], [-4.5062764, 43.1678661], [-4.5052183, 43.1673577], [-4.5045994, 43.1672038], [-4.5031583, 43.1671327], [-4.5022383, 43.1667395], [-4.499811, 43.1630614], [-4.4972553, 43.1621764], [-4.4957112, 43.1619084], [-4.4919402, 43.1616245], [-4.4897695, 43.1593655], [-4.486362, 43.1573207], [-4.484061, 43.1572875], [-4.4823109, 43.155104], [-4.4800111, 43.153585], [-4.4780918, 43.1525382], [-4.4756409, 43.1523987], [-4.4737637, 43.1505409], [-4.4669872, 43.1474583], [-4.4643554, 43.1469427], [-4.4674347, 43.1435445], [-4.4679977, 43.1424026], [-4.4682762, 43.1391393], [-4.4695529, 43.1375111], [-4.4708708, 43.1365757], [-4.4724075, 43.1365649], [-4.4745127, 43.1371862], [-4.4749889, 43.137045], [-4.4748902, 43.1360107], [-4.4768513, 43.1331939], [-4.4763507, 43.1323179], [-4.4769058, 43.1313742], [-4.4768443, 43.1308617], [-4.4763077, 43.1295089], [-4.4777544, 43.1283196], [-4.4791865, 43.1275447], [-4.4814748, 43.1276142], [-4.4833689, 43.1251043], [-4.4839371, 43.1231789], [-4.4822472, 43.1219222], [-4.482223, 43.1209229], [-4.4761422, 43.1164901], [-4.4753919, 43.1149329], [-4.4716042, 43.1143423], [-4.4708318, 43.1133978], [-4.4671747, 43.1136338], [-4.4682492, 43.1123053], [-4.4671124, 43.1094834], [-4.4672076, 43.1078072], [-4.4691996, 43.1047651], [-4.4709662, 43.1030945], [-4.471491, 43.1024304], [-4.4722344, 43.1011421], [-4.4710626, 43.1009591], [-4.4757639, 43.0997189], [-4.4772844, 43.0995823], [-4.4794922, 43.0978788], [-4.4803922, 43.0964714], [-4.4831954, 43.0955167], [-4.4844981, 43.0955268], [-4.4857192, 43.0947005], [-4.4863204, 43.0946657], [-4.4865449, 43.0942936], [-4.4882225, 43.0940557], [-4.4898614, 43.0932329], [-4.4903524, 43.0942261], [-4.4913077, 43.0951141], [-4.4925672, 43.0958721], [-4.4936113, 43.0958585], [-4.4957278, 43.0964882], [-4.4961407, 43.0957804], [-4.497158, 43.0956771], [-4.4987148, 43.0945131], [-4.4990927, 43.0938868], [-4.501361, 43.0941902], [-4.5041908, 43.0943422], [-4.5046314, 43.0937691], [-4.5082016, 43.0920472], [-4.5086572, 43.0920862], [-4.5092783, 43.0918619], [-4.5106395, 43.0917539], [-4.5120861, 43.092122], [-4.51309, 43.0919737], [-4.5138433, 43.0916305], [-4.5209229, 43.0917258], [-4.5252072, 43.092065], [-4.5275423, 43.0930784], [-4.5285457, 43.0939025], [-4.5310636, 43.0963271], [-4.5309521, 43.0977694], [-4.5370172, 43.1034602], [-4.5402813, 43.1037585], [-4.5418632, 43.1046017], [-4.5443015, 43.1052892], [-4.5570114, 43.1078094], [-4.5614107, 43.1068219], [-4.5663172, 43.1054852], [-4.5667397, 43.1075956], [-4.5683334, 43.1084022], [-4.5734362, 43.108017], [-4.574579, 43.1065695], [-4.5746516, 43.1060462], [-4.5722613, 43.1048454], [-4.5717142, 43.1036373], [-4.5715547, 43.1026849], [-4.5692332, 43.0988807], [-4.5684514, 43.096172], [-4.5675931, 43.0952833], [-4.57111, 43.0920203], [-4.5787, 43.08663], [-4.581817, 43.0836243], [-4.5864148, 43.0808862], [-4.5924511, 43.0805862], [-4.5945625, 43.0814753], [-4.5963164, 43.0832609], [-4.5968568, 43.0851443], [-4.5997878, 43.0877778], [-4.6015427, 43.0900585], [-4.6018194, 43.090775], [-4.6003994, 43.0942798], [-4.601885, 43.0975368], [-4.6018661, 43.0986987], [-4.6010896, 43.1004925], [-4.601001, 43.1027539], [-4.6014027, 43.1035497], [-4.6017018, 43.1060669], [-4.60342, 43.1083301], [-4.6038064, 43.110891], [-4.6045719, 43.1133746], [-4.6053122, 43.1144268], [-4.6023156, 43.1178186], [-4.6044795, 43.1225428], [-4.6047243, 43.1248536], [-4.6079186, 43.1266548], [-4.6082459, 43.1283521], [-4.6086465, 43.1323806], [-4.6100534, 43.1353954], [-4.6095786, 43.1365097], [-4.6101952, 43.138455], [-4.6095456, 43.1408775], [-4.6094928, 43.1426161], [-4.6092223, 43.1444929], [-4.6105121, 43.1477165], [-4.6103033, 43.1505379], [-4.6130756, 43.1554065], [-4.6128924, 43.1577953], [-4.6121412, 43.1591656]]]}, "properties": {"nombre": "Cabezón de Liébana", "ine": "39013"}}, {"type": "Feature", "geometry": {"type": "Polygon", "coordinates": [[[-4.1338528, 43.103155], [-4.1341198, 43.1049714], [-4.1341579, 43.1070421], [-4.1340967, 43.1083844], [-4.1343763, 43.1122177], [-4.1315996, 43.115761], [-4.1301788, 43.1165545], [-4.1295788, 43.1180192], [-4.1288873, 43.1191877], [-4.128192, 43.120149], [-4.1272987, 43.1210403], [-4.1265235, 43.1216692], [-4.1259767, 43.1220168], [-4.125292, 43.1222216], [-4.1230761, 43.1254131], [-4.1191199, 43.1275679], [-4.118594, 43.1277171], [-4.1179359, 43.1280387], [-4.1178038, 43.1282111], [-4.1171663, 43.1296581], [-4.1166376, 43.1316893], [-4.1157205, 43.1339945], [-4.1146166, 43.1382105], [-4.1141715, 43.1387551], [-4.1132242, 43.1394036], [-4.1123814, 43.139718], [-4.1089041, 43.1405441], [-4.1081549, 43.1405963], [-4.1051154, 43.1404726], [-4.1037897, 43.1406024], [-4.1012559, 43.1412481], [-4.1003489, 43.1407256], [-4.0984071, 43.1394115], [-4.0902986, 43.1411998], [-4.0838593, 43.1372627], [-4.0786308, 43.1343044], [-4.0771317, 43.1329587], [-4.0720249, 43.1277748], [-4.0647571, 43.1262396], [-4.0632912, 43.1260731], [-4.0626908, 43.1261868], [-4.0621806, 43.1265427], [-4.0609875, 43.1279315], [-4.0601402, 43.1301275], [-4.0598056, 43.1306889], [-4.0595396, 43.133798], [-4.0562145, 43.1349183], [-4.0503317, 43.1310012], [-4.0500217, 43.1308419], [-4.0486396, 43.1305484], [-4.047758, 43.1257118], [-4.0474101, 43.1247695], [-4.0451828, 43.123196], [-4.0377643, 43.1184908], [-4.0371566, 43.1181721], [-4.0363027, 43.1178286], [-4.0333632, 43.1169997], [-4.0305124, 43.1163229], [-4.0315312, 43.1133062], [-4.0310859, 43.1131391], [-4.0304486, 43.1125144], [-4.0298923, 43.1123213], [-4.029605, 43.1120448], [-4.0287254, 43.1116294], [-4.0266859, 43.1102069], [-4.0253214, 43.1094537], [-4.0238006, 43.108909], [-4.0228385, 43.1087015], [-4.019313, 43.1073281], [-4.0185112, 43.1071461], [-4.0174782, 43.1071103], [-4.016104, 43.1072485], [-4.0153417, 43.1072283], [-4.0130251, 43.1061142], [-4.0127881, 43.1059001], [-4.0117352, 43.1039013], [-4.0115878, 43.1031552], [-4.011573, 43.1022549], [-4.0113463, 43.1019237], [-4.0110733, 43.101764], [-4.0107157, 43.1016861], [-4.0095262, 43.1018407], [-4.0091191, 43.1017452], [-4.008945, 43.1016207], [-4.0088552, 43.1013874], [-4.0089383, 43.1004591], [-4.0092671, 43.0995287], [-4.0092674, 43.0987993], [-4.0091128, 43.0983595], [-4.0088247, 43.0980288], [-4.0158196, 43.0929964], [-4.0237534, 43.0920343], [-4.0373689, 43.0892105], [-4.0419716, 43.089655], [-4.0481411, 43.0919221], [-4.0485006, 43.0928283], [-4.0509174, 43.0940488], [-4.0519033, 43.0949403], [-4.0545838, 43.0979143], [-4.0549739, 43.098451], [-4.05682, 43.0986141], [-4.0593587, 43.0990409], [-4.0618534, 43.0997652], [-4.0641565, 43.1007704], [-4.0656689, 43.1015308], [-4.0668386, 43.1016604], [-4.0626056, 43.1093602], [-4.0620853, 43.1118954], [-4.0614703, 43.120688], [-4.0618999, 43.1202977], [-4.0623016, 43.1200688], [-4.0649014, 43.1190001], [-4.0662288, 43.1182854], [-4.0674061, 43.1174189], [-4.0675604, 43.1171023], [-4.0681907, 43.1165922], [-4.0695935, 43.1159758], [-4.0717886, 43.1142713], [-4.0724883, 43.1135174], [-4.0724521, 43.112149], [-4.0725798, 43.1117155], [-4.0731331, 43.1110251], [-4.0776171, 43.1086651], [-4.0853693, 43.1041894], [-4.0894723, 43.1020865], [-4.0901525, 43.0966528], [-4.1016825, 43.0991914], [-4.1056143, 43.0998469], [-4.1109972, 43.1005603], [-4.1338528, 43.103155]]]}, "properties": {"nombre": "Bárcena de Pie de Concha", "ine": "39010"}}, {"type": "Feature", "geometry": {"type": "Polygon", "coordinates": [[[-3.6548441, 43.4922383], [-3.654557, 43.493116], [-3.6542771, 43.4933585], [-3.6543415, 43.4935228], [-3.6536028, 43.4935532], [-3.6536978, 43.4933827], [-3.6532472, 43.4934761], [-3.6522709, 43.4932484], [-3.6512731, 43.4935068], [-3.6505241, 43.4942326], [-3.6507683, 43.4945058], [-3.6507844, 43.4948569], [-3.6500718, 43.4947169], [-3.6494855, 43.4948418], [-3.6488076, 43.4952814], [-3.6486145, 43.4957783], [-3.6483736, 43.4955306], [-3.6478508, 43.4957965], [-3.6468998, 43.4959261], [-3.6460188, 43.496239], [-3.6452663, 43.4970041], [-3.644659, 43.4980656], [-3.6448165, 43.4983163], [-3.6448267, 43.4987021], [-3.6434581, 43.498536], [-3.6433021, 43.4982248], [-3.6430867, 43.4985066], [-3.6426675, 43.4983073], [-3.6421342, 43.4977497], [-3.6410699, 43.4980661], [-3.6388282, 43.4978485], [-3.6377231, 43.4979201], [-3.6350403, 43.4968831], [-3.6338189, 43.4965126], [-3.6327706, 43.4967137], [-3.6314726, 43.4973647], [-3.6314891, 43.4971255], [-3.6312337, 43.4969002], [-3.6302247, 43.4966041], [-3.6293969, 43.4969962], [-3.6292009, 43.4971836], [-3.6286663, 43.4969224], [-3.6279169, 43.4970854], [-3.6274663, 43.4969002], [-3.6270335, 43.4969102], [-3.6261879, 43.4976594], [-3.6260863, 43.4980067], [-3.6258333, 43.4980666], [-3.6238892, 43.4978565], [-3.6232077, 43.498333], [-3.6230993, 43.4988585], [-3.6223557, 43.4999223], [-3.6220924, 43.4995862], [-3.6219652, 43.4987551], [-3.6217029, 43.4980923], [-3.6210256, 43.497848], [-3.6205242, 43.4977796], [-3.6196641, 43.4977284], [-3.6184751, 43.4978409], [-3.6183584, 43.4976795], [-3.6181538, 43.4979025], [-3.6175834, 43.4989334], [-3.6173231, 43.4988826], [-3.6172249, 43.4989956], [-3.6173991, 43.4992403], [-3.6174012, 43.4993658], [-3.6170503, 43.4991858], [-3.6170783, 43.4996588], [-3.6168268, 43.4999412], [-3.6165892, 43.4996584], [-3.6164867, 43.4997421], [-3.6167214, 43.5004069], [-3.6160084, 43.5009245], [-3.6156121, 43.5007924], [-3.6153605, 43.5005094], [-3.6152725, 43.500176], [-3.615046, 43.4999558], [-3.6148007, 43.4999747], [-3.6146686, 43.499786], [-3.6147441, 43.499547], [-3.6146246, 43.4992954], [-3.6144974, 43.4992555], [-3.614506, 43.4990747], [-3.6147775, 43.4985107], [-3.614746, 43.4983661], [-3.6148341, 43.4982088], [-3.6149599, 43.4981899], [-3.6149914, 43.497888], [-3.6152178, 43.497888], [-3.6153373, 43.4977811], [-3.6157839, 43.4968564], [-3.6147686, 43.4958907], [-3.614389, 43.495806], [-3.6142992, 43.4960715], [-3.614124, 43.4961334], [-3.6138375, 43.495954], [-3.6138519, 43.4958118], [-3.6135696, 43.4957769], [-3.6134383, 43.4962035], [-3.6131127, 43.4964694], [-3.6128324, 43.4965725], [-3.6126468, 43.4967909], [-3.6125479, 43.4973289], [-3.6126572, 43.4974752], [-3.6125747, 43.4976237], [-3.6120388, 43.4977205], [-3.6118018, 43.4978463], [-3.6117008, 43.4983471], [-3.6115029, 43.4987326], [-3.6115936, 43.498984], [-3.6114534, 43.49905], [-3.6116039, 43.4991716], [-3.6115915, 43.4993014], [-3.6114019, 43.4993509], [-3.6113262, 43.4998701], [-3.6107777, 43.5000277], [-3.6106235, 43.4999586], [-3.6107267, 43.5007359], [-3.6106342, 43.5011591], [-3.6101273, 43.5017165], [-3.6099328, 43.5016668], [-3.609902, 43.5018167], [-3.6097866, 43.5017923], [-3.6097544, 43.5019888], [-3.6095171, 43.5022447], [-3.6093923, 43.5025423], [-3.6091067, 43.5025822], [-3.6089981, 43.5028818], [-3.6087929, 43.5028332], [-3.6088626, 43.5029207], [-3.6087888, 43.5031639], [-3.6086722, 43.5031075], [-3.6084831, 43.5033877], [-3.6082484, 43.5034168], [-3.6081988, 43.5037223], [-3.6080781, 43.5037583], [-3.6079436, 43.503462], [-3.6076253, 43.5035402], [-3.60761, 43.5037466], [-3.6074477, 43.5038118], [-3.6072882, 43.5036892], [-3.6071031, 43.5038517], [-3.6071433, 43.5041192], [-3.6070628, 43.5043604], [-3.6067651, 43.5044139], [-3.6067115, 43.5046289], [-3.6065908, 43.5046357], [-3.6063802, 43.5052081], [-3.6059497, 43.505458], [-3.6057982, 43.5058759], [-3.6054616, 43.5061979], [-3.6050525, 43.5071346], [-3.6044396, 43.5080324], [-3.6041862, 43.5081637], [-3.6034191, 43.5088766], [-3.6032005, 43.5087405], [-3.602487, 43.5092986], [-3.6013619, 43.5093675], [-3.6007672, 43.5101012], [-3.6006819, 43.5098522], [-3.6004874, 43.5096372], [-3.600301, 43.50979], [-3.6000945, 43.5098094], [-3.5999751, 43.5096548], [-3.598976, 43.5100652], [-3.5985683, 43.5103648], [-3.5985157, 43.5107871], [-3.5986233, 43.5109785], [-3.598959, 43.5109559], [-3.5989996, 43.5113023], [-3.5988647, 43.5115076], [-3.5983385, 43.5113868], [-3.5980287, 43.5119557], [-3.597479, 43.5120531], [-3.5973459, 43.5123555], [-3.5967308, 43.5127125], [-3.5954372, 43.512631], [-3.5943975, 43.5122779], [-3.5939157, 43.5122877], [-3.592886, 43.5130677], [-3.5925105, 43.5128771], [-3.5923442, 43.5130988], [-3.5921404, 43.5129004], [-3.5917966, 43.5129426], [-3.5913987, 43.5133678], [-3.5911938, 43.5132968], [-3.5905847, 43.5137008], [-3.5900568, 43.5134153], [-3.5899235, 43.5134334], [-3.5898377, 43.51359], [-3.589607, 43.513519], [-3.5894112, 43.5137067], [-3.5893469, 43.5135199], [-3.589135, 43.5134266], [-3.5889405, 43.5135063], [-3.5888504, 43.5134035], [-3.5870845, 43.5133657], [-3.5864744, 43.5127133], [-3.5856137, 43.5126277], [-3.5847784, 43.5123776], [-3.584885, 43.5121573], [-3.5845477, 43.5121909], [-3.5842352, 43.5123261], [-3.5838456, 43.5123353], [-3.5837732, 43.5124248], [-3.5831369, 43.5126465], [-3.5824871, 43.5127988], [-3.5822082, 43.5127278], [-3.5821713, 43.5126519], [-3.5817891, 43.5126441], [-3.5819111, 43.5121773], [-3.5813405, 43.5122789], [-3.5811869, 43.5124126], [-3.5809281, 43.5123859], [-3.5808845, 43.5122269], [-3.580521, 43.5124355], [-3.5805472, 43.5123149], [-3.580458, 43.512419], [-3.5802897, 43.5123946], [-3.5803065, 43.5121408], [-3.5804151, 43.5120056], [-3.581897, 43.5110077], [-3.5821733, 43.5106595], [-3.5829773, 43.5101297], [-3.5828797, 43.510034], [-3.5823767, 43.5101641], [-3.5819363, 43.5100003], [-3.5818545, 43.5098046], [-3.5819623, 43.5092437], [-3.5815091, 43.5088829], [-3.5814991, 43.5087379], [-3.5811514, 43.5086836], [-3.5809017, 43.5085003], [-3.5807518, 43.5082138], [-3.5808399, 43.5081446], [-3.5806209, 43.5080791], [-3.5806399, 43.5079175], [-3.580932, 43.5075099], [-3.5810643, 43.5070354], [-3.5809862, 43.5069943], [-3.5809787, 43.5067171], [-3.5812661, 43.5065081], [-3.5814127, 43.5060548], [-3.5811327, 43.5059213], [-3.5811482, 43.5056092], [-3.5814213, 43.5056015], [-3.5812078, 43.5051124], [-3.5813161, 43.5050287], [-3.5804661, 43.5045411], [-3.5794695, 43.5044551], [-3.5802558, 43.5040924], [-3.582159, 43.5039027], [-3.5832935, 43.5035278], [-3.5841665, 43.5029741], [-3.5855145, 43.5016526], [-3.5861504, 43.500893], [-3.5864518, 43.5000811], [-3.5864496, 43.499856], [-3.5860817, 43.4989034], [-3.5861494, 43.4982277], [-3.5866455, 43.4970816], [-3.5867164, 43.4967391], [-3.5866394, 43.4964513], [-3.5861617, 43.4956524], [-3.5860956, 43.4952115], [-3.5861275, 43.494671], [-3.5866359, 43.4935249], [-3.5872479, 43.4928554], [-3.5887322, 43.4915872], [-3.5888412, 43.4913526], [-3.5889554, 43.4903705], [-3.589271, 43.4897566], [-3.5905891, 43.4879399], [-3.5911105, 43.4868657], [-3.5913795, 43.4865492], [-3.5919814, 43.4861319], [-3.5929538, 43.4856587], [-3.5934329, 43.485332], [-3.5942276, 43.4844005], [-3.59447, 43.483895], [-3.5945769, 43.4834442], [-3.5941864, 43.4827079], [-3.5938876, 43.4825023], [-3.5933678, 43.4824599], [-3.5927012, 43.4825804], [-3.5918482, 43.4826028], [-3.5912658, 43.4824798], [-3.5893119, 43.4824808], [-3.5890141, 43.4823742], [-3.5887252, 43.4819075], [-3.5892596, 43.4809053], [-3.5893664, 43.4804455], [-3.5893257, 43.4800765], [-3.5890629, 43.4797537], [-3.588689, 43.4794495], [-3.5882301, 43.4793077], [-3.5869945, 43.4794041], [-3.5857574, 43.4793473], [-3.5851748, 43.4791972], [-3.5846659, 43.4789927], [-3.5839308, 43.4784202], [-3.5837169, 43.4780341], [-3.583813, 43.4777364], [-3.585057, 43.4772349], [-3.5874174, 43.4758091], [-3.5876119, 43.475466], [-3.5876461, 43.4751687], [-3.5874696, 43.4748094], [-3.586882, 43.474146], [-3.5868174, 43.4738582], [-3.5870117, 43.4734881], [-3.5873175, 43.4731443], [-3.5874744, 43.4727473], [-3.5875075, 43.472333], [-3.586846, 43.471688], [-3.5867925, 43.4712651], [-3.5869597, 43.4693733], [-3.5865295, 43.468349], [-3.5863604, 43.4674764], [-3.5862174, 43.4654691], [-3.5859512, 43.4647861], [-3.5861061, 43.464182], [-3.5864359, 43.4637661], [-3.5869421, 43.4636915], [-3.5872148, 43.4637712], [-3.5875639, 43.4640756], [-3.5877718, 43.465128], [-3.5881203, 43.4653694], [-3.5890481, 43.4654366], [-3.5909727, 43.4650216], [-3.591268, 43.464876], [-3.5917194, 43.4642614], [-3.5917292, 43.4640002], [-3.5916017, 43.4635956], [-3.593522, 43.4627573], [-3.5960971, 43.4618796], [-3.6000289, 43.4606976], [-3.6071344, 43.4592106], [-3.6043454, 43.4534534], [-3.6047998, 43.4519112], [-3.6070035, 43.4497925], [-3.6074424, 43.4491869], [-3.6091431, 43.4462244], [-3.6099884, 43.4454816], [-3.6099148, 43.4430688], [-3.6099738, 43.4427893], [-3.6101681, 43.4424461], [-3.6100502, 43.4417804], [-3.6104016, 43.4410852], [-3.6104477, 43.4407518], [-3.6101915, 43.4398437], [-3.6089856, 43.4378781], [-3.6089453, 43.4375631], [-3.609417, 43.4365341], [-3.6089054, 43.434799], [-3.6088884, 43.4343308], [-3.6089947, 43.433844], [-3.6091641, 43.4334829], [-3.6093963, 43.4332296], [-3.6121213, 43.4326568], [-3.6142747, 43.4330055], [-3.6191722, 43.4334475], [-3.6260802, 43.4347518], [-3.6287861, 43.434737], [-3.6465854, 43.4399781], [-3.647284, 43.441766], [-3.6482463, 43.4427781], [-3.6493613, 43.4441946], [-3.6530321, 43.446533], [-3.6541029, 43.4472743], [-3.6550513, 43.4481244], [-3.6552203, 43.4500414], [-3.6551695, 43.4522118], [-3.6555641, 43.4567118], [-3.6523467, 43.4586931], [-3.6516233, 43.4592375], [-3.6510365, 43.4598531], [-3.650338, 43.4604243], [-3.6476983, 43.4621231], [-3.644136, 43.4630975], [-3.6435208, 43.4633711], [-3.639491, 43.4657527], [-3.6370855, 43.4686115], [-3.642625, 43.4721916], [-3.6471545, 43.4783973], [-3.6471066, 43.4820354], [-3.646765, 43.4836312], [-3.6466322, 43.4839381], [-3.6490984, 43.4844284], [-3.6499179, 43.4858916], [-3.6498173, 43.4869006], [-3.651027, 43.4889919], [-3.652448, 43.4911809], [-3.6527097, 43.4913595], [-3.6548441, 43.4922383]]]}, "properties": {"nombre": "Bareyo", "ine": "39011"}}, {"type": "Feature", "geometry": {"type": "Polygon", "coordinates": [[[-4.1265902, 43.2933531], [-4.1296109, 43.2987081], [-4.1287528, 43.3029757], [-4.1272305, 43.3053319], [-4.1266724, 43.3058237], [-4.125143, 43.306469], [-4.124828, 43.3067693], [-4.1246625, 43.3071581], [-4.1242885, 43.307603], [-4.1211485, 43.3098489], [-4.1209237, 43.3103643], [-4.1208463, 43.3108513], [-4.1208625, 43.3130753], [-4.1206668, 43.3138336], [-4.1202837, 43.3144587], [-4.1188251, 43.3149412], [-4.1181443, 43.3154791], [-4.1179788, 43.3158679], [-4.1180926, 43.3159579], [-4.1179975, 43.3168853], [-4.1181103, 43.3176585], [-4.1176913, 43.318347], [-4.1173523, 43.3186925], [-4.1163282, 43.3193418], [-4.1152417, 43.3199467], [-4.1142255, 43.3203528], [-4.1138024, 43.3208251], [-4.1137138, 43.3213752], [-4.1138044, 43.3222838], [-4.1136421, 43.3242034], [-4.1135109, 43.3244478], [-4.1126715, 43.3250863], [-4.1115071, 43.3261601], [-4.1098884, 43.3266801], [-4.1080696, 43.3277242], [-4.1076899, 43.3278719], [-4.1051933, 43.3282742], [-4.1046041, 43.328433], [-4.104018, 43.3287628], [-4.1027093, 43.3286944], [-4.1016541, 43.3290017], [-4.0975606, 43.3297794], [-4.0940515, 43.3301281], [-4.0935612, 43.3303039], [-4.0885429, 43.3331791], [-4.0885966, 43.3334217], [-4.0877942, 43.3354644], [-4.085685, 43.3375554], [-4.0802132, 43.3420464], [-4.08001, 43.3424175], [-4.0800814, 43.3429662], [-4.0742346, 43.3430301], [-4.0678946, 43.3459349], [-4.0655238, 43.3408874], [-4.0643095, 43.3405835], [-4.0629368, 43.3382731], [-4.0624157, 43.3352704], [-4.0586893, 43.3323784], [-4.0601311, 43.3294566], [-4.0641042, 43.328114], [-4.0642171, 43.3275187], [-4.0637112, 43.3275054], [-4.0635493, 43.3274168], [-4.06346, 43.3272466], [-4.0636732, 43.3267403], [-4.0640258, 43.3264489], [-4.0655032, 43.3255888], [-4.0656509, 43.324867], [-4.0673207, 43.3230235], [-4.0673135, 43.3226094], [-4.0669898, 43.3217299], [-4.0653901, 43.3191155], [-4.065246, 43.3186306], [-4.0653723, 43.3180981], [-4.0659257, 43.3173006], [-4.0663865, 43.3168551], [-4.0670812, 43.3163804], [-4.0679339, 43.3150757], [-4.0689359, 43.3131394], [-4.0690492, 43.3125711], [-4.069008, 43.3123283], [-4.0687301, 43.3119527], [-4.0687976, 43.3115829], [-4.0696601, 43.3101341], [-4.070575, 43.3088649], [-4.0707136, 43.3083323], [-4.0711942, 43.3076165], [-4.0719309, 43.3067361], [-4.0725326, 43.3051907], [-4.0731235, 43.3044378], [-4.0737478, 43.3030107], [-4.0739282, 43.3018189], [-4.0741607, 43.3010153], [-4.0741576, 43.3001419], [-4.0749334, 43.3000896], [-4.099636, 43.293687], [-4.1000444, 43.2937731], [-4.1009323, 43.2937916], [-4.1029327, 43.2932951], [-4.1050007, 43.2924468], [-4.1072523, 43.2922089], [-4.1081354, 43.2919663], [-4.1092958, 43.2920541], [-4.10973, 43.292203], [-4.1130618, 43.2923957], [-4.1134953, 43.2925086], [-4.1145798, 43.2931644], [-4.1153203, 43.2932112], [-4.1179188, 43.2937442], [-4.1189885, 43.294265], [-4.1192843, 43.2942621], [-4.1211331, 43.2935687], [-4.1222945, 43.2930441], [-4.1241024, 43.2928102], [-4.1251005, 43.2927914], [-4.1255096, 43.2929135], [-4.1262094, 43.2934289], [-4.1265902, 43.2933531]]]}, "properties": {"nombre": "Cartes", "ine": "39018"}}, {"type": "Feature", "geometry": {"type": "Polygon", "coordinates": [[[-3.9516959, 43.3318405], [-3.9432558, 43.3340624], [-3.9399031, 43.3350354], [-3.9347955, 43.3374185], [-3.933175, 43.3371255], [-3.9282145, 43.3386696], [-3.9252366, 43.3391709], [-3.9205172, 43.3419914], [-3.9165995, 43.3415456], [-3.9138985, 43.3416032], [-3.9085995, 43.3420145], [-3.9069618, 43.3422256], [-3.904193, 43.3418783], [-3.904303, 43.3381816], [-3.905261, 43.3325793], [-3.904524, 43.3315628], [-3.899769, 43.3297292], [-3.8982777, 43.3280828], [-3.896203, 43.3260257], [-3.8955979, 43.3248508], [-3.8954587, 43.3239496], [-3.8941613, 43.3207509], [-3.8928718, 43.3135392], [-3.8978542, 43.3093176], [-3.9014255, 43.3091333], [-3.9088626, 43.3108202], [-3.9142462, 43.3100109], [-3.9184266, 43.3077305], [-3.9241141, 43.3053946], [-3.9260614, 43.3041829], [-3.9198287, 43.292237], [-3.9314722, 43.2918548], [-3.9371299, 43.2950323], [-3.946003, 43.298021], [-3.9615696, 43.3055725], [-3.956136, 43.3074009], [-3.9555728, 43.3076577], [-3.9553296, 43.3078758], [-3.9551794, 43.3085164], [-3.955502, 43.3094322], [-3.955678, 43.3096468], [-3.9560487, 43.3096978], [-3.9577337, 43.3094226], [-3.9582911, 43.30958], [-3.9584308, 43.30984], [-3.9584415, 43.3105242], [-3.9579551, 43.3117439], [-3.9579076, 43.3126448], [-3.9582376, 43.3137406], [-3.9590949, 43.3152192], [-3.9591436, 43.3159662], [-3.9579585, 43.3190287], [-3.9575637, 43.3213822], [-3.9561918, 43.3251306], [-3.9559867, 43.3254205], [-3.9548684, 43.3264743], [-3.9547485, 43.3266914], [-3.9545748, 43.3282057], [-3.9540342, 43.3291286], [-3.9516959, 43.3318405]]]}, "properties": {"nombre": "Castañeda", "ine": "39019"}}, {"type": "Feature", "geometry": {"type": "Polygon", "coordinates": [[[-4.3531937, 43.050878], [-4.3540494, 43.0641051], [-4.3531332, 43.0704734], [-4.3506822, 43.0779303], [-4.3521606, 43.0804263], [-4.3535839, 43.0863483], [-4.3468236, 43.0913941], [-4.3455336, 43.0918776], [-4.3398529, 43.0979684], [-4.3340398, 43.0998805], [-4.3274042, 43.1036153], [-4.3284759, 43.1071418], [-4.3299052, 43.1101508], [-4.3278025, 43.115218], [-4.3288329, 43.1168269], [-4.3276812, 43.1192715], [-4.3277918, 43.1232504], [-4.3261463, 43.126178], [-4.3260282, 43.1269718], [-4.3267622, 43.1290794], [-4.3284258, 43.1292583], [-4.3311002, 43.1301277], [-4.3344554, 43.1328981], [-4.3347875, 43.1334706], [-4.3364552, 43.1394753], [-4.3354156, 43.138605], [-4.3339639, 43.1385679], [-4.3316748, 43.1390448], [-4.3266683, 43.141228], [-4.322548, 43.1423292], [-4.3200498, 43.1439519], [-4.3166441, 43.1445584], [-4.3148369, 43.1451555], [-4.3122061, 43.145771], [-4.3099516, 43.146157], [-4.308502, 43.1456513], [-4.3060964, 43.1429863], [-4.305689, 43.1417573], [-4.3034296, 43.1401712], [-4.3018059, 43.1384067], [-4.3015622, 43.1367706], [-4.3006742, 43.1360603], [-4.2994549, 43.1324812], [-4.2974012, 43.129551], [-4.2979026, 43.1288429], [-4.2982419, 43.1280286], [-4.2976831, 43.1266032], [-4.297927, 43.1247634], [-4.2972403, 43.1236816], [-4.296259, 43.1226212], [-4.2951499, 43.123075], [-4.2934859, 43.1240303], [-4.2912797, 43.1260993], [-4.2858501, 43.1268897], [-4.2796915, 43.1310469], [-4.2644219, 43.1316667], [-4.2627756, 43.1323242], [-4.2619735, 43.13218], [-4.2609696, 43.1323892], [-4.2588442, 43.1312689], [-4.2560506, 43.1293365], [-4.2555438, 43.1273971], [-4.2509705, 43.1231788], [-4.2493881, 43.1203236], [-4.2451456, 43.1160024], [-4.2421479, 43.1154677], [-4.240885, 43.1150131], [-4.2403554, 43.1143525], [-4.2402814, 43.1131196], [-4.2399653, 43.1126818], [-4.2376918, 43.1114817], [-4.2374805, 43.1107546], [-4.2325097, 43.1080347], [-4.232803, 43.1067258], [-4.2320959, 43.103942], [-4.2322522, 43.1031569], [-4.229623, 43.1013481], [-4.2287911, 43.1003035], [-4.2281126, 43.098942], [-4.22866, 43.09682], [-4.2285756, 43.0956683], [-4.2282275, 43.0948526], [-4.2282758, 43.0941947], [-4.2284802, 43.0933551], [-4.2279335, 43.0905874], [-4.2283414, 43.0900968], [-4.22901, 43.0897384], [-4.23246, 43.0896113], [-4.2333018, 43.0893141], [-4.2343571, 43.0874117], [-4.2343217, 43.0868718], [-4.2338683, 43.0863184], [-4.2331331, 43.0858041], [-4.2322291, 43.0848322], [-4.2318848, 43.0842056], [-4.2318704, 43.0834854], [-4.2320551, 43.0822767], [-4.2331617, 43.0817155], [-4.2333611, 43.0812451], [-4.23327, 43.0803726], [-4.2338373, 43.0798713], [-4.2346916, 43.0795919], [-4.2352112, 43.0791631], [-4.2358655, 43.0781025], [-4.2366488, 43.0779589], [-4.235557, 43.0755844], [-4.2353724, 43.0743438], [-4.2356505, 43.0735123], [-4.2361632, 43.0727414], [-4.2359215, 43.0704928], [-4.2355912, 43.069947], [-4.235448, 43.0683187], [-4.2342974, 43.0678988], [-4.2334598, 43.0677818], [-4.2329857, 43.0667964], [-4.2332811, 43.0662169], [-4.2334328, 43.0645944], [-4.2365952, 43.0655058], [-4.2394841, 43.0668613], [-4.2442246, 43.0717086], [-4.2487008, 43.0731817], [-4.2564144, 43.074376], [-4.2617462, 43.0756141], [-4.2637481, 43.0761954], [-4.2661962, 43.0751778], [-4.2688468, 43.0744551], [-4.2722651, 43.0746243], [-4.2764493, 43.0755953], [-4.2797418, 43.0756216], [-4.2837044, 43.0747938], [-4.2857723, 43.0738251], [-4.2871595, 43.0708469], [-4.2875027, 43.0684657], [-4.2886832, 43.0644273], [-4.2889049, 43.0609399], [-4.2894048, 43.0595925], [-4.2894592, 43.0575028], [-4.2897554, 43.0564008], [-4.2904809, 43.0546907], [-4.2915767, 43.0530755], [-4.291276, 43.0497344], [-4.2913982, 43.0491207], [-4.2903718, 43.0477223], [-4.2897008, 43.0471253], [-4.2920493, 43.0475052], [-4.2942773, 43.0470711], [-4.2959582, 43.0464308], [-4.2989089, 43.0467432], [-4.3012038, 43.0472754], [-4.3030965, 43.0479473], [-4.3090939, 43.0493737], [-4.3110973, 43.0494678], [-4.3117417, 43.0497486], [-4.3124571, 43.0499025], [-4.3142538, 43.050089], [-4.3147866, 43.050317], [-4.3154121, 43.0502828], [-4.3175408, 43.0493488], [-4.3207674, 43.0486543], [-4.3223002, 43.0484348], [-4.3232965, 43.047946], [-4.3282096, 43.0487303], [-4.3318402, 43.0496966], [-4.3314938, 43.0501419], [-4.3336315, 43.0519], [-4.3360518, 43.0530964], [-4.3368885, 43.0531767], [-4.3375602, 43.0535146], [-4.3383721, 43.0536456], [-4.3398147, 43.052224], [-4.3456513, 43.0512911], [-4.3461155, 43.0506192], [-4.3493352, 43.0529857], [-4.3531937, 43.050878]]]}, "properties": {"nombre": "Mancomunidad de Campoo-Cabuérniga", "ine": null}}, {"type": "Feature", "geometry": {"type": "Polygon", "coordinates": [[[-3.4350281, 43.377472], [-3.434426, 43.3778615], [-3.4333786, 43.3781266], [-3.4327636, 43.3784351], [-3.4319052, 43.3792487], [-3.4310192, 43.3796572], [-3.4302331, 43.3802184], [-3.4296179, 43.3805089], [-3.4287305, 43.3807103], [-3.4275581, 43.3807687], [-3.4243597, 43.3735228], [-3.4121171, 43.3738644], [-3.4070038, 43.3734143], [-3.4064492, 43.3735423], [-3.4048115, 43.3741424], [-3.4083397, 43.3756697], [-3.4109859, 43.3763537], [-3.4128294, 43.3769774], [-3.4146216, 43.3773132], [-3.4194403, 43.3779531], [-3.422593, 43.3804358], [-3.4233149, 43.3866193], [-3.4287501, 43.3905432], [-3.4267941, 43.3898031], [-3.4240662, 43.3916952], [-3.4191074, 43.3996103], [-3.4159909, 43.4007562], [-3.4106317, 43.4008115], [-3.4075724, 43.3957437], [-3.4063946, 43.3876077], [-3.4052835, 43.3838927], [-3.4029927, 43.3847382], [-3.4022469, 43.3820935], [-3.4052155, 43.3792286], [-3.3946375, 43.3737275], [-3.3927766, 43.3665031], [-3.3890515, 43.3626081], [-3.3969628, 43.35924], [-3.3986413, 43.3592612], [-3.4039326, 43.3588286], [-3.4082959, 43.3580298], [-3.4136577, 43.3589202], [-3.4176418, 43.3568257], [-3.4245187, 43.35554], [-3.4286019, 43.3553448], [-3.4308173, 43.356273], [-3.4296556, 43.3577811], [-3.4277196, 43.3597603], [-3.4272428, 43.3621573], [-3.4290825, 43.3622855], [-3.4298487, 43.3624268], [-3.4311358, 43.3629442], [-3.4326475, 43.363794], [-3.434477, 43.3642013], [-3.4355016, 43.3642335], [-3.4360243, 43.3648438], [-3.4363508, 43.365626], [-3.4365807, 43.3667147], [-3.4377525, 43.3683401], [-3.4378662, 43.3686998], [-3.4376953, 43.3689706], [-3.4362342, 43.3700477], [-3.4357813, 43.3705717], [-3.4356236, 43.3709595], [-3.4354976, 43.3723377], [-3.4348508, 43.3733666], [-3.4342182, 43.3746747], [-3.4340859, 43.3751614], [-3.4341406, 43.3759176], [-3.4346422, 43.3770233], [-3.4350281, 43.377472]]]}, "properties": {"nombre": "Limpias", "ine": "39038"}}, {"type": "Feature", "geometry": {"type": "Polygon", "coordinates": [[[-3.9605796, 43.0900327], [-3.9607477, 43.0905715], [-3.9595821, 43.0906804], [-3.9568895, 43.0913512], [-3.9533585, 43.0934337], [-3.9537091, 43.0946465], [-3.9536271, 43.0949083], [-3.9528782, 43.095743], [-3.9527239, 43.0968879], [-3.9527789, 43.0972656], [-3.9515825, 43.0977708], [-3.9508896, 43.0982628], [-3.9498354, 43.0992261], [-3.9476963, 43.1015581], [-3.9468325, 43.1029249], [-3.9468063, 43.1036185], [-3.9465807, 43.1041337], [-3.945951, 43.1047422], [-3.9457595, 43.1050769], [-3.9456583, 43.1056901], [-3.9457253, 43.1068512], [-3.9454094, 43.1102846], [-3.9445931, 43.1115521], [-3.9444416, 43.1120936], [-3.9442538, 43.1142743], [-3.9443189, 43.1145079], [-3.9453711, 43.115796], [-3.9454543, 43.1164076], [-3.945419, 43.1181098], [-3.9480242, 43.1220505], [-3.9488997, 43.1238172], [-3.9478963, 43.1257165], [-3.9482561, 43.1275235], [-3.9482233, 43.1285864], [-3.9484463, 43.129494], [-3.9492691, 43.131027], [-3.9497472, 43.1325269], [-3.949691, 43.1328695], [-3.9497302, 43.136201], [-3.9497962, 43.1364976], [-3.9506088, 43.1381568], [-3.9514784, 43.1411122], [-3.952085, 43.1421697], [-3.9518606, 43.1427659], [-3.9515038, 43.1443447], [-3.9532556, 43.1470767], [-3.9522381, 43.1488771], [-3.9518228, 43.149853], [-3.9505635, 43.1519256], [-3.9521855, 43.153416], [-3.9536555, 43.1546194], [-3.9408018, 43.161002], [-3.9059018, 43.1708462], [-3.9049637, 43.1723033], [-3.9040704, 43.173472], [-3.899898, 43.1725233], [-3.888772, 43.1705569], [-3.8871073, 43.1711461], [-3.8864137, 43.1716738], [-3.8743329, 43.1786462], [-3.87341, 43.1812377], [-3.873567, 43.1827583], [-3.8754647, 43.1846709], [-3.8693636, 43.1822409], [-3.8597359, 43.1792428], [-3.8598471, 43.1766396], [-3.8590648, 43.1734937], [-3.8583443, 43.1729949], [-3.8577317, 43.1722971], [-3.8566778, 43.1708371], [-3.8561931, 43.1704806], [-3.8571041, 43.1687628], [-3.8570983, 43.1674662], [-3.8573829, 43.1675811], [-3.8576581, 43.1679122], [-3.8582879, 43.1680786], [-3.8597113, 43.1678158], [-3.8604864, 43.167819], [-3.8610187, 43.1680581], [-3.8614567, 43.1685861], [-3.8618144, 43.169529], [-3.8619333, 43.1701134], [-3.8619138, 43.1704737], [-3.8614834, 43.1713685], [-3.8616459, 43.1715473], [-3.8632926, 43.1714179], [-3.8641417, 43.1714295], [-3.8659134, 43.1705607], [-3.868175, 43.171282], [-3.8686377, 43.1718098], [-3.86903, 43.1725812], [-3.8693629, 43.1726327], [-3.8705512, 43.1705346], [-3.8706327, 43.1702098], [-3.8705087, 43.1684007], [-3.8702498, 43.1674932], [-3.8702267, 43.166737], [-3.8695265, 43.1650674], [-3.8684364, 43.1627884], [-3.8707648, 43.1604295], [-3.8732511, 43.1588077], [-3.8744743, 43.1583302], [-3.8753898, 43.1578369], [-3.8760957, 43.1573093], [-3.8767342, 43.1563679], [-3.8767839, 43.1555391], [-3.8760922, 43.1536083], [-3.8764626, 43.1528491], [-3.8778614, 43.1508933], [-3.8787345, 43.1500222], [-3.8795677, 43.1489442], [-3.879723, 43.1486278], [-3.8798031, 43.148204], [-3.8793631, 43.1458211], [-3.8795695, 43.1439105], [-3.8794543, 43.1435962], [-3.8783673, 43.1423979], [-3.8781504, 43.1418502], [-3.8779336, 43.1404471], [-3.8776147, 43.1396391], [-3.8767971, 43.1383577], [-3.8767495, 43.1376017], [-3.8767705, 43.1356294], [-3.877298, 43.1338154], [-3.8780066, 43.1317749], [-3.8783788, 43.1311507], [-3.8790082, 43.1304525], [-3.8794165, 43.129774], [-3.8795225, 43.129449], [-3.8793447, 43.1281897], [-3.8777064, 43.1227993], [-3.8777316, 43.1219797], [-3.8775577, 43.1209905], [-3.8779956, 43.1198075], [-3.8778658, 43.1193222], [-3.8769903, 43.1182663], [-3.8759218, 43.1166086], [-3.8751238, 43.1149488], [-3.873581, 43.1136368], [-3.8727996, 43.1131385], [-3.8713885, 43.1124378], [-3.8697955, 43.1119096], [-3.8692873, 43.1116073], [-3.8676538, 43.1099538], [-3.867503, 43.1097118], [-3.8681643, 43.1086712], [-3.8698176, 43.1065155], [-3.8702598, 43.1056297], [-3.8705009, 43.1044302], [-3.8701841, 43.1037483], [-3.8695843, 43.1030504], [-3.8691417, 43.1021623], [-3.8687149, 43.1006617], [-3.868131, 43.1002069], [-3.8659577, 43.0994669], [-3.8645231, 43.0988114], [-3.8638904, 43.0983839], [-3.8624988, 43.0955398], [-3.8619226, 43.0947517], [-3.861276, 43.0942073], [-3.8552027, 43.0913171], [-3.8542407, 43.0910542], [-3.8521764, 43.09016], [-3.8503311, 43.0891021], [-3.8494253, 43.0884605], [-3.8479508, 43.0857699], [-3.8469614, 43.0843995], [-3.8507834, 43.0800399], [-3.8509128, 43.0796247], [-3.8509987, 43.0778321], [-3.8507176, 43.0770507], [-3.8499996, 43.0766508], [-3.8489315, 43.0758033], [-3.8468626, 43.0718474], [-3.8460157, 43.0709982], [-3.8407471, 43.0692539], [-3.8402382, 43.0688614], [-3.8396819, 43.0676948], [-3.8389445, 43.0667637], [-3.834715, 43.0646154], [-3.833741, 43.0642027], [-3.831769, 43.0638263], [-3.8333349, 43.0633737], [-3.8337254, 43.0631818], [-3.8339919, 43.0629097], [-3.8341104, 43.0625937], [-3.8342074, 43.0615934], [-3.8338206, 43.059327], [-3.83402, 43.0586322], [-3.8345035, 43.0580613], [-3.8426881, 43.0513018], [-3.844578, 43.0512249], [-3.8455933, 43.0509383], [-3.8482035, 43.0496673], [-3.8497576, 43.0483952], [-3.8498876, 43.048025], [-3.8498283, 43.0463955], [-3.8491504, 43.0444195], [-3.8489801, 43.0436463], [-3.8490243, 43.0432858], [-3.8494907, 43.0423818], [-3.8491539, 43.0411056], [-3.849638, 43.0405978], [-3.849866, 43.0402179], [-3.8507857, 43.0392475], [-3.851115, 43.039092], [-3.8542339, 43.0391409], [-3.8558079, 43.0393272], [-3.8565618, 43.0396908], [-3.8588406, 43.042006], [-3.8594618, 43.0425327], [-3.8606857, 43.0431358], [-3.8615121, 43.0434088], [-3.8644191, 43.0423423], [-3.8649088, 43.0422396], [-3.86692, 43.0438273], [-3.8705256, 43.0435479], [-3.8716349, 43.0438546], [-3.8730638, 43.0433214], [-3.8738729, 43.0432342], [-3.8750823, 43.0436753], [-3.875756, 43.0435621], [-3.8764479, 43.0430075], [-3.8771185, 43.0426782], [-3.8780848, 43.0424276], [-3.8780226, 43.0432296], [-3.8781299, 43.0438681], [-3.8778745, 43.0449056], [-3.8775554, 43.0457725], [-3.8788222, 43.0467894], [-3.8800706, 43.0473742], [-3.881348, 43.0482648], [-3.8824673, 43.0492648], [-3.8841256, 43.0501705], [-3.8863927, 43.0507113], [-3.8880229, 43.0513651], [-3.8924946, 43.0523659], [-3.8945138, 43.0527374], [-3.8966011, 43.0527301], [-3.8973144, 43.0528056], [-3.9082191, 43.0553582], [-3.9097396, 43.0560395], [-3.9131457, 43.0596685], [-3.9136737, 43.0604927], [-3.913924, 43.0616433], [-3.9145673, 43.0619534], [-3.9151711, 43.0620926], [-3.9197875, 43.0636586], [-3.9204921, 43.0639591], [-3.9223494, 43.0649707], [-3.9231091, 43.065676], [-3.9252094, 43.0681354], [-3.9280159, 43.068545], [-3.9295008, 43.0692804], [-3.9306152, 43.0690552], [-3.9321848, 43.0688894], [-3.9329749, 43.0691531], [-3.9415442, 43.0713163], [-3.9442176, 43.0702407], [-3.9450693, 43.0713143], [-3.9465063, 43.0729053], [-3.9513683, 43.0735675], [-3.9548703, 43.0760237], [-3.955798, 43.0764392], [-3.9566423, 43.0770175], [-3.9569054, 43.0773485], [-3.9574612, 43.0775419], [-3.9587302, 43.0777835], [-3.9589543, 43.0819239], [-3.9591505, 43.0826876], [-3.9595726, 43.0837557], [-3.9595403, 43.0840531], [-3.9592566, 43.0847669], [-3.959103, 43.0867402], [-3.958343, 43.0876381], [-3.9605796, 43.0900327]]]}, "properties": {"nombre": "Luena", "ine": "39039"}}, {"type": "Feature", "geometry": {"type": "Polygon", "coordinates": [[[-4.5477735, 43.2686868], [-4.5470449, 43.2686246], [-4.5464851, 43.2689023], [-4.5455783, 43.2691037], [-4.5437675, 43.2691281], [-4.541849, 43.2692801], [-4.5405868, 43.2695582], [-4.5382121, 43.269212], [-4.5377221, 43.2693266], [-4.5360065, 43.2701961], [-4.5355047, 43.2708241], [-4.5342326, 43.2736506], [-4.5334422, 43.2740754], [-4.5326724, 43.2753194], [-4.531139, 43.275601], [-4.5308067, 43.2761097], [-4.5299133, 43.2758696], [-4.529399, 43.2755073], [-4.5286735, 43.2760662], [-4.5277713, 43.2764565], [-4.5249611, 43.2774304], [-4.523513, 43.2781701], [-4.5224255, 43.27904], [-4.5220129, 43.2797929], [-4.5217132, 43.2806253], [-4.5209157, 43.280771], [-4.515748, 43.2821182], [-4.5153009, 43.28198], [-4.5148585, 43.2820309], [-4.5141586, 43.2826345], [-4.5134162, 43.2825182], [-4.5128631, 43.2825796], [-4.5117528, 43.2825402], [-4.5112418, 43.2828081], [-4.5096661, 43.2823877], [-4.5084369, 43.2825209], [-4.5082437, 43.2826856], [-4.5082614, 43.2829014], [-4.5072092, 43.2827172], [-4.506972, 43.2825943], [-4.5054604, 43.2827762], [-4.5040707, 43.2823983], [-4.503709, 43.282223], [-4.5030556, 43.2817183], [-4.5026072, 43.2815261], [-4.5020631, 43.2814522], [-4.5005922, 43.2807781], [-4.5000841, 43.2806677], [-4.4995237, 43.280432], [-4.4990527, 43.2803211], [-4.4973304, 43.2804517], [-4.497093, 43.2803197], [-4.4969145, 43.2800789], [-4.4964397, 43.279815], [-4.4960316, 43.2797573], [-4.4955938, 43.2799971], [-4.4935961, 43.2799512], [-4.4915482, 43.2803741], [-4.490533, 43.2806935], [-4.489693, 43.2806144], [-4.489056, 43.2807757], [-4.4885731, 43.280683], [-4.4881091, 43.2808601], [-4.4876253, 43.2807313], [-4.4872193, 43.2807636], [-4.4862275, 43.2810286], [-4.4827576, 43.2822802], [-4.4812628, 43.2821375], [-4.4791088, 43.2797161], [-4.4789211, 43.2790882], [-4.477864, 43.2776792], [-4.4775023, 43.2769905], [-4.4775263, 43.2759457], [-4.4772471, 43.2751028], [-4.4773482, 43.2746963], [-4.4771049, 43.273808], [-4.4764356, 43.2731413], [-4.4761133, 43.2725512], [-4.4736997, 43.2705832], [-4.4733818, 43.2701731], [-4.4731631, 43.2687712], [-4.4742473, 43.2677397], [-4.474964, 43.2673163], [-4.4751877, 43.2668812], [-4.4748521, 43.2657419], [-4.4743855, 43.2652977], [-4.4740403, 43.2647799], [-4.4737061, 43.2636946], [-4.4732624, 43.2631781], [-4.4725386, 43.2628002], [-4.4714532, 43.2627511], [-4.4696313, 43.2628196], [-4.4691591, 43.2626545], [-4.4683699, 43.2621154], [-4.468086, 43.262092], [-4.4673519, 43.2623085], [-4.4668104, 43.2623335], [-4.4663486, 43.2620873], [-4.4662533, 43.2617103], [-4.4663291, 43.2602506], [-4.463921, 43.2605335], [-4.4623161, 43.2609142], [-4.4609991, 43.2609671], [-4.4593076, 43.2608176], [-4.458073, 43.2612295], [-4.4575077, 43.2612907], [-4.4550028, 43.2611335], [-4.4523751, 43.2604735], [-4.4505862, 43.2603701], [-4.4505088, 43.2597048], [-4.4504394, 43.2541858], [-4.4501821, 43.250092], [-4.4500858, 43.24967], [-4.4488182, 43.247642], [-4.4485812, 43.2469967], [-4.4478503, 43.2437012], [-4.4472834, 43.2426458], [-4.4473593, 43.2422126], [-4.447758, 43.2418834], [-4.4479518, 43.2412236], [-4.4493848, 43.2398458], [-4.4496232, 43.2395096], [-4.4495628, 43.2390421], [-4.449733, 43.2384277], [-4.4496942, 43.2367893], [-4.449495, 43.2361795], [-4.4492247, 43.2356877], [-4.4489546, 43.2346826], [-4.449315, 43.232742], [-4.4494201, 43.231462], [-4.4493693, 43.2308774], [-4.4489982, 43.2302878], [-4.4478812, 43.2294014], [-4.4471347, 43.2290777], [-4.446621, 43.228706], [-4.4462262, 43.2281527], [-4.446487, 43.2272039], [-4.4464916, 43.2263574], [-4.4462531, 43.22356], [-4.4482565, 43.220284], [-4.4483816, 43.2198502], [-4.4482441, 43.2192396], [-4.4479346, 43.2186492], [-4.4466801, 43.2171433], [-4.4465253, 43.2163258], [-4.4468224, 43.2158718], [-4.4482531, 43.214422], [-4.4491716, 43.2131767], [-4.4498411, 43.2118175], [-4.4504034, 43.2095682], [-4.4521585, 43.2062322], [-4.4525394, 43.2056871], [-4.4543405, 43.2042955], [-4.454941, 43.2036666], [-4.4554422, 43.2030029], [-4.4559232, 43.2020062], [-4.455949, 43.2015377], [-4.4556436, 43.2011183], [-4.4531047, 43.1983861], [-4.4536689, 43.1977847], [-4.4543079, 43.196705], [-4.4548532, 43.1963469], [-4.4559128, 43.1958742], [-4.4561861, 43.1954655], [-4.4563358, 43.1950313], [-4.4579862, 43.1935336], [-4.458835, 43.1930005], [-4.4607537, 43.1914002], [-4.4623009, 43.1907411], [-4.4626154, 43.190512], [-4.4633431, 43.1890349], [-4.4638998, 43.1886406], [-4.4658391, 43.1879134], [-4.4687714, 43.1860028], [-4.4695747, 43.1856323], [-4.4709305, 43.1852097], [-4.4714479, 43.1842125], [-4.4717373, 43.1839657], [-4.472985, 43.1836525], [-4.476408, 43.1816993], [-4.4769403, 43.1813233], [-4.4772858, 43.1808506], [-4.4774801, 43.1802357], [-4.4780862, 43.1793455], [-4.479401, 43.1777436], [-4.4808792, 43.176797], [-4.4821195, 43.1756824], [-4.4825145, 43.175227], [-4.4827842, 43.1746743], [-4.483409, 43.172532], [-4.4835324, 43.1715309], [-4.4832786, 43.1696882], [-4.4820681, 43.1674527], [-4.4821006, 43.1667589], [-4.4814052, 43.1634362], [-4.4818338, 43.1597927], [-4.484061, 43.1572875], [-4.486362, 43.1573207], [-4.4897695, 43.1593655], [-4.4919402, 43.1616245], [-4.4957112, 43.1619084], [-4.4972553, 43.1621764], [-4.499811, 43.1630614], [-4.5022383, 43.1667395], [-4.5031583, 43.1671327], [-4.5045994, 43.1672038], [-4.5052183, 43.1673577], [-4.5062764, 43.1678661], [-4.5065932, 43.1682401], [-4.5071537, 43.1685209], [-4.5085643, 43.169853], [-4.5091769, 43.1702502], [-4.5093935, 43.1705535], [-4.5117575, 43.1721251], [-4.5121922, 43.1722905], [-4.5122987, 43.1731175], [-4.5124999, 43.1737902], [-4.5128591, 43.1743888], [-4.5134233, 43.1748135], [-4.5148806, 43.1755326], [-4.515544, 43.1764874], [-4.5158243, 43.1773751], [-4.5164227, 43.1781866], [-4.5180078, 43.1790931], [-4.5184734, 43.1800054], [-4.5185185, 43.180338], [-4.5186746, 43.1806781], [-4.5199138, 43.1820214], [-4.5209142, 43.1836559], [-4.5213986, 43.1853244], [-4.5224803, 43.1882455], [-4.5231811, 43.1921803], [-4.5237064, 43.1930107], [-4.525116, 43.1957474], [-4.5248719, 43.198299], [-4.5247765, 43.2018841], [-4.5244166, 43.2037439], [-4.5240804, 43.2045768], [-4.5235876, 43.2080231], [-4.5238994, 43.2091716], [-4.525686, 43.2181254], [-4.5265, 43.2216354], [-4.5277497, 43.2297679], [-4.5276763, 43.2317589], [-4.5335437, 43.2388481], [-4.5336384, 43.243115], [-4.53398, 43.2478919], [-4.5389101, 43.2499598], [-4.5425448, 43.2582851], [-4.5448888, 43.2627918], [-4.5477735, 43.2686868]]]}, "properties": {"nombre": "Lamasón", "ine": "39034"}}, {"type": "Feature", "geometry": {"type": "MultiPolygon", "coordinates": [[[[-3.4627422, 43.403627], [-3.4610959, 43.4111744], [-3.4586416, 43.4167257], [-3.4577799, 43.4222505], [-3.4570417, 43.4324422], [-3.4571097, 43.4348897], [-3.4549539, 43.4364681], [-3.4539919, 43.4369209], [-3.4521746, 43.4375289], [-3.4508028, 43.4377683], [-3.4514726, 43.4356169], [-3.4506556, 43.4350403], [-3.4477539, 43.4316196], [-3.4458656, 43.4289394], [-3.4450717, 43.4272408], [-3.4445782, 43.4250434], [-3.4426255, 43.4227214], [-3.440351, 43.4209135], [-3.4352717, 43.4162189], [-3.4303798, 43.4133897], [-3.4293016, 43.412869], [-3.4282159, 43.4125749], [-3.4264407, 43.4122511], [-3.424379, 43.412127], [-3.4212771, 43.4124778], [-3.420585, 43.4126493], [-3.4200265, 43.4128856], [-3.4190632, 43.4134646], [-3.4186409, 43.4138674], [-3.4181914, 43.4146035], [-3.4182373, 43.4147831], [-3.4197613, 43.4150761], [-3.4200351, 43.4150107], [-3.4201828, 43.4150782], [-3.4202548, 43.4152389], [-3.4201746, 43.416098], [-3.4197919, 43.4170977], [-3.4182996, 43.4181188], [-3.4180154, 43.417889], [-3.4180954, 43.4178368], [-3.4181668, 43.4178945], [-3.4195718, 43.4169531], [-3.4198994, 43.4160049], [-3.4199554, 43.4152077], [-3.4180615, 43.414828], [-3.4173522, 43.4146004], [-3.4155818, 43.4138752], [-3.4156357, 43.4137942], [-3.414114, 43.413297], [-3.4140767, 43.4141895], [-3.4164761, 43.4151199], [-3.4165122, 43.4151933], [-3.4160112, 43.4152977], [-3.4158185, 43.4179087], [-3.4157237, 43.4179045], [-3.4156889, 43.4184091], [-3.4181021, 43.4184979], [-3.418088, 43.418707], [-3.4161799, 43.4186324], [-3.4161511, 43.4190466], [-3.4148879, 43.4189985], [-3.4148473, 43.4195281], [-3.4152236, 43.4195729], [-3.4148449, 43.4195593], [-3.4148387, 43.4196399], [-3.4152137, 43.4196843], [-3.4148363, 43.4196715], [-3.4148228, 43.4198475], [-3.4161952, 43.4200502], [-3.417171, 43.4199915], [-3.4178109, 43.4198685], [-3.4185596, 43.4196068], [-3.4191339, 43.4191775], [-3.4194302, 43.4186649], [-3.4191474, 43.4186255], [-3.419123, 43.41847], [-3.4192346, 43.4183211], [-3.4197167, 43.418256], [-3.4198429, 43.4183022], [-3.4199699, 43.4185065], [-3.4199204, 43.4187567], [-3.4196653, 43.4192095], [-3.4191442, 43.4197271], [-3.4182832, 43.4201228], [-3.4167256, 43.4203859], [-3.4155147, 43.4203585], [-3.4144474, 43.4201014], [-3.4135613, 43.4196238], [-3.4125585, 43.4187015], [-3.412218, 43.4188579], [-3.4123511, 43.4190263], [-3.4121344, 43.4190706], [-3.4116618, 43.4189191], [-3.4116269, 43.4190672], [-3.4112982, 43.4191364], [-3.4112418, 43.4190666], [-3.4113037, 43.4188616], [-3.4110952, 43.4190188], [-3.4110466, 43.4189424], [-3.411179, 43.4187428], [-3.4111351, 43.418697], [-3.411434, 43.4185732], [-3.4112475, 43.4182968], [-3.411348, 43.4183415], [-3.4115464, 43.4181096], [-3.4115397, 43.4180336], [-3.4114325, 43.4180066], [-3.4113446, 43.4172878], [-3.4116789, 43.4167799], [-3.4112125, 43.416003], [-3.4109604, 43.4158121], [-3.410729, 43.4157239], [-3.4095375, 43.4157235], [-3.4095066, 43.415629], [-3.4092262, 43.4155328], [-3.4087811, 43.4156114], [-3.4083948, 43.4155666], [-3.4083278, 43.4156465], [-3.4073677, 43.4156325], [-3.407094, 43.4155364], [-3.4068691, 43.4153326], [-3.4066189, 43.4154101], [-3.4063295, 43.4152861], [-3.4061767, 43.4153357], [-3.4059269, 43.4150297], [-3.4053127, 43.4149555], [-3.4049304, 43.4150424], [-3.4044104, 43.4148145], [-3.4039651, 43.4151358], [-3.4035374, 43.4152724], [-3.4030474, 43.41533], [-3.4024684, 43.4152244], [-3.4017899, 43.4152374], [-3.4016846, 43.4154645], [-3.4012452, 43.4156353], [-3.4006882, 43.4160701], [-3.4006631, 43.4162742], [-3.4012183, 43.4168743], [-3.4012749, 43.4170454], [-3.4011131, 43.4170813], [-3.400002, 43.4164161], [-3.3997836, 43.4164453], [-3.3995424, 43.4165497], [-3.3993707, 43.4167367], [-3.3994215, 43.4172188], [-3.3992672, 43.4177086], [-3.3988901, 43.4174719], [-3.3988609, 43.4172149], [-3.398767, 43.4171564], [-3.3989629, 43.4169421], [-3.3988771, 43.4168221], [-3.3984498, 43.4167168], [-3.3983057, 43.4167707], [-3.3979967, 43.4166785], [-3.3977532, 43.4167395], [-3.3972544, 43.4170637], [-3.3964312, 43.4168099], [-3.3961868, 43.4168135], [-3.395948, 43.4169246], [-3.3957576, 43.4169051], [-3.3956047, 43.4170493], [-3.3953506, 43.4170673], [-3.3952876, 43.417041], [-3.3953667, 43.4169728], [-3.3950817, 43.4169967], [-3.3948193, 43.41688], [-3.3942153, 43.4171228], [-3.39399, 43.417018], [-3.3938586, 43.4167984], [-3.3936799, 43.4162147], [-3.3933124, 43.41595], [-3.3930553, 43.4159061], [-3.3929587, 43.4160893], [-3.3927173, 43.4160854], [-3.3918483, 43.416325], [-3.3916149, 43.4162997], [-3.391403, 43.4164653], [-3.39101, 43.4165475], [-3.3909283, 43.4164107], [-3.3905307, 43.4164656], [-3.3904267, 43.4166352], [-3.3900029, 43.4167595], [-3.389115, 43.4172312], [-3.3880024, 43.4170955], [-3.3873778, 43.4171806], [-3.3870915, 43.4168531], [-3.3871061, 43.416777], [-3.3872027, 43.4167692], [-3.3871595, 43.4166301], [-3.3869372, 43.4164205], [-3.386477, 43.4162636], [-3.3861888, 43.4164088], [-3.3859034, 43.4162633], [-3.3851087, 43.4165645], [-3.3841557, 43.4163854], [-3.3829742, 43.4160004], [-3.3821838, 43.4153978], [-3.3833645, 43.4126025], [-3.3917465, 43.406082], [-3.3920344, 43.4028303], [-3.3926834, 43.3981277], [-3.3917798, 43.3920077], [-3.3932952, 43.3895622], [-3.3968324, 43.3866866], [-3.4022469, 43.3820935], [-3.4029927, 43.3847382], [-3.4052835, 43.3838927], [-3.4063946, 43.3876077], [-3.4075724, 43.3957437], [-3.4106317, 43.4008115], [-3.4159909, 43.4007562], [-3.4191074, 43.3996103], [-3.4240662, 43.3916952], [-3.4267941, 43.3898031], [-3.4287501, 43.3905432], [-3.4308226, 43.3920393], [-3.431313, 43.3932981], [-3.433366, 43.3937586], [-3.4351511, 43.3947424], [-3.4377134, 43.3956241], [-3.438751, 43.3956742], [-3.4400332, 43.3953902], [-3.4475286, 43.3994776], [-3.4506662, 43.4008293], [-3.451115, 43.4008691], [-3.4529124, 43.4020847], [-3.4627422, 43.403627]]], [[[-3.409177, 43.4174251], [-3.4086806, 43.4172009], [-3.4087335, 43.4170994], [-3.4086275, 43.4168793], [-3.4088721, 43.4169056], [-3.4089145, 43.4171131], [-3.409177, 43.4174251]]], [[[-3.410089, 43.4180315], [-3.4105092, 43.4181937], [-3.4104113, 43.4184625], [-3.4101815, 43.4185487], [-3.4101921, 43.4183506], [-3.4103295, 43.4182168], [-3.4100729, 43.4180831], [-3.410089, 43.4180315]]]]}, "properties": {"nombre": "Laredo", "ine": "39035"}}, {"type": "Feature", "geometry": {"type": "Polygon", "coordinates": [[[-3.4022469, 43.3820935], [-3.3968324, 43.3866866], [-3.3932952, 43.3895622], [-3.3917798, 43.3920077], [-3.3926834, 43.3981277], [-3.3920344, 43.4028303], [-3.3917465, 43.406082], [-3.3833645, 43.4126025], [-3.3821838, 43.4153978], [-3.3818198, 43.4151038], [-3.3812574, 43.4150543], [-3.3807583, 43.4152289], [-3.3804987, 43.4155881], [-3.3782982, 43.4160093], [-3.3763657, 43.4160043], [-3.3756229, 43.4157231], [-3.3753488, 43.4157555], [-3.3745375, 43.4159968], [-3.3736978, 43.4160427], [-3.3725998, 43.4166586], [-3.3716869, 43.4168569], [-3.37088, 43.4159063], [-3.3699526, 43.4154575], [-3.3703169, 43.415002], [-3.370176, 43.4147908], [-3.3705359, 43.4144611], [-3.3706696, 43.4134995], [-3.3708827, 43.4132555], [-3.3706573, 43.4130483], [-3.3695992, 43.4125704], [-3.3693308, 43.4128405], [-3.3691778, 43.4128782], [-3.3685265, 43.4126756], [-3.3679523, 43.412691], [-3.3665031, 43.4120428], [-3.3656929, 43.4118429], [-3.3645548, 43.4119545], [-3.3636215, 43.4124464], [-3.3630714, 43.4123671], [-3.3627968, 43.4129416], [-3.3624097, 43.4122179], [-3.3621743, 43.4120971], [-3.3619092, 43.412179], [-3.3613137, 43.4117306], [-3.3610233, 43.4117162], [-3.3584618, 43.4119585], [-3.3578219, 43.412363], [-3.3569958, 43.412359], [-3.3567109, 43.412479], [-3.3565832, 43.412808], [-3.3557, 43.4128044], [-3.3548697, 43.4133833], [-3.3532016, 43.4137234], [-3.3529503, 43.4140574], [-3.3521426, 43.4138482], [-3.3515934, 43.4139426], [-3.3506521, 43.4134792], [-3.3503742, 43.4135007], [-3.3499073, 43.4139316], [-3.3495742, 43.4140002], [-3.3490573, 43.4136848], [-3.3488253, 43.4137143], [-3.3479397, 43.4142709], [-3.3472998, 43.4152119], [-3.346317, 43.4157344], [-3.3458387, 43.4157276], [-3.3452699, 43.4152079], [-3.3448187, 43.4157504], [-3.3440735, 43.4161285], [-3.3432351, 43.4161805], [-3.3421154, 43.415978], [-3.3403725, 43.4151985], [-3.3397028, 43.4147098], [-3.3388928, 43.413429], [-3.3386182, 43.4133695], [-3.3378388, 43.4127028], [-3.3374, 43.4126392], [-3.3368981, 43.4124499], [-3.3360998, 43.4126222], [-3.3355198, 43.4130228], [-3.335631, 43.413254], [-3.3356386, 43.4135359], [-3.3363115, 43.4139183], [-3.3363722, 43.4142995], [-3.3361887, 43.414409], [-3.336126, 43.4145448], [-3.3355614, 43.4145238], [-3.3356943, 43.4146766], [-3.3352584, 43.414602], [-3.3295115, 43.4104623], [-3.3275737, 43.4048617], [-3.3283974, 43.3987515], [-3.3285186, 43.3971352], [-3.3280322, 43.3949002], [-3.3274378, 43.3915488], [-3.324607, 43.3868771], [-3.3303744, 43.3871578], [-3.3331189, 43.3878072], [-3.3385802, 43.3840813], [-3.3478815, 43.3805687], [-3.3520957, 43.377053], [-3.3533062, 43.3729071], [-3.3527476, 43.3680643], [-3.3542087, 43.3667451], [-3.3668898, 43.3573856], [-3.3718569, 43.3563971], [-3.3803642, 43.3611689], [-3.3890515, 43.3626081], [-3.3927766, 43.3665031], [-3.3946375, 43.3737275], [-3.4052155, 43.3792286], [-3.4022469, 43.3820935]]]}, "properties": {"nombre": "Liendo", "ine": "39036"}}, {"type": "Feature", "geometry": {"type": "Polygon", "coordinates": [[[-3.8075993, 43.3705754], [-3.7925306, 43.3759636], [-3.7785124, 43.3789468], [-3.7786443, 43.3729512], [-3.771259, 43.3657095], [-3.767281, 43.3633749], [-3.76656, 43.3633046], [-3.7612544, 43.3602216], [-3.7536217, 43.3598463], [-3.7455557, 43.3580393], [-3.741722, 43.3564078], [-3.7398863, 43.3549744], [-3.7381138, 43.3540759], [-3.7332314, 43.3558112], [-3.7253543, 43.3544439], [-3.7249611, 43.3541962], [-3.7249147, 43.3535727], [-3.7246616, 43.3532984], [-3.7242397, 43.353086], [-3.7242737, 43.3527811], [-3.7239638, 43.3522966], [-3.7235905, 43.3519581], [-3.7230513, 43.3512322], [-3.7225599, 43.3507565], [-3.7223628, 43.350663], [-3.7220452, 43.350053], [-3.723459, 43.3484164], [-3.7260909, 43.3491968], [-3.7271203, 43.3500029], [-3.7275407, 43.3501482], [-3.7282216, 43.3502078], [-3.7284479, 43.3501451], [-3.7284765, 43.3490632], [-3.7288636, 43.3487141], [-3.7303344, 43.3483911], [-3.7323094, 43.3474005], [-3.7325945, 43.3470775], [-3.7333189, 43.3445364], [-3.7345646, 43.3365824], [-3.7344017, 43.3314366], [-3.7338714, 43.3312793], [-3.7329794, 43.3307462], [-3.7320167, 43.3297785], [-3.7314042, 43.329441], [-3.7307772, 43.329351], [-3.7298927, 43.3290761], [-3.7295235, 43.3288446], [-3.7295791, 43.3285265], [-3.7292121, 43.3284686], [-3.7283275, 43.3279135], [-3.7280847, 43.3275575], [-3.7272605, 43.3280232], [-3.7256936, 43.3279586], [-3.7239677, 43.3283571], [-3.7241899, 43.3280668], [-3.7235875, 43.3275848], [-3.7234872, 43.3273133], [-3.7231793, 43.3270967], [-3.7213318, 43.3274187], [-3.7203071, 43.3274303], [-3.7189588, 43.3230008], [-3.7191346, 43.3217115], [-3.7195314, 43.3212635], [-3.718545, 43.3193893], [-3.7167787, 43.3200275], [-3.716145, 43.319992], [-3.7157244, 43.3196722], [-3.7153367, 43.3195171], [-3.7150362, 43.3195038], [-3.7142158, 43.3198507], [-3.7134238, 43.3198921], [-3.7129227, 43.3197117], [-3.7119162, 43.318563], [-3.7099452, 43.3166483], [-3.7114602, 43.3156877], [-3.714037, 43.3137175], [-3.7156152, 43.3138067], [-3.7160703, 43.3136472], [-3.7166661, 43.3136911], [-3.7173049, 43.3135739], [-3.7175351, 43.3133971], [-3.7179695, 43.3132304], [-3.7180353, 43.3131239], [-3.719307, 43.3127599], [-3.7200998, 43.3128182], [-3.7204917, 43.3124307], [-3.7206017, 43.3121616], [-3.720941, 43.3119389], [-3.72289, 43.3118471], [-3.7238113, 43.3113678], [-3.7245875, 43.3111631], [-3.7246108, 43.311374], [-3.7250823, 43.3116748], [-3.7255306, 43.3119146], [-3.7261611, 43.3121], [-3.7269038, 43.3121055], [-3.7276357, 43.3119454], [-3.7279286, 43.311562], [-3.728393, 43.3114524], [-3.7297992, 43.3104665], [-3.7299261, 43.3100801], [-3.7300754, 43.3099211], [-3.7308835, 43.3098305], [-3.7317466, 43.3099058], [-3.7324962, 43.3101429], [-3.7330039, 43.3101234], [-3.7335982, 43.3098436], [-3.7336595, 43.3096547], [-3.7342297, 43.3090255], [-3.7345408, 43.309112], [-3.7352867, 43.3096373], [-3.7360976, 43.3100286], [-3.7376192, 43.3106358], [-3.7395626, 43.3103896], [-3.739831, 43.3102736], [-3.7400452, 43.3100078], [-3.7400306, 43.3095977], [-3.7402508, 43.3091619], [-3.7408234, 43.3087182], [-3.7410688, 43.3083672], [-3.7416593, 43.306103], [-3.7417657, 43.3050985], [-3.7426356, 43.3043376], [-3.743279, 43.3032608], [-3.7432796, 43.3030016], [-3.743445, 43.3028002], [-3.7441415, 43.302578], [-3.7447396, 43.3020858], [-3.744822, 43.3018864], [-3.7447415, 43.3014945], [-3.7445427, 43.3012053], [-3.7447381, 43.3009433], [-3.7455241, 43.3007867], [-3.748334, 43.2995737], [-3.7619086, 43.2954097], [-3.7667638, 43.2919311], [-3.7691815, 43.293011], [-3.7703347, 43.2936523], [-3.7717478, 43.2940813], [-3.7730002, 43.2952223], [-3.7737301, 43.295757], [-3.7744101, 43.2960923], [-3.7759445, 43.2966859], [-3.7785328, 43.2974534], [-3.7764138, 43.3012402], [-3.7773464, 43.3047728], [-3.7782865, 43.3069456], [-3.7777904, 43.3076873], [-3.7752161, 43.315692], [-3.7754198, 43.3181399], [-3.7759167, 43.3193972], [-3.7782697, 43.3211282], [-3.7789819, 43.3276518], [-3.7810488, 43.3291686], [-3.7836542, 43.3303394], [-3.7870769, 43.3317477], [-3.7879044, 43.3318321], [-3.788971, 43.332275], [-3.7897451, 43.3329901], [-3.7899974, 43.3334206], [-3.7898903, 43.3337275], [-3.7895851, 43.3358817], [-3.7941117, 43.3377144], [-3.795571, 43.338938], [-3.7964534, 43.3403726], [-3.7966888, 43.342343], [-3.797746, 43.342993], [-3.7982485, 43.3436829], [-3.7982777, 43.3468614], [-3.8008419, 43.3504454], [-3.8021853, 43.3540829], [-3.8030868, 43.3541307], [-3.8069666, 43.3563726], [-3.8072786, 43.3566406], [-3.8082228, 43.3580476], [-3.8071948, 43.3605672], [-3.8060749, 43.3645462], [-3.8075993, 43.3705754]]]}, "properties": {"nombre": "Liérganes", "ine": "39037"}}, {"type": "Feature", "geometry": {"type": "Polygon", "coordinates": [[[-3.3718569, 43.3563971], [-3.3668898, 43.3573856], [-3.3542087, 43.3667451], [-3.3527476, 43.3680643], [-3.3533062, 43.3729071], [-3.3520957, 43.377053], [-3.3478815, 43.3805687], [-3.3385802, 43.3840813], [-3.3331189, 43.3878072], [-3.3303744, 43.3871578], [-3.324607, 43.3868771], [-3.3183075, 43.3863274], [-3.3154431, 43.383931], [-3.3146477, 43.3829157], [-3.3140529, 43.3824671], [-3.3133224, 43.3820548], [-3.3126917, 43.3818585], [-3.3096023, 43.3812635], [-3.3049059, 43.3802135], [-3.3040516, 43.3797115], [-3.3005814, 43.3769562], [-3.2997273, 43.3764632], [-3.2987627, 43.3761145], [-3.2982072, 43.376116], [-3.2971589, 43.3763168], [-3.2960873, 43.3768058], [-3.2941066, 43.3782066], [-3.2929115, 43.3787049], [-3.2909885, 43.3792951], [-3.2899771, 43.3794777], [-3.2885472, 43.3799226], [-3.2915155, 43.37589], [-3.291698, 43.3753313], [-3.2916471, 43.3749982], [-3.2909748, 43.3737933], [-3.2923662, 43.3730694], [-3.2925997, 43.3728527], [-3.2928079, 43.372519], [-3.2930757, 43.3717169], [-3.2933334, 43.3714101], [-3.2934057, 43.3710497], [-3.2933771, 43.3702123], [-3.2930534, 43.3696279], [-3.2910807, 43.3674988], [-3.2906813, 43.3665633], [-3.2828075, 43.3613422], [-3.2799938, 43.3586658], [-3.2797928, 43.3551634], [-3.2802601, 43.3548111], [-3.2803579, 43.3546128], [-3.280085, 43.3515969], [-3.2805701, 43.3497317], [-3.2799374, 43.3489859], [-3.2795013, 43.3480595], [-3.2794009, 43.3476815], [-3.2794362, 43.3473122], [-3.2805514, 43.3456436], [-3.280538, 43.3454006], [-3.2799293, 43.3444926], [-3.2797664, 43.3439527], [-3.2778229, 43.3425257], [-3.2769695, 43.3420595], [-3.2766971, 43.341844], [-3.2766712, 43.3415739], [-3.2773831, 43.3407618], [-3.2776384, 43.3399057], [-3.2779566, 43.3393467], [-3.2793428, 43.3376144], [-3.2794144, 43.337092], [-3.2792641, 43.3365791], [-3.2784583, 43.3357076], [-3.2762701, 43.3346683], [-3.2760102, 43.3344798], [-3.2755754, 43.3338055], [-3.2751912, 43.3334103], [-3.2744, 43.333025], [-3.27356, 43.3327568], [-3.2720639, 43.331968], [-3.2712735, 43.3317627], [-3.2687069, 43.3315707], [-3.2678791, 43.3312575], [-3.2659256, 43.3302265], [-3.2648767, 43.3301299], [-3.260004, 43.330033], [-3.2585443, 43.3290638], [-3.2574549, 43.3281208], [-3.2559721, 43.3271046], [-3.2555256, 43.3269005], [-3.2534652, 43.326752], [-3.2510975, 43.3268832], [-3.2506036, 43.3267582], [-3.2492656, 43.3253114], [-3.2484124, 43.324782], [-3.2458419, 43.3235359], [-3.2447184, 43.3232502], [-3.2423744, 43.3231021], [-3.2419266, 43.3221305], [-3.2404158, 43.3205669], [-3.2398722, 43.3203249], [-3.2390802, 43.3196332], [-3.2385352, 43.3190221], [-3.2378549, 43.3185282], [-3.2371734, 43.3176832], [-3.2357774, 43.3170558], [-3.234407, 43.3166624], [-3.2319137, 43.3161002], [-3.2286536, 43.3116134], [-3.2276639, 43.310742], [-3.2267365, 43.3100595], [-3.2260322, 43.3096646], [-3.2258803, 43.3092776], [-3.224589, 43.3049473], [-3.2245522, 43.3025996], [-3.2249479, 43.3009829], [-3.2250382, 43.2990119], [-3.2245409, 43.2965221], [-3.221996, 43.294501], [-3.2180874, 43.2925187], [-3.2181757, 43.2908891], [-3.2180565, 43.289235], [-3.217431, 43.288387], [-3.2183799, 43.2868259], [-3.2189114, 43.2867918], [-3.2210701, 43.2873384], [-3.2218909, 43.2872457], [-3.2233561, 43.2865724], [-3.2249612, 43.2861949], [-3.2271582, 43.2861023], [-3.2293511, 43.2870645], [-3.2311865, 43.2873115], [-3.2331897, 43.2883223], [-3.2363579, 43.2890132], [-3.2379467, 43.2891166], [-3.2399038, 43.2888807], [-3.2413217, 43.2889877], [-3.2451064, 43.2896126], [-3.2527067, 43.2918394], [-3.2574628, 43.2920792], [-3.26115, 43.2941906], [-3.2661428, 43.2963194], [-3.2678287, 43.2935594], [-3.2695862, 43.2921], [-3.2723356, 43.2917186], [-3.2753419, 43.2915176], [-3.2768532, 43.2910312], [-3.2783605, 43.2907838], [-3.2804241, 43.2894065], [-3.2858076, 43.2893974], [-3.2898224, 43.2898361], [-3.2904474, 43.2902355], [-3.2923812, 43.2918509], [-3.2935254, 43.2929321], [-3.2923878, 43.2935468], [-3.2918206, 43.2939759], [-3.2917212, 43.2948384], [-3.2910141, 43.2959491], [-3.291363, 43.2960365], [-3.294251, 43.299327], [-3.2992457, 43.2990862], [-3.3028596, 43.2978307], [-3.3044281, 43.2976489], [-3.3071573, 43.2971287], [-3.307731, 43.296918], [-3.3118142, 43.2959768], [-3.3138674, 43.2969586], [-3.3147261, 43.2951594], [-3.3149547, 43.2948705], [-3.3174717, 43.293028], [-3.3225867, 43.2911381], [-3.3231733, 43.2911444], [-3.3234683, 43.2913318], [-3.3237394, 43.2921227], [-3.3235172, 43.2930359], [-3.3243837, 43.2954457], [-3.3248158, 43.2958847], [-3.3264555, 43.2962862], [-3.3288689, 43.2967007], [-3.3296631, 43.2972605], [-3.3301466, 43.2977735], [-3.3299287, 43.2981395], [-3.3302804, 43.2985882], [-3.3305268, 43.2995802], [-3.3309328, 43.299944], [-3.331366, 43.3010609], [-3.3322079, 43.301803], [-3.3325689, 43.3019819], [-3.3331976, 43.3021203], [-3.3335091, 43.3020292], [-3.3336271, 43.3019063], [-3.3339634, 43.3011496], [-3.3346501, 43.299955], [-3.3356746, 43.2984893], [-3.3376181, 43.2979001], [-3.339018, 43.2976066], [-3.3400857, 43.2974914], [-3.3416687, 43.2953543], [-3.3421856, 43.2949017], [-3.343126, 43.2942825], [-3.3449497, 43.2963393], [-3.3460684, 43.2979747], [-3.3466386, 43.2985043], [-3.3477401, 43.2992573], [-3.3488906, 43.2999472], [-3.3500148, 43.300358], [-3.3514573, 43.3003626], [-3.3526895, 43.3002417], [-3.3559648, 43.3037614], [-3.3591394, 43.3068761], [-3.3599388, 43.3107005], [-3.3602286, 43.3117531], [-3.3604221, 43.3131932], [-3.3606583, 43.3135257], [-3.3611135, 43.3175132], [-3.3611827, 43.3187826], [-3.3613455, 43.3192053], [-3.3624553, 43.3212458], [-3.3638184, 43.3244021], [-3.3645544, 43.3257955], [-3.3649311, 43.3269108], [-3.3667579, 43.3291922], [-3.3682031, 43.3315738], [-3.3689666, 43.3333993], [-3.3734662, 43.3430559], [-3.3730373, 43.3496218], [-3.3707995, 43.3549868], [-3.3718569, 43.3563971]]]}, "properties": {"nombre": "Guriezo", "ine": "39030"}}, {"type": "Feature", "geometry": {"type": "Polygon", "coordinates": [[[-3.6169345, 43.3844208], [-3.6185835, 43.3875456], [-3.6200391, 43.3934987], [-3.618199, 43.3995777], [-3.6164801, 43.4005684], [-3.6160654, 43.4010839], [-3.6160836, 43.4016601], [-3.6169027, 43.4032856], [-3.6165408, 43.4041339], [-3.6164993, 43.4049175], [-3.6168205, 43.4061494], [-3.615602, 43.4077948], [-3.6205945, 43.4153588], [-3.6182116, 43.4203421], [-3.6173473, 43.4216074], [-3.6115044, 43.4253485], [-3.6096315, 43.4233774], [-3.6091852, 43.4232177], [-3.6056572, 43.422507], [-3.6026429, 43.4225048], [-3.5975956, 43.4218018], [-3.5945673, 43.4216284], [-3.5912382, 43.4222938], [-3.590006, 43.4226243], [-3.588008, 43.4242464], [-3.5861388, 43.4251473], [-3.5841451, 43.4259499], [-3.5785348, 43.4284185], [-3.5766048, 43.4294547], [-3.574365, 43.4264584], [-3.5735495, 43.4251298], [-3.5713335, 43.4246365], [-3.566342, 43.4245982], [-3.562379, 43.4248877], [-3.5592453, 43.4240026], [-3.5565767, 43.4239885], [-3.5529986, 43.4231233], [-3.553058, 43.4215022], [-3.5532798, 43.4200784], [-3.5543484, 43.4180382], [-3.5536452, 43.416781], [-3.5532074, 43.4161798], [-3.5548212, 43.4048263], [-3.5553863, 43.4044904], [-3.5553065, 43.4038695], [-3.5575836, 43.4016794], [-3.5612014, 43.396241], [-3.565276, 43.3921961], [-3.562359, 43.3905265], [-3.547993, 43.387093], [-3.5451699, 43.3861879], [-3.5425864, 43.3844442], [-3.5399553, 43.3828898], [-3.5469533, 43.38129], [-3.5623408, 43.3845295], [-3.5702155, 43.3856344], [-3.5720193, 43.3857605], [-3.588798, 43.3908715], [-3.5950064, 43.3893628], [-3.5977125, 43.385792], [-3.6068592, 43.3818631], [-3.6110581, 43.3819939], [-3.6169345, 43.3844208]]]}, "properties": {"nombre": "Hazas de Cesto", "ine": "39031"}}, {"type": "Feature", "geometry": {"type": "Polygon", "coordinates": [[[-4.4041972, 43.0380001], [-4.4029644, 43.0395069], [-4.4021832, 43.0400671], [-4.4018812, 43.0404166], [-4.4018414, 43.0407271], [-4.401995, 43.041194], [-4.4019023, 43.0413593], [-4.4012222, 43.0419051], [-4.4009602, 43.0422359], [-4.4007967, 43.0426791], [-4.4009324, 43.042938], [-4.4007546, 43.043304], [-4.3996104, 43.0437272], [-4.399392, 43.0439564], [-4.3973991, 43.0447282], [-4.3972141, 43.0449115], [-4.3972284, 43.0452317], [-4.3919948, 43.0460184], [-4.3892748, 43.0485852], [-4.3873335, 43.0478399], [-4.3838842, 43.048422], [-4.3824237, 43.0484486], [-4.3805695, 43.0486365], [-4.3773529, 43.0475241], [-4.3733727, 43.0483594], [-4.3717088, 43.0497301], [-4.3682079, 43.0491057], [-4.3627209, 43.0469469], [-4.3608002, 43.0483745], [-4.3578671, 43.0489946], [-4.3531937, 43.050878], [-4.3493352, 43.0529857], [-4.3461155, 43.0506192], [-4.3456513, 43.0512911], [-4.3398147, 43.052224], [-4.3383721, 43.0536456], [-4.3375602, 43.0535146], [-4.3368885, 43.0531767], [-4.3360518, 43.0530964], [-4.3336315, 43.0519], [-4.3314938, 43.0501419], [-4.3318402, 43.0496966], [-4.3282096, 43.0487303], [-4.3232965, 43.047946], [-4.3223002, 43.0484348], [-4.3207674, 43.0486543], [-4.3175408, 43.0493488], [-4.3154121, 43.0502828], [-4.3147866, 43.050317], [-4.3142538, 43.050089], [-4.3124571, 43.0499025], [-4.3117417, 43.0497486], [-4.3110973, 43.0494678], [-4.3090939, 43.0493737], [-4.3030965, 43.0479473], [-4.3012038, 43.0472754], [-4.2989089, 43.0467432], [-4.2959582, 43.0464308], [-4.2942773, 43.0470711], [-4.2920493, 43.0475052], [-4.2897008, 43.0471253], [-4.2903718, 43.0477223], [-4.2913982, 43.0491207], [-4.291276, 43.0497344], [-4.2915767, 43.0530755], [-4.2904809, 43.0546907], [-4.2897554, 43.0564008], [-4.2894592, 43.0575028], [-4.2894048, 43.0595925], [-4.2889049, 43.0609399], [-4.2886832, 43.0644273], [-4.2875027, 43.0684657], [-4.2871595, 43.0708469], [-4.2857723, 43.0738251], [-4.2837044, 43.0747938], [-4.2797418, 43.0756216], [-4.2764493, 43.0755953], [-4.2722651, 43.0746243], [-4.2688468, 43.0744551], [-4.2661962, 43.0751778], [-4.2637481, 43.0761954], [-4.2617462, 43.0756141], [-4.2564144, 43.074376], [-4.2487008, 43.0731817], [-4.2442246, 43.0717086], [-4.2394841, 43.0668613], [-4.2365952, 43.0655058], [-4.2334328, 43.0645944], [-4.2332811, 43.0662169], [-4.2329857, 43.0667964], [-4.2334598, 43.0677818], [-4.2342974, 43.0678988], [-4.235448, 43.0683187], [-4.2355912, 43.069947], [-4.2359215, 43.0704928], [-4.2361632, 43.0727414], [-4.2356505, 43.0735123], [-4.2353724, 43.0743438], [-4.235557, 43.0755844], [-4.2366488, 43.0779589], [-4.2358655, 43.0781025], [-4.2352112, 43.0791631], [-4.2346916, 43.0795919], [-4.2338373, 43.0798713], [-4.23327, 43.0803726], [-4.2333611, 43.0812451], [-4.2331617, 43.0817155], [-4.2320551, 43.0822767], [-4.2318704, 43.0834854], [-4.2318848, 43.0842056], [-4.2322291, 43.0848322], [-4.2331331, 43.0858041], [-4.2338683, 43.0863184], [-4.2343217, 43.0868718], [-4.2343571, 43.0874117], [-4.2333018, 43.0893141], [-4.23246, 43.0896113], [-4.22901, 43.0897384], [-4.2283414, 43.0900968], [-4.2279335, 43.0905874], [-4.2284802, 43.0933551], [-4.2282758, 43.0941947], [-4.2282275, 43.0948526], [-4.2285756, 43.0956683], [-4.22866, 43.09682], [-4.2281126, 43.098942], [-4.2126077, 43.1003408], [-4.2113735, 43.1000657], [-4.2028698, 43.0944102], [-4.1875907, 43.09538], [-4.1847078, 43.095626], [-4.1833234, 43.0958384], [-4.1713397, 43.098897], [-4.1686343, 43.0994379], [-4.1633041, 43.1008969], [-4.1576947, 43.1032049], [-4.156809, 43.1038082], [-4.1437338, 43.1097925], [-4.1431014, 43.11015], [-4.134364, 43.1142169], [-4.1315996, 43.115761], [-4.1343763, 43.1122177], [-4.1340967, 43.1083844], [-4.1341579, 43.1070421], [-4.1341198, 43.1049714], [-4.1338528, 43.103155], [-4.1339796, 43.1020372], [-4.1339488, 43.1010289], [-4.1336826, 43.0992576], [-4.132917, 43.0977164], [-4.1325981, 43.0964138], [-4.1325368, 43.0957571], [-4.1328561, 43.0937458], [-4.1330152, 43.0917091], [-4.1329105, 43.0906926], [-4.1322946, 43.0879342], [-4.1365097, 43.0853261], [-4.1386133, 43.0821535], [-4.1375832, 43.0822538], [-4.1367948, 43.0821356], [-4.136533, 43.081931], [-4.1363876, 43.0813742], [-4.1360488, 43.0809903], [-4.1342095, 43.0798379], [-4.1352075, 43.0786664], [-4.135482, 43.0782314], [-4.1358834, 43.0766876], [-4.1360096, 43.0748674], [-4.1359893, 43.073769], [-4.1410866, 43.0691169], [-4.1442968, 43.0667166], [-4.1505788, 43.061773], [-4.1516902, 43.0594746], [-4.1535874, 43.0538905], [-4.154426, 43.0521171], [-4.1551887, 43.0502274], [-4.1549324, 43.0476906], [-4.1529559, 43.0444237], [-4.1553758, 43.041869], [-4.1559605, 43.0396569], [-4.1570019, 43.0382416], [-4.1572618, 43.0376987], [-4.1583806, 43.0345176], [-4.1611786, 43.0299148], [-4.1602111, 43.0280696], [-4.1552599, 43.0245446], [-4.1566362, 43.0226667], [-4.1568309, 43.0199633], [-4.156734, 43.0187216], [-4.1572443, 43.0164832], [-4.1567347, 43.0148314], [-4.1570724, 43.011244], [-4.1597456, 43.0020049], [-4.1615257, 43.0001049], [-4.1619155, 42.9980028], [-4.1626692, 42.9963292], [-4.1636112, 42.9948878], [-4.1653456, 42.9925379], [-4.1660908, 42.9917199], [-4.1681095, 42.9901415], [-4.1686881, 42.9896043], [-4.1697816, 42.9884045], [-4.1695369, 42.9871373], [-4.1693475, 42.9868511], [-4.1664966, 42.9852772], [-4.1635077, 42.9802738], [-4.1637632, 42.9795148], [-4.1642468, 42.9784923], [-4.165826, 42.9783412], [-4.1669543, 42.9783387], [-4.1670499, 42.9769059], [-4.1674836, 42.9758479], [-4.1695503, 42.9729452], [-4.1709523, 42.9705626], [-4.1722763, 42.968604], [-4.1776311, 42.9632542], [-4.1792, 42.9619413], [-4.1798242, 42.9612415], [-4.1823172, 42.9569654], [-4.183493, 42.9543418], [-4.1843825, 42.9514961], [-4.1847018, 42.9508894], [-4.1851439, 42.9502905], [-4.1875838, 42.9503103], [-4.1962504, 42.9509316], [-4.2011855, 42.9519246], [-4.202131, 42.9520047], [-4.2037243, 42.951988], [-4.2045003, 42.952178], [-4.20564, 42.9527874], [-4.2065155, 42.9530483], [-4.2083455, 42.9532181], [-4.2090318, 42.9532109], [-4.2103562, 42.9538543], [-4.2117614, 42.9542447], [-4.213095, 42.9547348], [-4.2167185, 42.9563354], [-4.2175325, 42.9565789], [-4.2205783, 42.9568527], [-4.2222374, 42.9576724], [-4.2245582, 42.9584761], [-4.2267836, 42.9587945], [-4.2286182, 42.9591891], [-4.2294084, 42.9594688], [-4.230379, 42.9595665], [-4.2347889, 42.959375], [-4.2354754, 42.9587552], [-4.2384895, 42.9543733], [-4.2402491, 42.9565335], [-4.2405085, 42.9566297], [-4.241627, 42.9567707], [-4.242041, 42.9572435], [-4.2421708, 42.9576023], [-4.2446379, 42.9583499], [-4.2459589, 42.9594161], [-4.2469882, 42.9593869], [-4.2474806, 42.9600929], [-4.248794, 42.9601687], [-4.2495042, 42.9607282], [-4.2504544, 42.961033], [-4.2514568, 42.9614904], [-4.2538888, 42.9629136], [-4.2542344, 42.9630268], [-4.2554137, 42.96314], [-4.2565596, 42.9634156], [-4.2580323, 42.9640838], [-4.2593118, 42.9642948], [-4.2606937, 42.9647209], [-4.2612767, 42.9650476], [-4.2622254, 42.9652713], [-4.2666219, 42.96561], [-4.2682408, 42.9656281], [-4.2732554, 42.9662028], [-4.2752032, 42.9661181], [-4.2780344, 42.9654652], [-4.2808507, 42.9664603], [-4.2867408, 42.967853], [-4.2874599, 42.9682322], [-4.2882572, 42.9688355], [-4.2894279, 42.9691105], [-4.2907176, 42.9692131], [-4.291916, 42.9690555], [-4.2930493, 42.9687185], [-4.2990382, 42.9665645], [-4.3019072, 42.9666099], [-4.3037163, 42.9669225], [-4.3069764, 42.968011], [-4.3098667, 42.9684192], [-4.3127109, 42.9689719], [-4.3147839, 42.9695785], [-4.3154729, 42.9696876], [-4.3174166, 42.9694041], [-4.3189024, 42.9695041], [-4.3246422, 42.9701222], [-4.3319979, 42.9711804], [-4.332304, 42.9711589], [-4.3350332, 42.9703436], [-4.3374378, 42.9709639], [-4.3389148, 42.9712168], [-4.3446019, 42.9716544], [-4.3473229, 42.9721537], [-4.3484849, 42.9725812], [-4.3496793, 42.9739269], [-4.3517181, 42.9757489], [-4.3604909, 42.9826239], [-4.3628843, 42.9849277], [-4.3635842, 42.986072], [-4.3648103, 42.9877143], [-4.3660474, 42.9898518], [-4.3669709, 42.9911195], [-4.3686356, 42.9920631], [-4.3691618, 42.9925611], [-4.3698724, 42.9936242], [-4.3703699, 42.9939334], [-4.3722133, 42.9946317], [-4.3724507, 42.994827], [-4.3730703, 42.995657], [-4.373572, 42.9967046], [-4.3748331, 42.9987966], [-4.3748626, 42.9995707], [-4.3745819, 43.0001864], [-4.3739598, 43.0031025], [-4.3743572, 43.0060694], [-4.3755357, 43.0077482], [-4.3776333, 43.0099202], [-4.3780319, 43.0101855], [-4.3786991, 43.0103936], [-4.3793386, 43.0104579], [-4.379983, 43.0107383], [-4.3813709, 43.0129908], [-4.3846345, 43.0146083], [-4.3850976, 43.0150079], [-4.3853383, 43.0153472], [-4.3861884, 43.0160393], [-4.3862966, 43.0164883], [-4.3862681, 43.0168578], [-4.3870922, 43.0202157], [-4.3891228, 43.0231897], [-4.389168, 43.0257376], [-4.3909134, 43.026941], [-4.3922723, 43.0273297], [-4.392973, 43.0290051], [-4.3940504, 43.0305139], [-4.39665, 43.0330091], [-4.3972868, 43.0341214], [-4.3981161, 43.034868], [-4.3989346, 43.0347065], [-4.3993937, 43.0348106], [-4.4006484, 43.0354558], [-4.4008375, 43.0354822], [-4.4012957, 43.0360257], [-4.4016808, 43.0361271], [-4.4025112, 43.0367449], [-4.4030206, 43.0369618], [-4.4031091, 43.0372734], [-4.4030144, 43.0373165], [-4.4033073, 43.0376206], [-4.4040567, 43.0378754], [-4.4041972, 43.0380001]]]}, "properties": {"nombre": "Hermandad de Campoo de Suso", "ine": "39032"}}, {"type": "Feature", "geometry": {"type": "Polygon", "coordinates": [[[-4.52703, 43.327612], [-4.5229807, 43.3333928], [-4.5223495, 43.3357784], [-4.5209169, 43.3357164], [-4.5100401, 43.3358605], [-4.5077237, 43.3369716], [-4.5070244, 43.3371249], [-4.5057799, 43.3381858], [-4.5054602, 43.338226], [-4.5046274, 43.3379758], [-4.5038249, 43.3379503], [-4.5034955, 43.3380987], [-4.5016362, 43.3382402], [-4.5006791, 43.3384509], [-4.49892, 43.338654], [-4.498398, 43.3379945], [-4.4980037, 43.3370092], [-4.4976055, 43.3368703], [-4.4971281, 43.3370206], [-4.4944063, 43.3362008], [-4.4875946, 43.335101], [-4.475921, 43.3334152], [-4.4682578, 43.3327844], [-4.467687, 43.3326477], [-4.466381, 43.3327094], [-4.4647748, 43.332604], [-4.4591002, 43.3315599], [-4.4555429, 43.3344596], [-4.4471877, 43.3353309], [-4.4425043, 43.3334271], [-4.4392843, 43.3318378], [-4.4368304, 43.3292573], [-4.4300172, 43.3248584], [-4.4286975, 43.3213355], [-4.4267655, 43.3191327], [-4.4230571, 43.3209922], [-4.4182723, 43.3140655], [-4.417515, 43.3064251], [-4.4208905, 43.30145], [-4.4241273, 43.2986836], [-4.4322764, 43.2971052], [-4.4387719, 43.295475], [-4.4421365, 43.2933526], [-4.4562787, 43.293984], [-4.4568314, 43.2938959], [-4.4578001, 43.2931632], [-4.4586314, 43.2928735], [-4.4593548, 43.2927112], [-4.4609087, 43.2927364], [-4.4635122, 43.2918117], [-4.4638772, 43.2916089], [-4.4641284, 43.2912905], [-4.46411, 43.2910386], [-4.4637522, 43.2905119], [-4.4637706, 43.2902506], [-4.463925, 43.2900055], [-4.4642776, 43.2898029], [-4.4653936, 43.2895635], [-4.4656241, 43.2894074], [-4.4659228, 43.2890164], [-4.4662774, 43.2888948], [-4.4678893, 43.2887751], [-4.4703295, 43.2877353], [-4.4708227, 43.2877524], [-4.4722729, 43.2880705], [-4.4729088, 43.2878642], [-4.473955, 43.2877967], [-4.4741489, 43.2876591], [-4.474441, 43.286998], [-4.4747532, 43.2866518], [-4.4751803, 43.2864752], [-4.4756978, 43.2864686], [-4.476867, 43.2869037], [-4.4772468, 43.2868088], [-4.4777172, 43.2863795], [-4.478209, 43.2863281], [-4.4784897, 43.2862164], [-4.4789192, 43.2856256], [-4.4791003, 43.2854702], [-4.4795646, 43.2853021], [-4.480036, 43.2849178], [-4.4803331, 43.2844637], [-4.480623, 43.2842168], [-4.4819681, 43.2837762], [-4.4823528, 43.283375], [-4.4827576, 43.2822802], [-4.4862275, 43.2810286], [-4.4872193, 43.2807636], [-4.4876253, 43.2807313], [-4.4881091, 43.2808601], [-4.4885731, 43.280683], [-4.489056, 43.2807757], [-4.489693, 43.2806144], [-4.490533, 43.2806935], [-4.4915482, 43.2803741], [-4.4935961, 43.2799512], [-4.4955938, 43.2799971], [-4.4960316, 43.2797573], [-4.4964397, 43.279815], [-4.4969145, 43.2800789], [-4.497093, 43.2803197], [-4.4973304, 43.2804517], [-4.4990527, 43.2803211], [-4.4995237, 43.280432], [-4.5000841, 43.2806677], [-4.5005922, 43.2807781], [-4.5020631, 43.2814522], [-4.5026072, 43.2815261], [-4.5030556, 43.2817183], [-4.503709, 43.282223], [-4.5040707, 43.2823983], [-4.5054604, 43.2827762], [-4.506972, 43.2825943], [-4.5072092, 43.2827172], [-4.5082614, 43.2829014], [-4.5082437, 43.2826856], [-4.5084369, 43.2825209], [-4.5096661, 43.2823877], [-4.5112418, 43.2828081], [-4.5117528, 43.2825402], [-4.5128631, 43.2825796], [-4.5134162, 43.2825182], [-4.5141586, 43.2826345], [-4.5148585, 43.2820309], [-4.5153009, 43.28198], [-4.515748, 43.2821182], [-4.5209157, 43.280771], [-4.5217132, 43.2806253], [-4.5185712, 43.2940388], [-4.5191023, 43.3099247], [-4.5201697, 43.3146559], [-4.5209148, 43.3158526], [-4.52703, 43.327612]]]}, "properties": {"nombre": "Herrerías", "ine": "39033"}}, {"type": "Feature", "geometry": {"type": "MultiPolygon", "coordinates": [[[[-4.0061382, 43.3568944], [-3.9993419, 43.3631131], [-3.998052, 43.3634756], [-3.9968112, 43.3653323], [-3.9955628, 43.3667299], [-3.9950639, 43.3679228], [-3.9928469, 43.369725], [-3.9916016, 43.3743552], [-3.9875004, 43.375015], [-3.9799902, 43.3775573], [-3.9738963, 43.3857604], [-3.9774097, 43.3905132], [-3.977905, 43.3902278], [-3.9810066, 43.3908079], [-3.9815919, 43.3910382], [-3.9818552, 43.3912987], [-3.9822812, 43.3921346], [-3.9816795, 43.3928554], [-3.9818096, 43.393009], [-3.9821673, 43.3930799], [-3.9824509, 43.3934095], [-3.9830455, 43.3949233], [-3.9874405, 43.3992902], [-3.9870708, 43.3994733], [-3.9854302, 43.4010711], [-3.9827933, 43.4029668], [-3.9803529, 43.4032668], [-3.9783718, 43.4044814], [-3.9782271, 43.4077693], [-3.9780211, 43.409554], [-3.9766228, 43.4101603], [-3.9735608, 43.4117712], [-3.9715247, 43.4126619], [-3.9625023, 43.416205], [-3.9591806, 43.4186281], [-3.9575732, 43.4185335], [-3.9573181, 43.4195892], [-3.9568295, 43.4207278], [-3.9561052, 43.4233723], [-3.9560312, 43.4241653], [-3.9561556, 43.4250017], [-3.956568, 43.4260878], [-3.9579542, 43.4285975], [-3.9608451, 43.4332736], [-3.9615605, 43.4347534], [-3.961628, 43.435113], [-3.9614982, 43.4355013], [-3.9611232, 43.4360087], [-3.9605729, 43.4363735], [-3.9599084, 43.4365502], [-3.9584663, 43.4367784], [-3.9532371, 43.436633], [-3.9526855, 43.4369167], [-3.9523217, 43.437361], [-3.9523126, 43.4383516], [-3.9519852, 43.4395429], [-3.9520885, 43.4398212], [-3.9530224, 43.4410651], [-3.9534437, 43.441926], [-3.9547156, 43.4434371], [-3.9554549, 43.4440793], [-3.9564491, 43.4444312], [-3.9573535, 43.4445767], [-3.9586001, 43.4444762], [-3.9605442, 43.4439376], [-3.9612293, 43.4434996], [-3.9630455, 43.442692], [-3.9637914, 43.4421904], [-3.9644598, 43.4414824], [-3.9651205, 43.4405612], [-3.9657025, 43.4401509], [-3.9663975, 43.4398719], [-3.9670642, 43.439798], [-3.9679514, 43.4398678], [-3.9685037, 43.4401156], [-3.9701664, 43.4413171], [-3.9711392, 43.4416175], [-3.972162, 43.4420933], [-3.9732328, 43.4422557], [-3.9740639, 43.4422789], [-3.974863, 43.4420469], [-3.9756142, 43.4416523], [-3.977976, 43.4389904], [-3.9786246, 43.4385977], [-3.9810446, 43.4377125], [-3.9819324, 43.4375968], [-3.982566, 43.4378075], [-3.9830049, 43.4381999], [-3.9831735, 43.4386937], [-3.9831324, 43.4392074], [-3.9820536, 43.4412697], [-3.981899, 43.4417361], [-3.9810226, 43.4414997], [-3.9807198, 43.4417587], [-3.9799696, 43.4421058], [-3.9794097, 43.4424697], [-3.9750548, 43.4456154], [-3.972151, 43.4469046], [-3.9705507, 43.4478848], [-3.9699109, 43.4481673], [-3.9693657, 43.448551], [-3.9691224, 43.4489686], [-3.9686523, 43.4492829], [-3.9677064, 43.4497395], [-3.9675994, 43.4498864], [-3.9676038, 43.4502695], [-3.9671981, 43.4505187], [-3.966598, 43.4506566], [-3.9660953, 43.4509135], [-3.9658515, 43.450852], [-3.9654755, 43.4511147], [-3.9654672, 43.4512449], [-3.9651446, 43.4514984], [-3.9653443, 43.4519013], [-3.9651801, 43.4522587], [-3.9649507, 43.4521172], [-3.9647735, 43.4521398], [-3.9630102, 43.4528857], [-3.9615815, 43.4532558], [-3.9609499, 43.4535601], [-3.9597977, 43.4542803], [-3.9589324, 43.4546681], [-3.9576174, 43.4553998], [-3.9573641, 43.4558217], [-3.9566751, 43.4562232], [-3.9555162, 43.4576046], [-3.9551559, 43.4578601], [-3.9552061, 43.4581053], [-3.955082, 43.4583308], [-3.9547689, 43.4583063], [-3.9546121, 43.4583801], [-3.9544855, 43.4586385], [-3.9544819, 43.4590235], [-3.9541415, 43.4590911], [-3.9541579, 43.4594133], [-3.9536754, 43.4595765], [-3.9530693, 43.4601326], [-3.952885, 43.4604134], [-3.9525113, 43.4606684], [-3.9523568, 43.4609862], [-3.9520243, 43.4613414], [-3.9519747, 43.4616925], [-3.951918, 43.4617344], [-3.9514873, 43.4615909], [-3.9517515, 43.4619281], [-3.9516188, 43.4621], [-3.9515434, 43.4619633], [-3.9514377, 43.4620781], [-3.9512187, 43.461977], [-3.9510418, 43.4620085], [-3.9509848, 43.4621062], [-3.9513027, 43.4621721], [-3.9503696, 43.4627307], [-3.9504074, 43.4628768], [-3.9509317, 43.4628878], [-3.9510382, 43.4631321], [-3.9514074, 43.4631762], [-3.951397, 43.4633725], [-3.95107, 43.4638831], [-3.9508257, 43.4639831], [-3.9504133, 43.4638848], [-3.9503722, 43.4640819], [-3.9494252, 43.4644294], [-3.9493954, 43.4646039], [-3.9490425, 43.4648501], [-3.9490752, 43.4649844], [-3.9489953, 43.465115], [-3.9483978, 43.4654208], [-3.9483255, 43.4656105], [-3.948133, 43.4657908], [-3.9478987, 43.4659301], [-3.9475756, 43.4659885], [-3.9464518, 43.4667175], [-3.9467603, 43.4666498], [-3.9468432, 43.4667547], [-3.9464728, 43.4669765], [-3.9462894, 43.4676392], [-3.9460676, 43.4679463], [-3.9450535, 43.4687901], [-3.9451651, 43.4690735], [-3.9454827, 43.4694308], [-3.9459472, 43.4693416], [-3.9461356, 43.4694191], [-3.9462027, 43.4693977], [-3.9461787, 43.4692689], [-3.9475378, 43.4686051], [-3.9479161, 43.468715], [-3.9480058, 43.4687099], [-3.948074, 43.4685828], [-3.948148, 43.4693223], [-3.9479236, 43.4692397], [-3.9478216, 43.4693316], [-3.947865, 43.4694655], [-3.9478021, 43.4695264], [-3.947631, 43.4695079], [-3.9473244, 43.4696794], [-3.9465724, 43.4695227], [-3.9468197, 43.4697011], [-3.9468168, 43.4698933], [-3.9465752, 43.469981], [-3.9463073, 43.4699179], [-3.9462122, 43.4700381], [-3.9459604, 43.4700494], [-3.9458973, 43.4702433], [-3.9457563, 43.4702677], [-3.9456861, 43.4703743], [-3.9452363, 43.4704257], [-3.9446986, 43.4702285], [-3.9449047, 43.4703854], [-3.9449243, 43.4706301], [-3.9448434, 43.4707674], [-3.9453407, 43.4708051], [-3.9455387, 43.47106], [-3.945448, 43.4711722], [-3.9445975, 43.4711889], [-3.9444235, 43.4709488], [-3.9445583, 43.470819], [-3.9440458, 43.4708192], [-3.9434419, 43.4705584], [-3.943247, 43.4702067], [-3.9437016, 43.4699704], [-3.9437051, 43.4698644], [-3.9434737, 43.46953], [-3.9431474, 43.4693729], [-3.9416759, 43.4695703], [-3.9406586, 43.4695508], [-3.9404231, 43.4696824], [-3.9403201, 43.4695745], [-3.9395017, 43.4696771], [-3.9393595, 43.4697873], [-3.9390834, 43.4697929], [-3.9389819, 43.4698908], [-3.9388433, 43.4698635], [-3.9386615, 43.4699635], [-3.9383333, 43.4699847], [-3.9382049, 43.4699061], [-3.937971, 43.470055], [-3.9377701, 43.4700161], [-3.9381125, 43.4698412], [-3.9375, 43.4698954], [-3.9371757, 43.4697664], [-3.9370769, 43.4699673], [-3.9368115, 43.4699425], [-3.9362927, 43.4700472], [-3.936147, 43.4698039], [-3.9363431, 43.4696027], [-3.936317, 43.4691702], [-3.9359563, 43.4686011], [-3.9355215, 43.4686419], [-3.9354204, 43.4685359], [-3.9353958, 43.4684159], [-3.9355473, 43.4683367], [-3.9355216, 43.4682424], [-3.9351878, 43.468323], [-3.9350108, 43.4682513], [-3.9352439, 43.4680852], [-3.9349095, 43.4681627], [-3.9344917, 43.4680628], [-3.9336067, 43.4683007], [-3.9334347, 43.4681614], [-3.9335441, 43.4680086], [-3.9333369, 43.4680208], [-3.9333972, 43.4679067], [-3.9332714, 43.4678536], [-3.9323949, 43.468194], [-3.9325197, 43.4683848], [-3.9328479, 43.4682748], [-3.9329743, 43.4684683], [-3.9328202, 43.4686204], [-3.9323132, 43.4688321], [-3.9307798, 43.4691801], [-3.9307776, 43.4693009], [-3.9305766, 43.469359], [-3.9304315, 43.4695219], [-3.9305349, 43.4702001], [-3.9309602, 43.4706459], [-3.9312374, 43.4707504], [-3.9323019, 43.4707347], [-3.9324643, 43.4708505], [-3.9326189, 43.4708371], [-3.9326059, 43.4709792], [-3.9322672, 43.4710226], [-3.9323586, 43.471194], [-3.9317686, 43.4713025], [-3.9315834, 43.47117], [-3.9313587, 43.4713931], [-3.9311376, 43.4713045], [-3.9309977, 43.471416], [-3.930916, 43.4713255], [-3.9307995, 43.4714791], [-3.9305998, 43.4714306], [-3.9304472, 43.4711979], [-3.9301215, 43.4712705], [-3.9295816, 43.4712569], [-3.9297815, 43.47115], [-3.9294737, 43.4711293], [-3.9296737, 43.4709854], [-3.928644, 43.4711014], [-3.9290599, 43.4711547], [-3.9288051, 43.4713125], [-3.9279091, 43.4715275], [-3.9279563, 43.4718468], [-3.9277, 43.4718235], [-3.9275325, 43.4719449], [-3.9274257, 43.4718854], [-3.9271913, 43.4720438], [-3.9270849, 43.4720096], [-3.9271239, 43.4718412], [-3.927017, 43.471832], [-3.9269165, 43.4720334], [-3.9267437, 43.4721173], [-3.9266154, 43.4719151], [-3.9266357, 43.4717621], [-3.9264375, 43.4717585], [-3.9263409, 43.4718645], [-3.926433, 43.4721848], [-3.9262762, 43.4722937], [-3.9257337, 43.4724105], [-3.9250312, 43.4727791], [-3.9248243, 43.4727606], [-3.9247041, 43.4726561], [-3.924534, 43.4726799], [-3.9242779, 43.4728373], [-3.9242919, 43.4729826], [-3.9240658, 43.4730745], [-3.9236446, 43.4731126], [-3.923519, 43.4730032], [-3.923371, 43.473255], [-3.9231556, 43.4732441], [-3.9229131, 43.4733862], [-3.922775, 43.4732418], [-3.9227166, 43.4732572], [-3.9227293, 43.4734226], [-3.9224723, 43.473269], [-3.9224126, 43.4733071], [-3.9224493, 43.4734748], [-3.9222987, 43.4735386], [-3.9220666, 43.4735654], [-3.921811, 43.4733892], [-3.9214176, 43.4735826], [-3.9211555, 43.4735594], [-3.920751, 43.4737028], [-3.9205573, 43.4736465], [-3.9204692, 43.4735017], [-3.9209381, 43.4732852], [-3.9209125, 43.4731801], [-3.9200693, 43.4733542], [-3.9173888, 43.4742711], [-3.9173258, 43.4743238], [-3.9173609, 43.4743998], [-3.9177275, 43.4743756], [-3.9177824, 43.4744726], [-3.917339, 43.4748715], [-3.9171073, 43.4749017], [-3.9169092, 43.4750474], [-3.9166308, 43.4749323], [-3.9164536, 43.475077], [-3.9156926, 43.4731617], [-3.9158803, 43.4731305], [-3.9137476, 43.4688407], [-3.9127456, 43.4646886], [-3.9115045, 43.4610786], [-3.9167873, 43.4572725], [-3.9173888, 43.4504512], [-3.9228573, 43.4475617], [-3.9226952, 43.4442133], [-3.9227006, 43.4405033], [-3.9220057, 43.438681], [-3.9226725, 43.4315491], [-3.9231962, 43.4235075], [-3.9234981, 43.421425], [-3.9236662, 43.4194786], [-3.9214578, 43.4082585], [-3.9202474, 43.40581], [-3.9200224, 43.4048123], [-3.9196869, 43.4038605], [-3.9191519, 43.3962468], [-3.9201556, 43.3883145], [-3.9200699, 43.3850915], [-3.9209045, 43.381501], [-3.9237618, 43.377795], [-3.9206621, 43.3752717], [-3.9136927, 43.3747872], [-3.9099061, 43.3782932], [-3.90775, 43.3785804], [-3.9037427, 43.3814036], [-3.899566, 43.3836426], [-3.896854, 43.3830876], [-3.8853173, 43.3827091], [-3.8756792, 43.388141], [-3.8720867, 43.3881774], [-3.8685759, 43.3887444], [-3.8650996, 43.3891399], [-3.8610704, 43.3900484], [-3.8598943, 43.3874721], [-3.8615383, 43.3817829], [-3.8689414, 43.3771526], [-3.8748061, 43.3746406], [-3.8814888, 43.3732387], [-3.8857269, 43.3701264], [-3.8865839, 43.368796], [-3.8876141, 43.3666449], [-3.8897511, 43.3608473], [-3.8927524, 43.3584827], [-3.8939155, 43.3570059], [-3.8978458, 43.3540576], [-3.8996586, 43.3531429], [-3.901228, 43.3516268], [-3.9034341, 43.3497814], [-3.90625, 43.3449687], [-3.904193, 43.3418783], [-3.9069618, 43.3422256], [-3.9085995, 43.3420145], [-3.9138985, 43.3416032], [-3.9165995, 43.3415456], [-3.9205172, 43.3419914], [-3.9252366, 43.3391709], [-3.9282145, 43.3386696], [-3.933175, 43.3371255], [-3.9347955, 43.3374185], [-3.9399031, 43.3350354], [-3.9432558, 43.3340624], [-3.9516959, 43.3318405], [-3.9543999, 43.3327905], [-3.9550094, 43.3323262], [-3.9556112, 43.3321591], [-3.9583831, 43.3319288], [-3.9627326, 43.3300554], [-3.964244, 43.3312493], [-3.9667009, 43.3321651], [-3.9683048, 43.332962], [-3.9698533, 43.3333721], [-3.9728681, 43.3336797], [-3.9735824, 43.3336106], [-3.9749716, 43.3333106], [-3.9767571, 43.3331153], [-3.977978, 43.3330959], [-3.9786739, 43.3334141], [-3.9788261, 43.333674], [-3.9787589, 43.3340978], [-3.9812406, 43.335004], [-3.9820029, 43.3356098], [-3.9820841, 43.3360593], [-3.98067, 43.337107], [-3.9795518, 43.3381521], [-3.9818871, 43.3383752], [-3.9867046, 43.3372353], [-3.9933104, 43.3345668], [-3.9981818, 43.3329847], [-4.00313, 43.3315817], [-4.0056986, 43.3310099], [-4.0135714, 43.3326694], [-4.0110942, 43.3432178], [-4.0078914, 43.3554563], [-4.0061382, 43.3568944]]], [[[-3.9424746, 43.4708764], [-3.9420194, 43.4705938], [-3.941977, 43.470475], [-3.9425926, 43.4703338], [-3.9430941, 43.4705607], [-3.9432256, 43.4708452], [-3.9427033, 43.4709294], [-3.9424746, 43.4708764]]], [[[-3.9335696, 43.4726749], [-3.9338636, 43.4729153], [-3.9339988, 43.47329], [-3.933565, 43.473366], [-3.9332803, 43.4731756], [-3.9328722, 43.4730876], [-3.9329113, 43.4727505], [-3.9335696, 43.4726749]]], [[[-3.932522, 43.4729438], [-3.9326902, 43.4731282], [-3.932415, 43.4731787], [-3.9323602, 43.4733891], [-3.9320523, 43.4734031], [-3.9318688, 43.4733098], [-3.9319591, 43.4730608], [-3.9322083, 43.472929], [-3.932522, 43.4729438]]], [[[-3.9265671, 43.4740975], [-3.925827, 43.474327], [-3.9256395, 43.4740693], [-3.9262079, 43.4738538], [-3.9264553, 43.4739285], [-3.9265671, 43.4740975]]]]}, "properties": {"nombre": "Piélagos", "ine": "39052"}}, {"type": "Feature", "geometry": {"type": "Polygon", "coordinates": [[[-4.4710626, 43.1009591], [-4.4722344, 43.1011421], [-4.471491, 43.1024304], [-4.4709662, 43.1030945], [-4.4691996, 43.1047651], [-4.4672076, 43.1078072], [-4.4671124, 43.1094834], [-4.4682492, 43.1123053], [-4.4671747, 43.1136338], [-4.4708318, 43.1133978], [-4.4716042, 43.1143423], [-4.4753919, 43.1149329], [-4.4761422, 43.1164901], [-4.482223, 43.1209229], [-4.4822472, 43.1219222], [-4.4839371, 43.1231789], [-4.4833689, 43.1251043], [-4.4814748, 43.1276142], [-4.4791865, 43.1275447], [-4.4777544, 43.1283196], [-4.4763077, 43.1295089], [-4.4768443, 43.1308617], [-4.4769058, 43.1313742], [-4.4763507, 43.1323179], [-4.4768513, 43.1331939], [-4.4748902, 43.1360107], [-4.4749889, 43.137045], [-4.4745127, 43.1371862], [-4.4724075, 43.1365649], [-4.4708708, 43.1365757], [-4.4695529, 43.1375111], [-4.4682762, 43.1391393], [-4.4679977, 43.1424026], [-4.4674347, 43.1435445], [-4.4643554, 43.1469427], [-4.4633278, 43.1456231], [-4.4628687, 43.1454489], [-4.4616333, 43.1452125], [-4.4610993, 43.1449942], [-4.4594417, 43.1440699], [-4.4549392, 43.1434788], [-4.4482517, 43.1399257], [-4.4475299, 43.1400789], [-4.4440836, 43.1394201], [-4.4389757, 43.1376384], [-4.4364054, 43.1370944], [-4.4243523, 43.1385506], [-4.422013, 43.1389489], [-4.4155049, 43.1420012], [-4.4131556, 43.143579], [-4.4121311, 43.1434115], [-4.4041739, 43.1412222], [-4.4040719, 43.1399898], [-4.3998345, 43.1385829], [-4.3983587, 43.1369531], [-4.3937894, 43.1333708], [-4.3932614, 43.1317744], [-4.391146, 43.1322864], [-4.3897706, 43.1323571], [-4.3882527, 43.1326547], [-4.383669, 43.1251191], [-4.3828841, 43.124111], [-4.379323, 43.1210023], [-4.3786697, 43.118732], [-4.3783122, 43.1181419], [-4.3776194, 43.1173939], [-4.3769725, 43.1165012], [-4.3740767, 43.1139786], [-4.3720645, 43.1119406], [-4.36747, 43.1136975], [-4.3583242, 43.1097542], [-4.3579543, 43.1058054], [-4.3455336, 43.0918776], [-4.3468236, 43.0913941], [-4.3535839, 43.0863483], [-4.3521606, 43.0804263], [-4.3506822, 43.0779303], [-4.3531332, 43.0704734], [-4.3540494, 43.0641051], [-4.3531937, 43.050878], [-4.3578671, 43.0489946], [-4.3608002, 43.0483745], [-4.3627209, 43.0469469], [-4.3682079, 43.0491057], [-4.3717088, 43.0497301], [-4.3733727, 43.0483594], [-4.3773529, 43.0475241], [-4.3805695, 43.0486365], [-4.3824237, 43.0484486], [-4.3838842, 43.048422], [-4.3873335, 43.0478399], [-4.3892748, 43.0485852], [-4.3919948, 43.0460184], [-4.3972284, 43.0452317], [-4.3972141, 43.0449115], [-4.3973991, 43.0447282], [-4.399392, 43.0439564], [-4.3996104, 43.0437272], [-4.4007546, 43.043304], [-4.4009324, 43.042938], [-4.4007967, 43.0426791], [-4.4009602, 43.0422359], [-4.4012222, 43.0419051], [-4.4019023, 43.0413593], [-4.401995, 43.041194], [-4.4018414, 43.0407271], [-4.4018812, 43.0404166], [-4.4021832, 43.0400671], [-4.4029644, 43.0395069], [-4.4041972, 43.0380001], [-4.4049903, 43.0378511], [-4.4072485, 43.0384326], [-4.4092267, 43.0398553], [-4.4149834, 43.0414142], [-4.4187235, 43.0422954], [-4.4200505, 43.042342], [-4.4209153, 43.0425744], [-4.4224295, 43.0427537], [-4.4235283, 43.0435505], [-4.426131, 43.0446077], [-4.4299975, 43.0450997], [-4.4318651, 43.0456887], [-4.4322569, 43.0461701], [-4.4330648, 43.0465922], [-4.4341147, 43.0484431], [-4.4367855, 43.0503006], [-4.4382417, 43.0521914], [-4.4406375, 43.0538272], [-4.4414964, 43.0543207], [-4.4421522, 43.0555821], [-4.4424789, 43.0559022], [-4.446182, 43.0572422], [-4.4475511, 43.0585396], [-4.4494156, 43.0574084], [-4.4507158, 43.0573469], [-4.4527354, 43.0570692], [-4.4537967, 43.0567675], [-4.4545911, 43.0571267], [-4.4553721, 43.0569186], [-4.4567627, 43.057045], [-4.4598856, 43.0587612], [-4.4607103, 43.0598763], [-4.4606346, 43.0603095], [-4.4610617, 43.0607093], [-4.4619533, 43.061022], [-4.4622286, 43.0607214], [-4.4627522, 43.0605346], [-4.4630971, 43.0600619], [-4.4688599, 43.0632839], [-4.4678645, 43.0642872], [-4.4674821, 43.0657599], [-4.4665495, 43.071463], [-4.4668001, 43.0727024], [-4.4672594, 43.0729037], [-4.4672214, 43.0738857], [-4.4675134, 43.0748004], [-4.4675208, 43.0766554], [-4.4665793, 43.0773518], [-4.4662996, 43.0779857], [-4.4658693, 43.0784865], [-4.4655262, 43.0795535], [-4.4673426, 43.0836004], [-4.4683744, 43.0846227], [-4.4705947, 43.086026], [-4.4717505, 43.087605], [-4.4725168, 43.0893331], [-4.4728859, 43.0893554], [-4.4734856, 43.0892576], [-4.4732934, 43.0899535], [-4.4725383, 43.0907466], [-4.472194, 43.0912463], [-4.4719179, 43.0920333], [-4.4725481, 43.0932048], [-4.4724673, 43.0939352], [-4.4721013, 43.0945613], [-4.4715943, 43.0944237], [-4.4708818, 43.0959727], [-4.4709404, 43.0968815], [-4.4706568, 43.0973534], [-4.4700434, 43.0979105], [-4.4691352, 43.0984715], [-4.4710626, 43.1009591]]]}, "properties": {"nombre": "Polaciones", "ine": "39053"}}, {"type": "Feature", "geometry": {"type": "Polygon", "coordinates": [[[-4.6060841, 43.0357674], [-4.6023267, 43.0409169], [-4.599654, 43.0415306], [-4.5970197, 43.0431523], [-4.5950664, 43.0449985], [-4.5941015, 43.0466148], [-4.593223, 43.0492025], [-4.5915568, 43.0512427], [-4.5911394, 43.0545714], [-4.5900731, 43.0575038], [-4.5897362, 43.0587241], [-4.5900624, 43.059467], [-4.5899181, 43.0633861], [-4.5893574, 43.0640243], [-4.5907068, 43.0653923], [-4.5891891, 43.068448], [-4.5894424, 43.0692189], [-4.5905659, 43.0708692], [-4.5923989, 43.0728788], [-4.5929049, 43.0786619], [-4.5924511, 43.0805862], [-4.5864148, 43.0808862], [-4.581817, 43.0836243], [-4.5787, 43.08663], [-4.57111, 43.0920203], [-4.5675931, 43.0952833], [-4.5684514, 43.096172], [-4.5692332, 43.0988807], [-4.5715547, 43.1026849], [-4.5717142, 43.1036373], [-4.5722613, 43.1048454], [-4.5746516, 43.1060462], [-4.574579, 43.1065695], [-4.5734362, 43.108017], [-4.5683334, 43.1084022], [-4.5667397, 43.1075956], [-4.5663172, 43.1054852], [-4.5614107, 43.1068219], [-4.5570114, 43.1078094], [-4.5443015, 43.1052892], [-4.5418632, 43.1046017], [-4.5402813, 43.1037585], [-4.5370172, 43.1034602], [-4.5309521, 43.0977694], [-4.5310636, 43.0963271], [-4.5285457, 43.0939025], [-4.5275423, 43.0930784], [-4.5252072, 43.092065], [-4.5209229, 43.0917258], [-4.5138433, 43.0916305], [-4.51309, 43.0919737], [-4.5120861, 43.092122], [-4.5106395, 43.0917539], [-4.5092783, 43.0918619], [-4.5086572, 43.0920862], [-4.5082016, 43.0920472], [-4.5046314, 43.0937691], [-4.5041908, 43.0943422], [-4.501361, 43.0941902], [-4.4990927, 43.0938868], [-4.4987148, 43.0945131], [-4.497158, 43.0956771], [-4.4961407, 43.0957804], [-4.4957278, 43.0964882], [-4.4936113, 43.0958585], [-4.4925672, 43.0958721], [-4.4913077, 43.0951141], [-4.4903524, 43.0942261], [-4.4898614, 43.0932329], [-4.4882225, 43.0940557], [-4.4865449, 43.0942936], [-4.4863204, 43.0946657], [-4.4857192, 43.0947005], [-4.4844981, 43.0955268], [-4.4831954, 43.0955167], [-4.4803922, 43.0964714], [-4.4794922, 43.0978788], [-4.4772844, 43.0995823], [-4.4757639, 43.0997189], [-4.4710626, 43.1009591], [-4.4691352, 43.0984715], [-4.4700434, 43.0979105], [-4.4706568, 43.0973534], [-4.4709404, 43.0968815], [-4.4708818, 43.0959727], [-4.4715943, 43.0944237], [-4.4721013, 43.0945613], [-4.4724673, 43.0939352], [-4.4725481, 43.0932048], [-4.4719179, 43.0920333], [-4.472194, 43.0912463], [-4.4725383, 43.0907466], [-4.4732934, 43.0899535], [-4.4734856, 43.0892576], [-4.4728859, 43.0893554], [-4.4725168, 43.0893331], [-4.4717505, 43.087605], [-4.4705947, 43.086026], [-4.4683744, 43.0846227], [-4.4673426, 43.0836004], [-4.4655262, 43.0795535], [-4.4658693, 43.0784865], [-4.4662996, 43.0779857], [-4.4665793, 43.0773518], [-4.4675208, 43.0766554], [-4.4675134, 43.0748004], [-4.4672214, 43.0738857], [-4.4672594, 43.0729037], [-4.4668001, 43.0727024], [-4.4665495, 43.071463], [-4.4674821, 43.0657599], [-4.4678645, 43.0642872], [-4.4688599, 43.0632839], [-4.4630971, 43.0600619], [-4.4624588, 43.0595568], [-4.4651511, 43.0576133], [-4.4711497, 43.0516922], [-4.4764625, 43.0412861], [-4.475665, 43.0407921], [-4.4754559, 43.0402635], [-4.4757132, 43.0387023], [-4.4939788, 43.039654], [-4.4958515, 43.0384139], [-4.4999986, 43.0396795], [-4.5104354, 43.0434093], [-4.5209199, 43.0473767], [-4.5297869, 43.0405498], [-4.5315249, 43.0398422], [-4.5339026, 43.0377122], [-4.5521082, 43.0255352], [-4.5533093, 43.0244923], [-4.5565842, 43.0205217], [-4.5574732, 43.0197622], [-4.5584487, 43.0195147], [-4.5592427, 43.0198551], [-4.5601252, 43.0207796], [-4.5620835, 43.0215363], [-4.563165, 43.0220799], [-4.5647634, 43.0226794], [-4.5697786, 43.0253932], [-4.5743098, 43.0269249], [-4.5764184, 43.0263465], [-4.5785012, 43.0262008], [-4.5906069, 43.0258711], [-4.5956663, 43.0288173], [-4.596643, 43.0300373], [-4.6016313, 43.0325881], [-4.6026283, 43.0341049], [-4.6034712, 43.0348946], [-4.6045659, 43.0354465], [-4.6060841, 43.0357674]]]}, "properties": {"nombre": "Pesaguero", "ine": "39050"}}, {"type": "Feature", "geometry": {"type": "Polygon", "coordinates": [[[-4.0901525, 43.0966528], [-4.0810988, 43.09888], [-4.0668386, 43.1016604], [-4.0656689, 43.1015308], [-4.0641565, 43.1007704], [-4.0618534, 43.0997652], [-4.0593587, 43.0990409], [-4.05682, 43.0986141], [-4.0549739, 43.098451], [-4.0545838, 43.0979143], [-4.0519033, 43.0949403], [-4.0509174, 43.0940488], [-4.0485006, 43.0928283], [-4.0481411, 43.0919221], [-4.0419716, 43.089655], [-4.0406547, 43.0895229], [-4.0539431, 43.079154], [-4.0537475, 43.0770576], [-4.0550134, 43.0720753], [-4.0560962, 43.0671666], [-4.0568858, 43.0673755], [-4.0604483, 43.0695578], [-4.0622591, 43.0705766], [-4.0640493, 43.0718207], [-4.0656157, 43.0721934], [-4.0732044, 43.0734823], [-4.0738465, 43.0736744], [-4.0749852, 43.074168], [-4.0757831, 43.0748449], [-4.0801775, 43.0774691], [-4.081023, 43.0780464], [-4.0831533, 43.081133], [-4.0842465, 43.081825], [-4.0846831, 43.0821991], [-4.0863687, 43.0844344], [-4.0893105, 43.0861354], [-4.0897174, 43.0883017], [-4.0902824, 43.0952301], [-4.0901525, 43.0966528]]]}, "properties": {"nombre": "Pesquera", "ine": "39051"}}, {"type": "Feature", "geometry": {"type": "Polygon", "coordinates": [[[-4.0135009, 43.3039272], [-4.0057499, 43.3116765], [-4.0037381, 43.3160614], [-4.0042187, 43.317543], [-4.0023453, 43.320612], [-4.0056986, 43.3310099], [-4.00313, 43.3315817], [-4.0006613, 43.3322337], [-3.9933104, 43.3345668], [-3.9867046, 43.3372353], [-3.9818871, 43.3383752], [-3.9795518, 43.3381521], [-3.98067, 43.337107], [-3.9820841, 43.3360593], [-3.9820029, 43.3356098], [-3.9812406, 43.335004], [-3.9787589, 43.3340978], [-3.9788261, 43.333674], [-3.9786739, 43.3334141], [-3.977978, 43.3330959], [-3.9767571, 43.3331153], [-3.9749716, 43.3333106], [-3.9735824, 43.3336106], [-3.9728681, 43.3336797], [-3.9698533, 43.3333721], [-3.9683048, 43.332962], [-3.9667009, 43.3321651], [-3.964244, 43.3312493], [-3.9627326, 43.3300554], [-3.9583831, 43.3319288], [-3.9556112, 43.3321591], [-3.9550094, 43.3323262], [-3.9543999, 43.3327905], [-3.9516959, 43.3318405], [-3.9540342, 43.3291286], [-3.9545748, 43.3282057], [-3.9547485, 43.3266914], [-3.9548684, 43.3264743], [-3.9559867, 43.3254205], [-3.9561918, 43.3251306], [-3.9575637, 43.3213822], [-3.9579585, 43.3190287], [-3.9591436, 43.3159662], [-3.9590949, 43.3152192], [-3.9582376, 43.3137406], [-3.9579076, 43.3126448], [-3.9579551, 43.3117439], [-3.9584415, 43.3105242], [-3.9584308, 43.30984], [-3.9582911, 43.30958], [-3.9577337, 43.3094226], [-3.9560487, 43.3096978], [-3.955678, 43.3096468], [-3.955502, 43.3094322], [-3.9551794, 43.3085164], [-3.9553296, 43.3078758], [-3.9555728, 43.3076577], [-3.956136, 43.3074009], [-3.9615696, 43.3055725], [-3.946003, 43.298021], [-3.9371299, 43.2950323], [-3.9542246, 43.2884529], [-3.9533436, 43.2872896], [-3.9523713, 43.2858029], [-3.9512814, 43.2846774], [-3.9497451, 43.2833754], [-3.9486737, 43.2826459], [-3.9471862, 43.2820999], [-3.9467122, 43.2817347], [-3.9463604, 43.2813053], [-3.9458279, 43.2803462], [-3.9447828, 43.2781127], [-3.9527153, 43.276246], [-3.9652836, 43.2698556], [-3.9657223, 43.2679789], [-3.9634229, 43.2643783], [-3.9630364, 43.2570517], [-3.9683973, 43.2563762], [-3.9697453, 43.2551402], [-3.9721054, 43.2532562], [-3.9732027, 43.2525355], [-3.973819, 43.2517829], [-3.9776576, 43.2499312], [-3.9796153, 43.2498695], [-3.980217, 43.2497473], [-3.9820398, 43.2489573], [-3.985082, 43.2481657], [-3.9863427, 43.2476596], [-3.9878194, 43.2468095], [-3.9894129, 43.2463185], [-3.9900398, 43.246241], [-3.9912263, 43.2457265], [-3.9980267, 43.2495575], [-3.9985893, 43.2500659], [-4.0035379, 43.2558578], [-4.0011217, 43.2625424], [-4.0010677, 43.2630021], [-4.0011641, 43.264379], [-4.000979, 43.2658664], [-4.0007224, 43.2667511], [-3.999422, 43.2693648], [-3.9992709, 43.2699244], [-3.9995556, 43.2745233], [-3.9999501, 43.2767891], [-4.0005355, 43.278675], [-4.0011621, 43.2800562], [-4.003972, 43.2852994], [-4.0019209, 43.2895045], [-4.0135009, 43.3039272]]]}, "properties": {"nombre": "Puente Viesgo", "ine": "39056"}}, {"type": "Feature", "geometry": {"type": "Polygon", "coordinates": [[[-3.5001927, 43.2509169], [-3.4998916, 43.2514949], [-3.4994282, 43.2520732], [-3.4986456, 43.252788], [-3.4981188, 43.2531504], [-3.4965851, 43.2539225], [-3.4960589, 43.254357], [-3.4951679, 43.2553874], [-3.4930101, 43.2582241], [-3.4920558, 43.2590657], [-3.4910131, 43.2596284], [-3.4885195, 43.2605846], [-3.4880813, 43.2612528], [-3.487454, 43.2629303], [-3.4867921, 43.2633653], [-3.4862432, 43.26407], [-3.4849782, 43.2645977], [-3.4849612, 43.2655612], [-3.4845462, 43.2660583], [-3.4815472, 43.2685832], [-3.4811319, 43.2690532], [-3.4805678, 43.2694067], [-3.4778254, 43.2716963], [-3.4768961, 43.2726277], [-3.4761903, 43.2737742], [-3.4751757, 43.274841], [-3.4746934, 43.2762117], [-3.4746722, 43.276653], [-3.4741408, 43.2780599], [-3.4755035, 43.2805396], [-3.4806693, 43.2885773], [-3.4816164, 43.289879], [-3.4784854, 43.289883], [-3.4690955, 43.2903089], [-3.4638573, 43.2904112], [-3.4589684, 43.2910611], [-3.4582164, 43.2910551], [-3.4565079, 43.2917192], [-3.4556954, 43.2918665], [-3.454153, 43.2916655], [-3.4532285, 43.2916691], [-3.452303, 43.2915377], [-3.450151, 43.2905736], [-3.4493133, 43.2906399], [-3.4485458, 43.2902107], [-3.4456518, 43.2888982], [-3.445016, 43.2879282], [-3.4436005, 43.2882038], [-3.4414477, 43.2888064], [-3.4397422, 43.2881916], [-3.4373413, 43.28685], [-3.4368965, 43.2867077], [-3.43649, 43.2867452], [-3.4345104, 43.287428], [-3.4318201, 43.2887258], [-3.4317737, 43.2891312], [-3.4315543, 43.2894922], [-3.430582, 43.2896939], [-3.4294887, 43.2884914], [-3.4264595, 43.28717], [-3.4269414, 43.2855744], [-3.425738, 43.2844533], [-3.425179, 43.283834], [-3.4248918, 43.2833038], [-3.4246566, 43.2831606], [-3.4238798, 43.2831094], [-3.4238264, 43.2825153], [-3.4237133, 43.2822006], [-3.4226095, 43.2812141], [-3.4221972, 43.2804052], [-3.4218757, 43.2802533], [-3.4201206, 43.2813223], [-3.4195994, 43.2808109], [-3.4196218, 43.2804867], [-3.4180288, 43.2800332], [-3.4175343, 43.2798189], [-3.4162968, 43.279076], [-3.4154438, 43.2787009], [-3.4128127, 43.2778099], [-3.4120567, 43.2771913], [-3.4115602, 43.2766618], [-3.4106807, 43.2759986], [-3.4101493, 43.2757844], [-3.4086563, 43.2755105], [-3.4067546, 43.274941], [-3.4060871, 43.2746282], [-3.4034117, 43.2725936], [-3.4021638, 43.2720847], [-3.4016209, 43.2719785], [-3.4000378, 43.2711106], [-3.3988863, 43.2702681], [-3.397737, 43.2697679], [-3.3969168, 43.2686991], [-3.3955141, 43.2671192], [-3.3945738, 43.2665281], [-3.3937456, 43.2661167], [-3.3931965, 43.2650291], [-3.3927382, 43.2646614], [-3.3924517, 43.2641852], [-3.3897532, 43.2638997], [-3.3902337, 43.2618941], [-3.3901625, 43.2604065], [-3.3902616, 43.2596427], [-3.3903643, 43.2594247], [-3.3908682, 43.2591], [-3.3917238, 43.2589891], [-3.3916963, 43.2527658], [-3.3917939, 43.2523105], [-3.3927758, 43.2517652], [-3.3932584, 43.2508546], [-3.3941473, 43.2497685], [-3.3955904, 43.2484041], [-3.398904, 43.2457747], [-3.4016708, 43.2477469], [-3.4044658, 43.24943], [-3.4059616, 43.2502171], [-3.4066299, 43.250683], [-3.4098912, 43.2502032], [-3.4134616, 43.2499022], [-3.4121695, 43.248277], [-3.4105476, 43.2470672], [-3.4133096, 43.2456436], [-3.4131518, 43.2441764], [-3.4184394, 43.2410687], [-3.4230136, 43.2399443], [-3.4262716, 43.2408598], [-3.4272721, 43.2412613], [-3.4282964, 43.2415366], [-3.42938, 43.2414965], [-3.4303696, 43.2420962], [-3.4310453, 43.2418595], [-3.4318305, 43.2414153], [-3.4328391, 43.2412224], [-3.4367531, 43.2373806], [-3.4364042, 43.2350767], [-3.4372281, 43.2349115], [-3.4374488, 43.2347756], [-3.4381257, 43.23471], [-3.4389678, 43.2353461], [-3.4406302, 43.2353127], [-3.4415054, 43.2354264], [-3.4417896, 43.2355514], [-3.442187, 43.2360091], [-3.4424754, 43.2367104], [-3.4457086, 43.2375893], [-3.4501471, 43.236208], [-3.450912, 43.2362448], [-3.4512935, 43.2364654], [-3.4514812, 43.2367169], [-3.4514631, 43.2368977], [-3.4513783, 43.2370742], [-3.4508697, 43.2374712], [-3.4505548, 43.2378506], [-3.4504155, 43.2382476], [-3.4503428, 43.2385917], [-3.4505063, 43.2400541], [-3.4499916, 43.2422442], [-3.4501612, 43.2427272], [-3.4504276, 43.2428684], [-3.4507395, 43.2429081], [-3.4518809, 43.2425684], [-3.4521715, 43.2425596], [-3.4529587, 43.2430249], [-3.4537459, 43.2431904], [-3.454297, 43.243691], [-3.4544604, 43.2440307], [-3.4545301, 43.244335], [-3.4544695, 43.24529], [-3.4543757, 43.2455105], [-3.4544362, 43.2456539], [-3.4545906, 43.2457178], [-3.4547874, 43.2459494], [-3.4557533, 43.2462736], [-3.4563391, 43.2466716], [-3.4565707, 43.246933], [-3.4585447, 43.2469749], [-3.4587325, 43.2470565], [-3.4597165, 43.2478945], [-3.4599708, 43.247921], [-3.4608367, 43.2475549], [-3.4664752, 43.2480825], [-3.4674246, 43.2482997], [-3.4685795, 43.2496581], [-3.4712603, 43.2510502], [-3.4760705, 43.2507494], [-3.4833956, 43.248669], [-3.4943025, 43.2503571], [-3.4980487, 43.2508631], [-3.5001927, 43.2509169]]]}, "properties": {"nombre": "Ramales de la Victoria", "ine": "39057"}}, {"type": "Feature", "geometry": {"type": "Polygon", "coordinates": [[[-4.0443291, 43.3819364], [-4.0441134, 43.3837573], [-4.043422, 43.3837546], [-4.0433145, 43.3839627], [-4.0431674, 43.3861882], [-4.0428037, 43.387299], [-4.0421632, 43.3881063], [-4.0416856, 43.3883357], [-4.0409576, 43.3883604], [-4.034779, 43.3880562], [-4.034447, 43.3881312], [-4.0340561, 43.3883779], [-4.0335254, 43.3891211], [-4.0328073, 43.3897308], [-4.0315181, 43.3901567], [-4.0298, 43.3915048], [-4.0289944, 43.3927907], [-4.0277639, 43.3945036], [-4.0277868, 43.3951248], [-4.0284414, 43.3965956], [-4.0282053, 43.3972371], [-4.0277413, 43.3975474], [-4.0268465, 43.3979426], [-4.0247438, 43.3992041], [-4.0230881, 43.3998852], [-4.0215843, 43.4000518], [-4.0183447, 43.4012782], [-4.0155811, 43.4006995], [-4.0154499, 43.4017182], [-4.0139658, 43.4023256], [-4.0098343, 43.4026683], [-4.0067241, 43.401291], [-4.0074043, 43.4006007], [-4.0059007, 43.3985428], [-4.0038645, 43.397129], [-4.002741, 43.3978952], [-4.0018546, 43.3980561], [-3.998044, 43.3991249], [-3.9937169, 43.3995768], [-3.9897178, 43.3997014], [-3.9874405, 43.3992902], [-3.9830455, 43.3949233], [-3.9824509, 43.3934095], [-3.9821673, 43.3930799], [-3.9818096, 43.393009], [-3.9816795, 43.3928554], [-3.9822812, 43.3921346], [-3.9818552, 43.3912987], [-3.9815919, 43.3910382], [-3.9810066, 43.3908079], [-3.977905, 43.3902278], [-3.9774097, 43.3905132], [-3.9738963, 43.3857604], [-3.9799902, 43.3775573], [-3.9875004, 43.375015], [-3.9916016, 43.3743552], [-3.9928469, 43.369725], [-3.9950639, 43.3679228], [-3.9955628, 43.3667299], [-3.9968112, 43.3653323], [-3.998052, 43.3634756], [-3.9993419, 43.3631131], [-4.0061382, 43.3568944], [-4.0078914, 43.3554563], [-4.012853, 43.3577357], [-4.0172591, 43.3577687], [-4.0209001, 43.3570609], [-4.0242242, 43.356599], [-4.0246847, 43.356829], [-4.025336, 43.3573995], [-4.0272239, 43.358121], [-4.0282701, 43.3586879], [-4.0291944, 43.3593459], [-4.0298104, 43.3600157], [-4.0301422, 43.3606611], [-4.030249, 43.3611373], [-4.0303347, 43.3618299], [-4.0300435, 43.3643088], [-4.0300134, 43.366182], [-4.0302097, 43.367567], [-4.0306332, 43.3685267], [-4.0367821, 43.3766293], [-4.0370242, 43.3770773], [-4.0370526, 43.3772932], [-4.0382785, 43.3782366], [-4.0443291, 43.3819364]]]}, "properties": {"nombre": "Polanco", "ine": "39054"}}, {"type": "Feature", "geometry": {"type": "Polygon", "coordinates": [[[-4.0560962, 43.0671666], [-4.0550134, 43.0720753], [-4.0537475, 43.0770576], [-4.0539431, 43.079154], [-4.0406547, 43.0895229], [-4.0373689, 43.0892105], [-4.0237534, 43.0920343], [-4.0158196, 43.0929964], [-4.0088247, 43.0980288], [-4.0079421, 43.0989101], [-4.0062888, 43.1000052], [-4.0044473, 43.1008678], [-4.0003775, 43.1022451], [-3.9990912, 43.101734], [-3.9961283, 43.1008953], [-3.9947236, 43.1006644], [-3.9942758, 43.1010915], [-3.9912746, 43.100154], [-3.9900304, 43.0999666], [-3.9872738, 43.0997203], [-3.9862993, 43.1002509], [-3.9855203, 43.0999515], [-3.9842987, 43.0996378], [-3.9808995, 43.0991626], [-3.9793952, 43.0988423], [-3.9774054, 43.0965721], [-3.9765709, 43.0950934], [-3.9759278, 43.0948287], [-3.9749713, 43.0941795], [-3.9736222, 43.0935606], [-3.9708016, 43.0931253], [-3.9697096, 43.0932246], [-3.9691185, 43.0931395], [-3.967096, 43.0918869], [-3.9657364, 43.0913761], [-3.9651574, 43.0912819], [-3.96477, 43.0908619], [-3.9645469, 43.0907378], [-3.9630478, 43.0907323], [-3.9625393, 43.0904304], [-3.9611311, 43.089947], [-3.9605796, 43.0900327], [-3.958343, 43.0876381], [-3.959103, 43.0867402], [-3.9592566, 43.0847669], [-3.9595403, 43.0840531], [-3.9595726, 43.0837557], [-3.9591505, 43.0826876], [-3.9589543, 43.0819239], [-3.9587302, 43.0777835], [-3.9618042, 43.0756146], [-3.9642648, 43.0735047], [-3.9674132, 43.0706237], [-3.9678152, 43.0704132], [-3.9710919, 43.0694579], [-3.9718383, 43.0684971], [-3.9730014, 43.0682621], [-3.9747953, 43.0667521], [-3.9755373, 43.0655211], [-3.9755571, 43.0652237], [-3.9751477, 43.0641827], [-3.975998, 43.0628157], [-3.9763147, 43.0626509], [-3.9794808, 43.0624978], [-3.983138, 43.0608006], [-3.9850615, 43.0597485], [-3.9865559, 43.0579707], [-3.9893639, 43.0554161], [-3.9925412, 43.0521739], [-3.993476, 43.0515085], [-3.9972236, 43.0493868], [-4.0012617, 43.0462719], [-4.006201, 43.0442386], [-4.0124251, 43.042707], [-4.0127927, 43.0426677], [-4.015426, 43.0430316], [-4.0170363, 43.0431524], [-4.0200359, 43.0426485], [-4.0225431, 43.0420679], [-4.0238531, 43.0418491], [-4.0260953, 43.0408475], [-4.0273399, 43.0403861], [-4.0323107, 43.0388466], [-4.0326053, 43.038844], [-4.033234, 43.0390004], [-4.0368634, 43.0402013], [-4.0386434, 43.0409236], [-4.0397213, 43.0415082], [-4.0436179, 43.0439671], [-4.0522641, 43.0542168], [-4.0528237, 43.0553463], [-4.0550436, 43.0587747], [-4.054202, 43.0598271], [-4.0527894, 43.0619652], [-4.0527258, 43.0668645], [-4.0550863, 43.0670048], [-4.0560962, 43.0671666]]]}, "properties": {"nombre": "San Miguel de Aguayo", "ine": "39070"}}, {"type": "Feature", "geometry": {"type": "Polygon", "coordinates": [[[-3.8570983, 43.1674662], [-3.8571372, 43.1667275], [-3.8570389, 43.1658547], [-3.8556421, 43.1653699], [-3.8542415, 43.1646149], [-3.8534342, 43.1640626], [-3.8530587, 43.1635972], [-3.852831, 43.1631486], [-3.8527441, 43.1622038], [-3.8528467, 43.1616177], [-3.8533407, 43.1599841], [-3.8540577, 43.158475], [-3.8526553, 43.155802], [-3.852413, 43.1551825], [-3.8463143, 43.1571096], [-3.8451242, 43.1573345], [-3.8443043, 43.1576377], [-3.8427723, 43.1589366], [-3.8422716, 43.1592015], [-3.8416949, 43.1593047], [-3.83295, 43.1593686], [-3.8291319, 43.160828], [-3.8285883, 43.1597423], [-3.8281884, 43.1592769], [-3.8265368, 43.1581182], [-3.8262744, 43.157814], [-3.8253431, 43.1562448], [-3.8246567, 43.1555023], [-3.8174834, 43.1497636], [-3.8176888, 43.1494919], [-3.8186959, 43.1493857], [-3.8178582, 43.1483561], [-3.8173052, 43.1474596], [-3.8166523, 43.1446007], [-3.8163426, 43.1444318], [-3.8158, 43.1443186], [-3.8156379, 43.1441486], [-3.8154716, 43.1436636], [-3.815506, 43.1434742], [-3.8157709, 43.1430491], [-3.8163571, 43.1427478], [-3.8151723, 43.1414955], [-3.8128195, 43.1383965], [-3.8122733, 43.1380042], [-3.8119472, 43.1375202], [-3.811653, 43.1366578], [-3.8109512, 43.1356543], [-3.8103835, 43.1336322], [-3.8101456, 43.1333007], [-3.8085506, 43.131691], [-3.8083863, 43.13135], [-3.8084868, 43.1305749], [-3.8018587, 43.1314318], [-3.7961322, 43.1278607], [-3.7957736, 43.1277011], [-3.7891, 43.1192466], [-3.7858682, 43.1154867], [-3.7846927, 43.1139099], [-3.7830107, 43.1121294], [-3.7828199, 43.1116264], [-3.7829484, 43.1110943], [-3.7829122, 43.110185], [-3.782993, 43.1097702], [-3.7829703, 43.108951], [-3.7827934, 43.108574], [-3.7821434, 43.1077139], [-3.7804882, 43.1060863], [-3.7786275, 43.1037577], [-3.7754462, 43.1029147], [-3.7702481, 43.1009777], [-3.7682526, 43.1006038], [-3.7665512, 43.100156], [-3.7635144, 43.0990506], [-3.7622103, 43.0989242], [-3.7608095, 43.0989335], [-3.7576979, 43.0987199], [-3.7568265, 43.0988157], [-3.7559822, 43.0991095], [-3.7558887, 43.0984977], [-3.755943, 43.0979121], [-3.7562494, 43.0968475], [-3.7591656, 43.0931722], [-3.7593443, 43.0927208], [-3.759816, 43.0921144], [-3.7594608, 43.0912072], [-3.7586949, 43.0898706], [-3.7583612, 43.0887201], [-3.757508, 43.0882755], [-3.7578554, 43.0875528], [-3.7572541, 43.0866113], [-3.7569117, 43.0857401], [-3.7570137, 43.085046], [-3.757171, 43.0848469], [-3.7575244, 43.0846104], [-3.7591384, 43.0839874], [-3.7605578, 43.0835188], [-3.7616003, 43.0833768], [-3.7629946, 43.0828723], [-3.7633351, 43.0825909], [-3.7638555, 43.0819571], [-3.7639493, 43.0815962], [-3.7645689, 43.0810338], [-3.7649356, 43.0808873], [-3.7675942, 43.0803022], [-3.7693712, 43.0809387], [-3.7751646, 43.0824846], [-3.775804, 43.0825343], [-3.7778455, 43.0807555], [-3.7783461, 43.080509], [-3.7789597, 43.0804598], [-3.7804265, 43.0798735], [-3.7880012, 43.0785251], [-3.7895568, 43.0781722], [-3.7902811, 43.0781312], [-3.7926952, 43.0786278], [-3.7978375, 43.0810955], [-3.8011082, 43.0832069], [-3.8020216, 43.0825882], [-3.8045577, 43.0830027], [-3.8063081, 43.0834497], [-3.8072732, 43.0839742], [-3.8081295, 43.0846255], [-3.8102079, 43.0866549], [-3.811515, 43.0860874], [-3.8130391, 43.0861396], [-3.8140454, 43.0860515], [-3.8153295, 43.0856011], [-3.8162523, 43.0847751], [-3.8182805, 43.0820772], [-3.8190485, 43.0816305], [-3.8207359, 43.0810331], [-3.8224261, 43.0806518], [-3.8232606, 43.0805828], [-3.826332, 43.0805967], [-3.8285462, 43.0808149], [-3.830866, 43.0806631], [-3.8323623, 43.0804811], [-3.8352616, 43.0804871], [-3.8411243, 43.0815969], [-3.8443916, 43.0824554], [-3.8452563, 43.0828002], [-3.8459734, 43.083348], [-3.8469614, 43.0843995], [-3.8479508, 43.0857699], [-3.8494253, 43.0884605], [-3.8503311, 43.0891021], [-3.8521764, 43.09016], [-3.8542407, 43.0910542], [-3.8552027, 43.0913171], [-3.861276, 43.0942073], [-3.8619226, 43.0947517], [-3.8624988, 43.0955398], [-3.8638904, 43.0983839], [-3.8645231, 43.0988114], [-3.8659577, 43.0994669], [-3.868131, 43.1002069], [-3.8687149, 43.1006617], [-3.8691417, 43.1021623], [-3.8695843, 43.1030504], [-3.8701841, 43.1037483], [-3.8705009, 43.1044302], [-3.8702598, 43.1056297], [-3.8698176, 43.1065155], [-3.8681643, 43.1086712], [-3.867503, 43.1097118], [-3.8676538, 43.1099538], [-3.8692873, 43.1116073], [-3.8697955, 43.1119096], [-3.8713885, 43.1124378], [-3.8727996, 43.1131385], [-3.873581, 43.1136368], [-3.8751238, 43.1149488], [-3.8759218, 43.1166086], [-3.8769903, 43.1182663], [-3.8778658, 43.1193222], [-3.8779956, 43.1198075], [-3.8775577, 43.1209905], [-3.8777316, 43.1219797], [-3.8777064, 43.1227993], [-3.8793447, 43.1281897], [-3.8795225, 43.129449], [-3.8794165, 43.129774], [-3.8790082, 43.1304525], [-3.8783788, 43.1311507], [-3.8780066, 43.1317749], [-3.877298, 43.1338154], [-3.8767705, 43.1356294], [-3.8767971, 43.1383577], [-3.8776147, 43.1396391], [-3.8779336, 43.1404471], [-3.8781504, 43.1418502], [-3.8783673, 43.1423979], [-3.8794543, 43.1435962], [-3.8795695, 43.1439105], [-3.8793631, 43.1458211], [-3.8798031, 43.148204], [-3.879723, 43.1486278], [-3.8795677, 43.1489442], [-3.8787345, 43.1500222], [-3.8778614, 43.1508933], [-3.8764626, 43.1528491], [-3.8760922, 43.1536083], [-3.8767839, 43.1555391], [-3.8767342, 43.1563679], [-3.8760957, 43.1573093], [-3.8753898, 43.1578369], [-3.8744743, 43.1583302], [-3.8732511, 43.1588077], [-3.8707648, 43.1604295], [-3.8684364, 43.1627884], [-3.8695265, 43.1650674], [-3.8702267, 43.166737], [-3.8702498, 43.1674932], [-3.8705087, 43.1684007], [-3.8706327, 43.1702098], [-3.8705512, 43.1705346], [-3.8693629, 43.1726327], [-3.86903, 43.1725812], [-3.8686377, 43.1718098], [-3.868175, 43.171282], [-3.8659134, 43.1705607], [-3.8641417, 43.1714295], [-3.8632926, 43.1714179], [-3.8616459, 43.1715473], [-3.8614834, 43.1713685], [-3.8619138, 43.1704737], [-3.8619333, 43.1701134], [-3.8618144, 43.169529], [-3.8614567, 43.1685861], [-3.8610187, 43.1680581], [-3.8604864, 43.167819], [-3.8597113, 43.1678158], [-3.8582879, 43.1680786], [-3.8576581, 43.1679122], [-3.8573829, 43.1675811], [-3.8570983, 43.1674662]]]}, "properties": {"nombre": "San Pedro del Romeral", "ine": "39071"}}, {"type": "Feature", "geometry": {"type": "Polygon", "coordinates": [[[-3.7684077, 43.2812585], [-3.7668841, 43.2826194], [-3.7667294, 43.2820801], [-3.7664141, 43.2815059], [-3.7649576, 43.280354], [-3.7624867, 43.2798752], [-3.7616453, 43.2796107], [-3.7608383, 43.2791388], [-3.7592445, 43.2788252], [-3.7588602, 43.2786476], [-3.7582745, 43.2781292], [-3.7569629, 43.2767151], [-3.7549452, 43.275999], [-3.7539766, 43.2754021], [-3.7525394, 43.2747812], [-3.7500637, 43.2738969], [-3.7497747, 43.2734395], [-3.7495929, 43.2726843], [-3.7485303, 43.2724571], [-3.7486445, 43.271718], [-3.7478662, 43.271561], [-3.7475044, 43.2711941], [-3.7478202, 43.2708229], [-3.7463578, 43.270139], [-3.7459963, 43.2697992], [-3.7458072, 43.2694493], [-3.7459134, 43.2690614], [-3.7456585, 43.2683696], [-3.7452812, 43.2677418], [-3.7435215, 43.2659162], [-3.7426426, 43.2655797], [-3.7415426, 43.2642901], [-3.7415872, 43.2639026], [-3.7418674, 43.2636397], [-3.7418273, 43.2633788], [-3.7415396, 43.2630205], [-3.7409206, 43.2627813], [-3.7402192, 43.2618404], [-3.7378264, 43.2606131], [-3.7378057, 43.2599109], [-3.7364962, 43.2596221], [-3.7329923, 43.2581948], [-3.7301963, 43.2572311], [-3.729749, 43.2569097], [-3.728752, 43.2559526], [-3.7270325, 43.2553691], [-3.7261709, 43.2554376], [-3.7230161, 43.2553585], [-3.7219892, 43.2549958], [-3.7207598, 43.2552196], [-3.7197089, 43.2559466], [-3.7168214, 43.256613], [-3.7158316, 43.2573126], [-3.7146987, 43.2563021], [-3.7127032, 43.2552789], [-3.7122185, 43.2549127], [-3.7117673, 43.2542492], [-3.7116402, 43.2539168], [-3.7115187, 43.2529991], [-3.7113918, 43.2526847], [-3.7106307, 43.2518519], [-3.7104155, 43.251358], [-3.7096031, 43.2503455], [-3.7099372, 43.2494159], [-3.7097857, 43.2490927], [-3.7094741, 43.2487794], [-3.708743, 43.2484058], [-3.7077548, 43.2481777], [-3.7075179, 43.2468555], [-3.7070933, 43.2463628], [-3.7058532, 43.2456411], [-3.705635, 43.244877], [-3.7056387, 43.2441296], [-3.7054517, 43.2439326], [-3.7047589, 43.2436667], [-3.7038031, 43.2430332], [-3.7037021, 43.2428177], [-3.7035414, 43.2416931], [-3.7033647, 43.241325], [-3.7016576, 43.2406781], [-3.7015682, 43.2403995], [-3.7016545, 43.2393364], [-3.7000739, 43.2368157], [-3.7000024, 43.2348711], [-3.7002129, 43.2338882], [-3.6997528, 43.2335038], [-3.699525, 43.2329649], [-3.6996034, 43.2322801], [-3.7000143, 43.2315932], [-3.7007355, 43.2311206], [-3.7016558, 43.2308268], [-3.7024632, 43.2303536], [-3.7031459, 43.2297551], [-3.7034823, 43.2290146], [-3.7044747, 43.2285763], [-3.7037755, 43.2277341], [-3.7055086, 43.2253102], [-3.7061857, 43.2242254], [-3.7066239, 43.2237815], [-3.7072494, 43.2235705], [-3.7071699, 43.2230758], [-3.7083859, 43.220682], [-3.7072633, 43.2194282], [-3.7070711, 43.218781], [-3.7061059, 43.2172922], [-3.7058369, 43.2163843], [-3.7056727, 43.2149536], [-3.7054297, 43.2141626], [-3.7049408, 43.2134002], [-3.7044298, 43.2128541], [-3.7041771, 43.2122883], [-3.7041833, 43.211757], [-3.7043476, 43.2110536], [-3.7041708, 43.2106675], [-3.7037838, 43.2102016], [-3.7031261, 43.2097464], [-3.7021604, 43.209266], [-3.7018353, 43.2088268], [-3.7019579, 43.2077094], [-3.7015956, 43.2072434], [-3.6991552, 43.2048269], [-3.6976091, 43.2030894], [-3.6967502, 43.2022481], [-3.6960992, 43.2012886], [-3.695959, 43.2008662], [-3.6959339, 43.1997317], [-3.6956435, 43.1990941], [-3.6954386, 43.198384], [-3.6957239, 43.1974908], [-3.6956435, 43.1969149], [-3.6953906, 43.1963222], [-3.6949676, 43.1959195], [-3.6941625, 43.1954741], [-3.6934335, 43.1952174], [-3.6921194, 43.1943789], [-3.6918308, 43.1938943], [-3.6915443, 43.1935899], [-3.6909985, 43.193206], [-3.6899024, 43.1920509], [-3.688524, 43.1909516], [-3.6880399, 43.1894867], [-3.6875022, 43.1887245], [-3.6873529, 43.1863751], [-3.6861653, 43.1847163], [-3.6858514, 43.1841599], [-3.6860374, 43.1831862], [-3.6855997, 43.1825585], [-3.6854331, 43.1819561], [-3.6854754, 43.1813346], [-3.6858023, 43.1797567], [-3.6857454, 43.1790727], [-3.6853685, 43.1783726], [-3.6836849, 43.1774551], [-3.6806663, 43.1759872], [-3.6782602, 43.1753711], [-3.6779754, 43.1752017], [-3.6775198, 43.1740607], [-3.6769848, 43.1735146], [-3.6762904, 43.1730234], [-3.6756615, 43.172901], [-3.6739702, 43.1723797], [-3.6731159, 43.1718894], [-3.6724261, 43.1718124], [-3.6707411, 43.1718673], [-3.6697297, 43.17163], [-3.6675321, 43.1720661], [-3.6656004, 43.1720593], [-3.6632474, 43.1717757], [-3.6624808, 43.1714199], [-3.6623181, 43.1711687], [-3.6590813, 43.1769235], [-3.6584007, 43.1766789], [-3.6573192, 43.1744141], [-3.6551626, 43.1715691], [-3.6552437, 43.1711312], [-3.6561111, 43.1707234], [-3.6570767, 43.1699921], [-3.6579108, 43.1697622], [-3.6583252, 43.1693997], [-3.659931, 43.1688502], [-3.6609635, 43.1687632], [-3.6607694, 43.1678728], [-3.6614104, 43.1668426], [-3.661782, 43.1659399], [-3.6622422, 43.1652619], [-3.6629136, 43.1647808], [-3.6667554, 43.1628405], [-3.6674291, 43.1591716], [-3.6679535, 43.1576197], [-3.6766221, 43.1550837], [-3.6773152, 43.1554758], [-3.6789556, 43.1569969], [-3.6808274, 43.157193], [-3.6817007, 43.1571878], [-3.6820835, 43.1573206], [-3.6828272, 43.1578385], [-3.6837408, 43.1581392], [-3.6869784, 43.158363], [-3.6894549, 43.1587264], [-3.6938067, 43.1598277], [-3.6948105, 43.1598813], [-3.6991732, 43.1609639], [-3.6994475, 43.1612864], [-3.6995738, 43.1615737], [-3.6996667, 43.1621765], [-3.7005245, 43.1651249], [-3.7011143, 43.1661478], [-3.7012175, 43.1665614], [-3.6996329, 43.1689394], [-3.7007568, 43.1714809], [-3.7010934, 43.1740273], [-3.7035752, 43.1758671], [-3.704913, 43.1766423], [-3.7066368, 43.178892], [-3.712136, 43.1819917], [-3.7131791, 43.1828047], [-3.7147782, 43.1838588], [-3.714938, 43.186972], [-3.7148701, 43.1895929], [-3.7153167, 43.1920124], [-3.7151461, 43.1935364], [-3.7198406, 43.1967032], [-3.7224727, 43.1998019], [-3.724626, 43.2018324], [-3.7261005, 43.2026515], [-3.7289431, 43.2036804], [-3.7287864, 43.2070019], [-3.7288672, 43.2075867], [-3.7273854, 43.20928], [-3.7274309, 43.2110447], [-3.7285358, 43.2139012], [-3.7272685, 43.2160434], [-3.7308597, 43.2177765], [-3.7341346, 43.2198177], [-3.7350419, 43.2225854], [-3.7411315, 43.2241581], [-3.7432251, 43.2251982], [-3.7442613, 43.2253535], [-3.7446483, 43.2268008], [-3.7443438, 43.2270729], [-3.7447944, 43.2276733], [-3.744728, 43.2282951], [-3.7451312, 43.2290489], [-3.7447882, 43.2291952], [-3.7446791, 43.22934], [-3.7450792, 43.2298327], [-3.7474625, 43.231384], [-3.7578266, 43.234936], [-3.7608254, 43.2374105], [-3.762086, 43.2377533], [-3.7629894, 43.239089], [-3.7621976, 43.2407872], [-3.762259, 43.2417683], [-3.7629119, 43.243754], [-3.7621045, 43.2461817], [-3.7591095, 43.2500286], [-3.7588277, 43.2511471], [-3.7603674, 43.253118], [-3.761803, 43.2536397], [-3.764195, 43.257757], [-3.7640512, 43.2600542], [-3.7658456, 43.2656162], [-3.7667497, 43.2669609], [-3.766643, 43.2682853], [-3.762764, 43.2714629], [-3.7620121, 43.2744215], [-3.7629152, 43.2756941], [-3.7644072, 43.2767378], [-3.7653621, 43.2781992], [-3.7681846, 43.2801794], [-3.7684138, 43.2807632], [-3.7684077, 43.2812585]]]}, "properties": {"nombre": "San Roque de Riomiera", "ine": "39072"}}, {"type": "Feature", "geometry": {"type": "MultiPolygon", "coordinates": [[[[-3.9236662, 43.4194786], [-3.9234981, 43.421425], [-3.9231962, 43.4235075], [-3.9226725, 43.4315491], [-3.9220057, 43.438681], [-3.9227006, 43.4405033], [-3.9226952, 43.4442133], [-3.9228573, 43.4475617], [-3.9173888, 43.4504512], [-3.9167873, 43.4572725], [-3.9115045, 43.4610786], [-3.9127456, 43.4646886], [-3.9137476, 43.4688407], [-3.9158803, 43.4731305], [-3.9156926, 43.4731617], [-3.9164536, 43.475077], [-3.9164087, 43.4751885], [-3.9162145, 43.4753393], [-3.9160005, 43.4753705], [-3.9159092, 43.4754829], [-3.9154655, 43.4755096], [-3.9152084, 43.4756901], [-3.9145844, 43.4758039], [-3.9145819, 43.4756095], [-3.9154544, 43.4751863], [-3.9157785, 43.4747949], [-3.9157, 43.4745074], [-3.914963, 43.4737419], [-3.9146708, 43.4736314], [-3.9142405, 43.4736375], [-3.9136413, 43.4738599], [-3.9130829, 43.4739113], [-3.9126084, 43.4741926], [-3.911613, 43.474279], [-3.911557, 43.4741664], [-3.911745, 43.4736897], [-3.9116878, 43.4733432], [-3.9117495, 43.4729215], [-3.911214, 43.4727468], [-3.9104986, 43.4727542], [-3.9100807, 43.4728093], [-3.9092174, 43.4732011], [-3.908552, 43.4740374], [-3.9085421, 43.4743088], [-3.9086499, 43.4744969], [-3.9082924, 43.4746955], [-3.9081065, 43.4747247], [-3.9075704, 43.4744007], [-3.9071983, 43.4743294], [-3.9053924, 43.4749813], [-3.9053422, 43.4749414], [-3.9055035, 43.4748224], [-3.9054228, 43.474727], [-3.905891, 43.4745062], [-3.9053531, 43.4746264], [-3.9052875, 43.4745575], [-3.9055969, 43.4743944], [-3.9054363, 43.4743478], [-3.9050364, 43.4744743], [-3.9051333, 43.4743505], [-3.9047677, 43.4743459], [-3.9042319, 43.4745713], [-3.9040595, 43.4744741], [-3.9043441, 43.4743673], [-3.9043511, 43.4742497], [-3.9041417, 43.4743478], [-3.9039717, 43.4742959], [-3.9039025, 43.4744301], [-3.9032674, 43.4745232], [-3.9029788, 43.4747209], [-3.9019388, 43.4751348], [-3.9016696, 43.4751743], [-3.9015991, 43.4750655], [-3.9015551, 43.4752088], [-3.9008288, 43.4755264], [-3.9001951, 43.4756803], [-3.8994738, 43.476021], [-3.8992977, 43.475955], [-3.8989445, 43.4761054], [-3.8987321, 43.4760718], [-3.8982524, 43.4761761], [-3.8981006, 43.4761245], [-3.8981356, 43.4763059], [-3.8976072, 43.4764938], [-3.8973493, 43.4764729], [-3.8973495, 43.476565], [-3.8971106, 43.4765691], [-3.897091, 43.4766757], [-3.8968318, 43.4765853], [-3.8969664, 43.4766638], [-3.8964375, 43.4767989], [-3.8963679, 43.4767301], [-3.8964728, 43.4765882], [-3.8962373, 43.4765819], [-3.8961998, 43.476669], [-3.8958314, 43.4768036], [-3.8954906, 43.4768289], [-3.8956466, 43.4766706], [-3.8963257, 43.476411], [-3.8962684, 43.4763463], [-3.8952407, 43.4766717], [-3.8949393, 43.4766682], [-3.894915, 43.476757], [-3.8945644, 43.4768685], [-3.8943634, 43.4768475], [-3.8942004, 43.4766939], [-3.8933495, 43.4768403], [-3.8933567, 43.4769038], [-3.8929707, 43.4771147], [-3.8926371, 43.4771432], [-3.8920615, 43.47694], [-3.8920633, 43.4767658], [-3.8916183, 43.4762641], [-3.8916586, 43.4761836], [-3.8915766, 43.476089], [-3.8917575, 43.4759821], [-3.891742, 43.4758317], [-3.8919344, 43.4756847], [-3.8915609, 43.4757288], [-3.8914485, 43.4756345], [-3.891627, 43.4754572], [-3.8919028, 43.4754485], [-3.8920427, 43.4753058], [-3.8918967, 43.4752804], [-3.8912826, 43.4754568], [-3.891043, 43.4752761], [-3.8916215, 43.4749451], [-3.892152, 43.4749263], [-3.8921308, 43.4748407], [-3.892513, 43.4747489], [-3.8925405, 43.4745926], [-3.8926999, 43.4745107], [-3.8925693, 43.4742461], [-3.8923826, 43.4742672], [-3.8922533, 43.4741731], [-3.8924607, 43.473998], [-3.8925281, 43.4738141], [-3.892502, 43.4736188], [-3.8923739, 43.473452], [-3.8916714, 43.4734516], [-3.8914561, 43.4735278], [-3.8909763, 43.4733453], [-3.8907803, 43.4733791], [-3.8906385, 43.473281], [-3.8907656, 43.473101], [-3.8912502, 43.4729923], [-3.8914754, 43.4727284], [-3.8914643, 43.4724702], [-3.8911438, 43.4720698], [-3.8909695, 43.4721781], [-3.8909127, 43.4722942], [-3.890973, 43.4723936], [-3.8905401, 43.4727032], [-3.890526, 43.4728187], [-3.8902427, 43.4728176], [-3.8897922, 43.4729596], [-3.8896332, 43.4731504], [-3.8896312, 43.4735387], [-3.8890083, 43.4740003], [-3.8883553, 43.4741324], [-3.8879612, 43.4742982], [-3.8870322, 43.4751428], [-3.8859876, 43.4754081], [-3.8858876, 43.475463], [-3.885998, 43.4755463], [-3.8859431, 43.4756485], [-3.8853994, 43.4759401], [-3.8850161, 43.4759422], [-3.885109, 43.4761226], [-3.8846708, 43.4762568], [-3.8844863, 43.4761755], [-3.8843769, 43.4758745], [-3.8840455, 43.4758943], [-3.8838728, 43.4757453], [-3.8833917, 43.4756847], [-3.8825738, 43.4751878], [-3.8825744, 43.4750862], [-3.8823467, 43.4750157], [-3.8822146, 43.4750935], [-3.8818711, 43.4749178], [-3.8806635, 43.4739808], [-3.8799742, 43.4733377], [-3.8792391, 43.4729562], [-3.8782739, 43.4720451], [-3.8772762, 43.4714495], [-3.8754918, 43.4694641], [-3.8741782, 43.4666737], [-3.8723964, 43.4639859], [-3.8700698, 43.4577814], [-3.8717229, 43.4575527], [-3.8759312, 43.4562149], [-3.878175, 43.4558105], [-3.8803242, 43.4548485], [-3.8872428, 43.4520846], [-3.8872005, 43.4508783], [-3.8890298, 43.4483518], [-3.8881706, 43.4445315], [-3.8882305, 43.4435586], [-3.8898789, 43.4430415], [-3.8892562, 43.4418667], [-3.8891886, 43.441471], [-3.8893693, 43.4411545], [-3.88934, 43.4408395], [-3.8902552, 43.4408864], [-3.8905474, 43.440587], [-3.8911388, 43.4404654], [-3.8912603, 43.4403293], [-3.8916906, 43.4401729], [-3.8923594, 43.4402758], [-3.8927912, 43.4402274], [-3.893527, 43.4398434], [-3.8942793, 43.4397385], [-3.895244, 43.439794], [-3.8954407, 43.4397294], [-3.8960018, 43.4392298], [-3.8974277, 43.4387143], [-3.9007806, 43.4381567], [-3.9025445, 43.4379447], [-3.9031507, 43.4375958], [-3.9032363, 43.4371018], [-3.9036864, 43.436621], [-3.9031196, 43.4350677], [-3.9002447, 43.4303449], [-3.8991586, 43.4270847], [-3.8968916, 43.4241669], [-3.8981495, 43.4231756], [-3.9005617, 43.4183841], [-3.9013231, 43.4180809], [-3.9035694, 43.4162893], [-3.9038716, 43.4158457], [-3.9041529, 43.4148259], [-3.9041159, 43.4139978], [-3.9044799, 43.4135537], [-3.9050912, 43.4131346], [-3.9060381, 43.412848], [-3.9081343, 43.4134347], [-3.9085948, 43.4128367], [-3.9098987, 43.4124752], [-3.9108198, 43.4121257], [-3.9110755, 43.4118805], [-3.9112565, 43.4107715], [-3.9115205, 43.4102561], [-3.9119449, 43.4097305], [-3.9128819, 43.4104344], [-3.9132714, 43.4100531], [-3.9139926, 43.4095521], [-3.9149306, 43.4095085], [-3.9162332, 43.4098853], [-3.917916, 43.4100879], [-3.9187441, 43.4101263], [-3.9194466, 43.4100216], [-3.919889, 43.409874], [-3.9214578, 43.4082585], [-3.9236662, 43.4194786]]], [[[-3.8917339, 43.4741214], [-3.8921261, 43.473923], [-3.8922496, 43.4740788], [-3.8920242, 43.4742424], [-3.8917368, 43.4742038], [-3.8917339, 43.4741214]]], [[[-3.8914393, 43.4743746], [-3.8915469, 43.4742117], [-3.8916634, 43.4742638], [-3.8915644, 43.474352], [-3.8914393, 43.4743746]]], [[[-3.9085657, 43.4756191], [-3.909879, 43.4752476], [-3.9100732, 43.4752724], [-3.9101556, 43.4753725], [-3.9099572, 43.4755312], [-3.9104501, 43.4753911], [-3.9101567, 43.475811], [-3.9097553, 43.4759901], [-3.9097386, 43.4760859], [-3.9095145, 43.4762342], [-3.9098279, 43.4761755], [-3.9098794, 43.4762917], [-3.9095985, 43.4765023], [-3.9096839, 43.476667], [-3.9094964, 43.4767515], [-3.9094926, 43.4768929], [-3.9093816, 43.4769446], [-3.9092823, 43.4768281], [-3.9092299, 43.4770902], [-3.9089952, 43.4771057], [-3.9090513, 43.4771639], [-3.9090005, 43.4773074], [-3.908695, 43.477369], [-3.9085422, 43.4772289], [-3.9085689, 43.4772927], [-3.9084784, 43.4773598], [-3.9083177, 43.4772972], [-3.9082734, 43.4771829], [-3.9084759, 43.4770021], [-3.9078936, 43.4771837], [-3.9074158, 43.4775748], [-3.9070838, 43.4774845], [-3.9071266, 43.4776228], [-3.9066996, 43.4776903], [-3.9065897, 43.4778062], [-3.9064009, 43.4778293], [-3.9062603, 43.4777441], [-3.9063422, 43.4775992], [-3.9067975, 43.4773037], [-3.9068104, 43.4771995], [-3.9067096, 43.4771016], [-3.9071582, 43.4769286], [-3.9071666, 43.4767844], [-3.9074512, 43.476683], [-3.9076319, 43.4768308], [-3.9075945, 43.4766471], [-3.9077758, 43.4765199], [-3.9079086, 43.4765534], [-3.907807, 43.4764101], [-3.9079016, 43.4762587], [-3.9081943, 43.4761973], [-3.9082452, 43.4760659], [-3.90854, 43.4759862], [-3.9084998, 43.4758932], [-3.9086482, 43.4757743], [-3.9085657, 43.4756191]]]]}, "properties": {"nombre": "Santa Cruz de Bezana", "ine": "39073"}}, {"type": "Feature", "geometry": {"type": "Polygon", "coordinates": [[[-3.9198287, 43.292237], [-3.9260614, 43.3041829], [-3.9241141, 43.3053946], [-3.9184266, 43.3077305], [-3.9142462, 43.3100109], [-3.9088626, 43.3108202], [-3.9014255, 43.3091333], [-3.8978542, 43.3093176], [-3.8928718, 43.3135392], [-3.8941613, 43.3207509], [-3.8954587, 43.3239496], [-3.8955979, 43.3248508], [-3.896203, 43.3260257], [-3.8982777, 43.3280828], [-3.899769, 43.3297292], [-3.904524, 43.3315628], [-3.905261, 43.3325793], [-3.904303, 43.3381816], [-3.9014368, 43.3371261], [-3.8987887, 43.336698], [-3.8924266, 43.3360965], [-3.887658, 43.3335045], [-3.8863239, 43.3311278], [-3.88478, 43.3302614], [-3.8816996, 43.3292927], [-3.8771604, 43.329745], [-3.8711263, 43.3297826], [-3.8682593, 43.330682], [-3.8641571, 43.331783], [-3.8587206, 43.3333945], [-3.8553274, 43.3350948], [-3.8537675, 43.3338187], [-3.8523056, 43.3324879], [-3.84429, 43.3273245], [-3.8276702, 43.3169462], [-3.8251639, 43.3149202], [-3.8219613, 43.3078655], [-3.8190798, 43.3044733], [-3.8040718, 43.2977269], [-3.8011703, 43.297405], [-3.7998536, 43.2975943], [-3.7985809, 43.2973781], [-3.7963784, 43.298654], [-3.7957806, 43.29819], [-3.7936387, 43.2974934], [-3.7922632, 43.2969536], [-3.7903277, 43.2960035], [-3.787159, 43.2959802], [-3.784707, 43.2960871], [-3.780854, 43.2965366], [-3.7787909, 43.297172], [-3.7785328, 43.2974534], [-3.7759445, 43.2966859], [-3.7737301, 43.295757], [-3.7730002, 43.2952223], [-3.7717478, 43.2940813], [-3.7703347, 43.2936523], [-3.7691815, 43.293011], [-3.7667638, 43.2919311], [-3.7663928, 43.290637], [-3.7661031, 43.2901436], [-3.7653546, 43.2894282], [-3.7642878, 43.2879045], [-3.7634189, 43.285452], [-3.7668841, 43.2826194], [-3.7684077, 43.2812585], [-3.7713377, 43.2809867], [-3.7736455, 43.2812233], [-3.7747642, 43.2809906], [-3.7764768, 43.280943], [-3.7770646, 43.2796693], [-3.7782972, 43.2777429], [-3.780358, 43.276009], [-3.7807552, 43.2752679], [-3.7839569, 43.2721754], [-3.7871643, 43.2714691], [-3.7918492, 43.271626], [-3.7935894, 43.2718301], [-3.7990375, 43.2719183], [-3.799694, 43.2721749], [-3.8012791, 43.2718216], [-3.8025747, 43.2719476], [-3.8053676, 43.2725404], [-3.8061992, 43.2729938], [-3.8080906, 43.2734397], [-3.8099577, 43.2729763], [-3.8159521, 43.2705835], [-3.8202859, 43.2721285], [-3.8211359, 43.2721044], [-3.8246709, 43.2737989], [-3.8249343, 43.2750577], [-3.8251983, 43.275443], [-3.8258855, 43.2761404], [-3.8262392, 43.2767772], [-3.8326412, 43.2799096], [-3.834055, 43.2832581], [-3.8387182, 43.2826568], [-3.8459567, 43.2829008], [-3.8468022, 43.2825433], [-3.852926, 43.280634], [-3.8542333, 43.2806963], [-3.8606506, 43.2821521], [-3.8648627, 43.2836692], [-3.8668899, 43.285815], [-3.8716855, 43.2850042], [-3.8908149, 43.2849652], [-3.8927671, 43.2861297], [-3.9034034, 43.2868838], [-3.9102737, 43.288018], [-3.9123167, 43.2886231], [-3.9143876, 43.2894531], [-3.9198287, 43.292237]]]}, "properties": {"nombre": "Santa María de Cayón", "ine": "39074"}}, {"type": "Feature", "geometry": {"type": "MultiPolygon", "coordinates": [[[[-3.8881706, 43.4445315], [-3.8890298, 43.4483518], [-3.8872005, 43.4508783], [-3.8872428, 43.4520846], [-3.8803242, 43.4548485], [-3.878175, 43.4558105], [-3.8759312, 43.4562149], [-3.8717229, 43.4575527], [-3.8700698, 43.4577814], [-3.8723964, 43.4639859], [-3.8741782, 43.4666737], [-3.8754918, 43.4694641], [-3.8772762, 43.4714495], [-3.8782739, 43.4720451], [-3.8792391, 43.4729562], [-3.8799742, 43.4733377], [-3.8806635, 43.4739808], [-3.8818711, 43.4749178], [-3.8822146, 43.4750935], [-3.8820174, 43.4750634], [-3.8819732, 43.4750994], [-3.8820697, 43.4751899], [-3.8823286, 43.4751967], [-3.8831547, 43.4757699], [-3.8832822, 43.4760137], [-3.8827491, 43.4764462], [-3.8823822, 43.4765597], [-3.8812848, 43.4763404], [-3.8813544, 43.4768756], [-3.8803372, 43.4772418], [-3.879658, 43.4773201], [-3.8793522, 43.4771099], [-3.878687, 43.4771912], [-3.8783305, 43.4769958], [-3.8772026, 43.4771907], [-3.8766456, 43.4771288], [-3.8762634, 43.4771996], [-3.8762675, 43.4770432], [-3.8769311, 43.4766248], [-3.8768587, 43.4765265], [-3.8767188, 43.4765152], [-3.8768888, 43.4763085], [-3.8768172, 43.4762466], [-3.8765906, 43.4763792], [-3.8763731, 43.4766601], [-3.8761548, 43.4766625], [-3.8759621, 43.4769291], [-3.8755502, 43.4770469], [-3.8755159, 43.4769392], [-3.8754082, 43.4769632], [-3.8753404, 43.4768843], [-3.8744459, 43.4771554], [-3.8729276, 43.4770303], [-3.8727722, 43.4772277], [-3.8725454, 43.4771052], [-3.8727709, 43.4767055], [-3.8699232, 43.4768712], [-3.8694868, 43.4766198], [-3.8681286, 43.4769318], [-3.8667291, 43.477386], [-3.8667873, 43.4772177], [-3.8666437, 43.4769918], [-3.8661703, 43.4768565], [-3.8658785, 43.4768897], [-3.8656191, 43.477091], [-3.8654944, 43.4768225], [-3.8664047, 43.475996], [-3.8664158, 43.4759025], [-3.8663059, 43.4758257], [-3.8661129, 43.4758322], [-3.8655206, 43.4761585], [-3.8650153, 43.476076], [-3.8647118, 43.4761426], [-3.8642997, 43.4758334], [-3.8639354, 43.4759269], [-3.8630326, 43.475951], [-3.8623137, 43.4756291], [-3.8620901, 43.4756524], [-3.8619924, 43.4759273], [-3.8615949, 43.4759666], [-3.860286, 43.476712], [-3.85956, 43.4769693], [-3.8580093, 43.4770305], [-3.857685, 43.4772536], [-3.8560619, 43.4778915], [-3.8557155, 43.4777708], [-3.8531835, 43.4791414], [-3.8528477, 43.4790816], [-3.8528595, 43.4788475], [-3.8522514, 43.4792393], [-3.8519447, 43.4792414], [-3.8519729, 43.4793291], [-3.8514778, 43.4796108], [-3.8509476, 43.4794876], [-3.8510248, 43.4793293], [-3.8507991, 43.4793742], [-3.8482482, 43.4810098], [-3.8472749, 43.4810988], [-3.8467597, 43.4813449], [-3.8460172, 43.4819043], [-3.8456304, 43.4824878], [-3.8456455, 43.4828828], [-3.8461333, 43.483187], [-3.8460472, 43.4835442], [-3.8457956, 43.4836811], [-3.8449562, 43.4837694], [-3.8445029, 43.4836456], [-3.8437287, 43.483847], [-3.8435143, 43.4836935], [-3.8430905, 43.4838946], [-3.8428968, 43.483752], [-3.8425586, 43.4839326], [-3.842017, 43.4836235], [-3.8407357, 43.4814872], [-3.8404656, 43.4817493], [-3.8403879, 43.4815449], [-3.8401829, 43.4814871], [-3.8401887, 43.4810628], [-3.8396223, 43.4808845], [-3.8391824, 43.4809164], [-3.839148, 43.4811173], [-3.8387401, 43.4812137], [-3.8384069, 43.4809982], [-3.8383134, 43.4804406], [-3.8390107, 43.4797101], [-3.8388391, 43.4794127], [-3.8389451, 43.4792702], [-3.8388686, 43.4791671], [-3.8387411, 43.4791084], [-3.8376851, 43.4798349], [-3.8383326, 43.4793318], [-3.838515, 43.4790418], [-3.8392146, 43.4784879], [-3.8397864, 43.4781973], [-3.8405321, 43.4779651], [-3.8407484, 43.477559], [-3.8408995, 43.4774688], [-3.8409433, 43.4770776], [-3.840229, 43.476994], [-3.8401101, 43.477042], [-3.8399699, 43.4772096], [-3.8399817, 43.4773279], [-3.8398315, 43.4774174], [-3.8394888, 43.4773669], [-3.839583, 43.477509], [-3.8395146, 43.4775914], [-3.8384174, 43.4782362], [-3.8383547, 43.4784761], [-3.8374313, 43.4790439], [-3.8355889, 43.48077], [-3.8353224, 43.480836], [-3.8352878, 43.4810881], [-3.8354273, 43.4812827], [-3.8357277, 43.4812983], [-3.8358886, 43.4814072], [-3.8362961, 43.4813199], [-3.8365538, 43.4817342], [-3.8368328, 43.4817031], [-3.8368649, 43.4818432], [-3.8370559, 43.4819432], [-3.8374979, 43.4820378], [-3.8375087, 43.4821935], [-3.8372812, 43.4824103], [-3.8368735, 43.482457], [-3.8368006, 43.4825594], [-3.836307, 43.482754], [-3.8359401, 43.4824882], [-3.8357623, 43.4821295], [-3.8355807, 43.4820965], [-3.8353415, 43.4818432], [-3.8349298, 43.4818011], [-3.8346854, 43.4819886], [-3.8345561, 43.4823792], [-3.8336348, 43.4830318], [-3.8332114, 43.4834711], [-3.8323327, 43.483735], [-3.8324698, 43.4839793], [-3.8330306, 43.4839231], [-3.833249, 43.4840403], [-3.8336933, 43.4848775], [-3.8336416, 43.4849537], [-3.8334474, 43.4849783], [-3.8333534, 43.4852879], [-3.8332427, 43.4852476], [-3.833263, 43.4851778], [-3.8329748, 43.4853244], [-3.8326467, 43.4853283], [-3.8325459, 43.485417], [-3.8324831, 43.4856657], [-3.8322331, 43.4857275], [-3.8322057, 43.4861978], [-3.8316553, 43.486533], [-3.830981, 43.4866717], [-3.830729, 43.48692], [-3.8301695, 43.4871542], [-3.8297492, 43.4876434], [-3.8295626, 43.4875619], [-3.8292248, 43.4877328], [-3.8291383, 43.4876764], [-3.829133, 43.4874974], [-3.8289613, 43.4875421], [-3.828867, 43.4873437], [-3.8289452, 43.4871841], [-3.8288952, 43.4871409], [-3.8286115, 43.487197], [-3.8285289, 43.4870292], [-3.828229, 43.4872583], [-3.828103, 43.4872697], [-3.8282002, 43.4869658], [-3.8280896, 43.4869934], [-3.8277787, 43.4873336], [-3.8276604, 43.4873495], [-3.8277054, 43.4869145], [-3.8276148, 43.486933], [-3.8275344, 43.4871335], [-3.8265277, 43.4877191], [-3.8262415, 43.4880895], [-3.826134, 43.4883639], [-3.8261718, 43.4884592], [-3.8262643, 43.4885577], [-3.8265814, 43.4885938], [-3.8267445, 43.4888051], [-3.8267361, 43.4890564], [-3.8264941, 43.4892679], [-3.8266566, 43.4893929], [-3.826499, 43.4896623], [-3.8264907, 43.4899271], [-3.8260101, 43.490391], [-3.8251069, 43.4907484], [-3.8253476, 43.4904441], [-3.8248223, 43.4904686], [-3.8246456, 43.4906562], [-3.824268, 43.4906364], [-3.8237804, 43.490883], [-3.8238916, 43.4904903], [-3.8235763, 43.4902681], [-3.8233493, 43.4902546], [-3.823063, 43.490396], [-3.8228956, 43.4903726], [-3.8229472, 43.4902528], [-3.8223166, 43.490398], [-3.8221072, 43.4903587], [-3.8218703, 43.490482], [-3.8219304, 43.4905693], [-3.821821, 43.4908328], [-3.8215262, 43.4909082], [-3.8207001, 43.4907581], [-3.8201555, 43.4904852], [-3.8198338, 43.4904907], [-3.8196394, 43.490857], [-3.81975, 43.4912303], [-3.8201975, 43.4913553], [-3.8202896, 43.4915794], [-3.8193392, 43.4921035], [-3.8193091, 43.4923131], [-3.8184192, 43.4927558], [-3.8184192, 43.492843], [-3.8185625, 43.4928866], [-3.8183762, 43.493022], [-3.8180886, 43.4930828], [-3.8173374, 43.492947], [-3.8164347, 43.4930427], [-3.8159851, 43.4933109], [-3.815999, 43.4930694], [-3.815569, 43.4930979], [-3.8153266, 43.4929516], [-3.8149611, 43.4930074], [-3.8149125, 43.4929034], [-3.8141636, 43.4932639], [-3.8135051, 43.4931609], [-3.8133216, 43.493308], [-3.8132806, 43.4934568], [-3.8133731, 43.4936446], [-3.8132689, 43.493835], [-3.8125663, 43.4941661], [-3.8120092, 43.494203], [-3.8118752, 43.4943808], [-3.8120719, 43.4944884], [-3.8118567, 43.4946189], [-3.8119422, 43.4947145], [-3.8119098, 43.4948033], [-3.8117388, 43.4948754], [-3.8113574, 43.4948235], [-3.8109806, 43.4945518], [-3.8107055, 43.4946155], [-3.8105792, 43.494489], [-3.810884, 43.4939503], [-3.8101614, 43.494315], [-3.8097601, 43.4941778], [-3.8094134, 43.4941812], [-3.8093602, 43.4940605], [-3.8094203, 43.4939464], [-3.8093022, 43.4938683], [-3.808921, 43.4939867], [-3.8089857, 43.4941208], [-3.8089279, 43.4942365], [-3.8086109, 43.4943229], [-3.8079713, 43.4941563], [-3.8077379, 43.4939172], [-3.8077606, 43.4936576], [-3.8073734, 43.4934761], [-3.8073145, 43.4933671], [-3.8068039, 43.4932084], [-3.8065152, 43.4932147], [-3.8061518, 43.4936027], [-3.8058628, 43.49361], [-3.8059952, 43.4933902], [-3.8058117, 43.4932439], [-3.8043091, 43.4931331], [-3.8041137, 43.4928554], [-3.8032732, 43.4928973], [-3.8026517, 43.4926586], [-3.8026385, 43.4921319], [-3.8023594, 43.4919952], [-3.8017737, 43.4923901], [-3.8014484, 43.4923878], [-3.8012028, 43.4920482], [-3.8007093, 43.4918691], [-3.8002615, 43.4922389], [-3.7998131, 43.4923081], [-3.7996315, 43.4922068], [-3.7996213, 43.4919892], [-3.7986825, 43.4921347], [-3.7983671, 43.4923402], [-3.7980348, 43.4923379], [-3.7981142, 43.4922607], [-3.7980526, 43.4922016], [-3.7975812, 43.4924202], [-3.7972236, 43.4921332], [-3.797039, 43.4921141], [-3.7962923, 43.4923174], [-3.7963088, 43.4924011], [-3.7965374, 43.4925069], [-3.7964785, 43.4925844], [-3.7957319, 43.4925912], [-3.7955057, 43.4925026], [-3.7956676, 43.4923126], [-3.7958452, 43.4916812], [-3.7951847, 43.4917291], [-3.7949309, 43.4922217], [-3.7946305, 43.4923229], [-3.7943392, 43.4922799], [-3.7944329, 43.4920894], [-3.7942765, 43.4921153], [-3.7943012, 43.4919132], [-3.7939944, 43.4919748], [-3.7940045, 43.4919036], [-3.7938578, 43.4919024], [-3.7938183, 43.4919969], [-3.7937144, 43.4920148], [-3.7937161, 43.4918731], [-3.7930672, 43.4922775], [-3.7931403, 43.491723], [-3.7924048, 43.4920465], [-3.7922182, 43.4917112], [-3.7922795, 43.4915105], [-3.7920297, 43.4913117], [-3.7920384, 43.4911615], [-3.7918008, 43.4911872], [-3.7916961, 43.4912693], [-3.7917828, 43.4912811], [-3.7913033, 43.4915554], [-3.7911555, 43.4915418], [-3.790887, 43.4911075], [-3.7907408, 43.4910359], [-3.790465, 43.4912583], [-3.7903128, 43.491215], [-3.7904157, 43.4910717], [-3.7903199, 43.4910052], [-3.7905691, 43.4908577], [-3.7904846, 43.4906966], [-3.7900831, 43.4909083], [-3.7899876, 43.4908717], [-3.7895556, 43.4910274], [-3.7895804, 43.4908736], [-3.7884552, 43.4914037], [-3.7883346, 43.4912137], [-3.7881318, 43.4913225], [-3.7881598, 43.4911969], [-3.7880382, 43.4911573], [-3.787157, 43.4915637], [-3.7870303, 43.4914519], [-3.7867223, 43.4915981], [-3.7866898, 43.4914782], [-3.7866203, 43.4915621], [-3.7864133, 43.4915405], [-3.7864975, 43.4913243], [-3.7863162, 43.4913341], [-3.7851846, 43.4917748], [-3.7853374, 43.491551], [-3.7850558, 43.4915993], [-3.7859372, 43.4908793], [-3.7859448, 43.4904576], [-3.7865171, 43.489946], [-3.7864409, 43.4898533], [-3.7862666, 43.4898676], [-3.7856078, 43.4901357], [-3.7855577, 43.4900501], [-3.7863286, 43.4888687], [-3.7863187, 43.4887606], [-3.7859348, 43.4887623], [-3.7850974, 43.4890513], [-3.7848807, 43.4889923], [-3.7856491, 43.4881484], [-3.7865882, 43.4876656], [-3.7878784, 43.4866718], [-3.7879545, 43.4864938], [-3.7878771, 43.4863037], [-3.7873126, 43.4855471], [-3.7853081, 43.4862393], [-3.7856844, 43.4860121], [-3.7853954, 43.4859797], [-3.7843721, 43.4861881], [-3.7846712, 43.4860221], [-3.7845567, 43.4859094], [-3.7842723, 43.4859826], [-3.7842767, 43.4860951], [-3.7840604, 43.4861672], [-3.7836204, 43.4860685], [-3.7828008, 43.4862798], [-3.7815398, 43.486397], [-3.7817309, 43.4862654], [-3.7811671, 43.4863627], [-3.7813284, 43.4862246], [-3.7809569, 43.4862724], [-3.7807806, 43.4862041], [-3.7807198, 43.4860967], [-3.7808852, 43.4859785], [-3.7805923, 43.4860007], [-3.7806388, 43.4858669], [-3.7801817, 43.4860517], [-3.7801777, 43.4858489], [-3.7800418, 43.4858172], [-3.7802875, 43.485551], [-3.7801683, 43.4854893], [-3.7787813, 43.4858801], [-3.7785684, 43.4858563], [-3.7791356, 43.4854725], [-3.7783669, 43.4856055], [-3.7789653, 43.4852775], [-3.7826953, 43.4839086], [-3.7834523, 43.4837331], [-3.7848086, 43.4838594], [-3.78497, 43.4836527], [-3.7847914, 43.4833525], [-3.7846077, 43.4832747], [-3.7847713, 43.483009], [-3.7854888, 43.4827239], [-3.7854767, 43.4825838], [-3.7853371, 43.4825746], [-3.7858227, 43.4823522], [-3.7860359, 43.4821177], [-3.7863417, 43.4820107], [-3.7862658, 43.481908], [-3.7865476, 43.4817961], [-3.7864188, 43.4813608], [-3.7864512, 43.4812337], [-3.786738, 43.4811681], [-3.788262, 43.4801723], [-3.7878556, 43.4799826], [-3.7868793, 43.478192], [-3.786021, 43.4769464], [-3.7836714, 43.4745951], [-3.7832574, 43.4743918], [-3.7830755, 43.4741604], [-3.7808052, 43.4726258], [-3.7795074, 43.4719598], [-3.7790151, 43.4718312], [-3.7782104, 43.4717922], [-3.7778193, 43.4719933], [-3.7776111, 43.4719759], [-3.7775989, 43.4718623], [-3.7779422, 43.4716754], [-3.7768478, 43.4704842], [-3.7767084, 43.470453], [-3.7765582, 43.4705932], [-3.7765689, 43.4706944], [-3.7763329, 43.4708735], [-3.7757964, 43.4708423], [-3.7757857, 43.4705542], [-3.7760646, 43.4704919], [-3.7761612, 43.4703362], [-3.7761229, 43.4701912], [-3.7757213, 43.4696977], [-3.7751371, 43.4693596], [-3.7742811, 43.4691306], [-3.7741607, 43.4693783], [-3.7738299, 43.4695389], [-3.7735101, 43.469607], [-3.7731714, 43.4695523], [-3.7730499, 43.4696525], [-3.7730966, 43.4698604], [-3.7728756, 43.4702593], [-3.7726416, 43.4702713], [-3.7726622, 43.4704847], [-3.7713517, 43.471165], [-3.7712326, 43.4711609], [-3.7711224, 43.4712758], [-3.7708384, 43.4713154], [-3.7699628, 43.4711892], [-3.7699449, 43.4713081], [-3.7698053, 43.4714057], [-3.768991, 43.47124], [-3.7690283, 43.471315], [-3.7689466, 43.4713686], [-3.7686683, 43.4713718], [-3.7688662, 43.4714727], [-3.7686938, 43.4715588], [-3.7682942, 43.4714392], [-3.7682517, 43.4713511], [-3.7689047, 43.4712857], [-3.7685446, 43.4712194], [-3.7686091, 43.4711317], [-3.7684566, 43.4712348], [-3.7684334, 43.4711669], [-3.7679765, 43.4711986], [-3.7679909, 43.4712856], [-3.7677948, 43.4713383], [-3.7675669, 43.4713269], [-3.7677569, 43.4712462], [-3.7674622, 43.471271], [-3.7671017, 43.4711801], [-3.7672138, 43.4710614], [-3.7669519, 43.4711053], [-3.7671186, 43.470989], [-3.7669029, 43.4710867], [-3.7668186, 43.4710515], [-3.7668176, 43.4711502], [-3.7666269, 43.4710991], [-3.7666796, 43.4711808], [-3.7665648, 43.4711776], [-3.7662932, 43.4710207], [-3.7665462, 43.4707463], [-3.766482, 43.4706458], [-3.7662472, 43.4705672], [-3.766332, 43.4704568], [-3.7661681, 43.4705219], [-3.7662728, 43.4702955], [-3.7662964, 43.4699592], [-3.7661948, 43.4699706], [-3.7661851, 43.4701365], [-3.7659044, 43.4700072], [-3.7655204, 43.4701605], [-3.7654235, 43.4700494], [-3.7651705, 43.4699972], [-3.7652434, 43.469923], [-3.7651374, 43.4699747], [-3.7649345, 43.4698581], [-3.7648426, 43.4697022], [-3.764942, 43.469618], [-3.7647337, 43.4695207], [-3.764431, 43.469137], [-3.7642119, 43.4691868], [-3.7641461, 43.4689403], [-3.763966, 43.4688358], [-3.7641978, 43.4687401], [-3.7642949, 43.4684046], [-3.7641691, 43.4684034], [-3.7640725, 43.4682705], [-3.7638651, 43.4683916], [-3.7635937, 43.4681525], [-3.7638171, 43.4679668], [-3.7635611, 43.4681434], [-3.7634213, 43.4678501], [-3.7638022, 43.4675884], [-3.7640469, 43.4672348], [-3.7637544, 43.4671826], [-3.7635695, 43.4673619], [-3.7634085, 43.4673029], [-3.7633767, 43.4671914], [-3.7632936, 43.4672585], [-3.7632476, 43.4672063], [-3.763409, 43.4670612], [-3.7633937, 43.466945], [-3.7634842, 43.4668552], [-3.7638127, 43.4666519], [-3.7643964, 43.4664486], [-3.764806, 43.4661387], [-3.7651218, 43.4660905], [-3.7652543, 43.4661934], [-3.7655823, 43.4662128], [-3.7661228, 43.4660417], [-3.7664284, 43.4661029], [-3.7663737, 43.4661765], [-3.7660578, 43.4661293], [-3.7659599, 43.4663794], [-3.7670465, 43.4669366], [-3.7676622, 43.4671798], [-3.7683823, 43.4671832], [-3.7693064, 43.4676728], [-3.7699661, 43.4678976], [-3.7707573, 43.4679658], [-3.7723077, 43.4677571], [-3.7732255, 43.4673537], [-3.7741987, 43.4668014], [-3.7750429, 43.4670143], [-3.7758595, 43.4669527], [-3.776653, 43.4666724], [-3.7784293, 43.4656112], [-3.7804934, 43.4640068], [-3.7807793, 43.463835], [-3.7812976, 43.4638239], [-3.7821248, 43.4635501], [-3.7822722, 43.4632643], [-3.7843785, 43.4629273], [-3.7847443, 43.4627387], [-3.7852847, 43.4627684], [-3.7856509, 43.4626809], [-3.785952, 43.4623558], [-3.7857775, 43.4623996], [-3.7859433, 43.4623406], [-3.7858412, 43.4621724], [-3.7870725, 43.4617746], [-3.7871728, 43.4619421], [-3.7875021, 43.4618602], [-3.7875209, 43.4617951], [-3.7876283, 43.4618042], [-3.7876166, 43.4618718], [-3.7884672, 43.4619835], [-3.7885817, 43.4617536], [-3.7885325, 43.4616573], [-3.7883207, 43.4615871], [-3.7886302, 43.4615099], [-3.7895243, 43.461628], [-3.7895583, 43.4615003], [-3.7891445, 43.4614357], [-3.7894631, 43.4613549], [-3.7912116, 43.4613717], [-3.7911409, 43.4618049], [-3.7912571, 43.4618202], [-3.791171, 43.4622746], [-3.7919957, 43.4623375], [-3.791972, 43.4625169], [-3.79554, 43.462792], [-3.7955479, 43.4627416], [-3.796109, 43.4627828], [-3.7968602, 43.4623854], [-3.7969054, 43.4620005], [-3.7926316, 43.4616379], [-3.792647, 43.4615373], [-3.7923398, 43.4614818], [-3.7970914, 43.4618626], [-3.7970352, 43.461754], [-3.7966604, 43.4616792], [-3.7966981, 43.4615422], [-3.7972566, 43.4615862], [-3.797236, 43.461729], [-3.7970726, 43.4617523], [-3.7971324, 43.4618656], [-3.7981378, 43.4619282], [-3.8017749, 43.4614967], [-3.8016272, 43.4612887], [-3.8013381, 43.4613433], [-3.8019352, 43.4611767], [-3.8020792, 43.4611981], [-3.8021744, 43.4613235], [-3.8030304, 43.4609984], [-3.8028564, 43.460929], [-3.8027621, 43.4609695], [-3.8026903, 43.4608926], [-3.8039003, 43.4602901], [-3.8055101, 43.4588784], [-3.8057631, 43.459047], [-3.8091609, 43.4565109], [-3.810618, 43.4548604], [-3.8123935, 43.4530213], [-3.8119295, 43.4527962], [-3.8121056, 43.4524889], [-3.8124819, 43.452618], [-3.8143504, 43.4495002], [-3.8209925, 43.4497356], [-3.8213645, 43.4504243], [-3.8212665, 43.4504495], [-3.8217391, 43.4513396], [-3.8218468, 43.4513096], [-3.8220041, 43.4516231], [-3.8210899, 43.4518645], [-3.821054, 43.4517789], [-3.8208163, 43.4518427], [-3.8208601, 43.4519142], [-3.8200343, 43.4521523], [-3.8199876, 43.4520692], [-3.8190006, 43.4523304], [-3.8195173, 43.4533624], [-3.8201372, 43.4531991], [-3.8200863, 43.4531112], [-3.8206557, 43.4529566], [-3.8206215, 43.452893], [-3.8219399, 43.4525296], [-3.8219726, 43.4526059], [-3.825358, 43.4516975], [-3.8237614, 43.4485974], [-3.8211359, 43.4484024], [-3.8207895, 43.4482467], [-3.819058, 43.4481197], [-3.8188965, 43.4479744], [-3.8183525, 43.4479339], [-3.8182727, 43.4481753], [-3.8185603, 43.4481968], [-3.8185444, 43.4483192], [-3.8144335, 43.4480241], [-3.8148598, 43.4448388], [-3.8244216, 43.4455193], [-3.8275119, 43.4440362], [-3.8277127, 43.4425121], [-3.8173188, 43.4418014], [-3.8173356, 43.441688], [-3.8174873, 43.441695], [-3.8174919, 43.4416144], [-3.81735, 43.44159], [-3.8156691, 43.4417655], [-3.8155725, 43.4403751], [-3.8152568, 43.4401752], [-3.8147218, 43.4401515], [-3.8147094, 43.4402515], [-3.8145788, 43.440243], [-3.8146122, 43.4399951], [-3.8147436, 43.4400042], [-3.8147308, 43.440108], [-3.8152589, 43.4401444], [-3.8155203, 43.4400024], [-3.8155488, 43.4399059], [-3.8153858, 43.4370429], [-3.8233046, 43.4376303], [-3.8240672, 43.4375441], [-3.8246683, 43.4376775], [-3.8248052, 43.4376028], [-3.8255851, 43.4376109], [-3.8257671, 43.4375861], [-3.8259492, 43.437391], [-3.8263692, 43.4372972], [-3.8272951, 43.4374611], [-3.8274686, 43.4375727], [-3.8278398, 43.4373517], [-3.8285704, 43.4366928], [-3.8285676, 43.4365768], [-3.8288593, 43.4362404], [-3.8289744, 43.4362025], [-3.8291824, 43.4362894], [-3.8298679, 43.4356515], [-3.8301169, 43.4356497], [-3.8307311, 43.4351966], [-3.8307037, 43.4351006], [-3.8348509, 43.4351986], [-3.8366572, 43.4353566], [-3.838113, 43.4351928], [-3.8391918, 43.4354641], [-3.8395499, 43.4354434], [-3.8406749, 43.4345888], [-3.8410433, 43.434424], [-3.8413657, 43.4345026], [-3.841568, 43.4348343], [-3.8415413, 43.4355819], [-3.8416069, 43.4358606], [-3.8418333, 43.4361471], [-3.8427069, 43.436762], [-3.8431795, 43.4369836], [-3.8445805, 43.4373155], [-3.8468433, 43.4374158], [-3.8499921, 43.4372484], [-3.8513899, 43.4373551], [-3.8542283, 43.4370908], [-3.8549834, 43.4371843], [-3.8564241, 43.4376958], [-3.8573748, 43.4376436], [-3.858328, 43.4377625], [-3.8594863, 43.4375287], [-3.8604282, 43.4377288], [-3.861471, 43.4380631], [-3.8624856, 43.4381545], [-3.8772684, 43.4384024], [-3.8831919, 43.438708], [-3.8866027, 43.4404105], [-3.8867333, 43.4408958], [-3.887391, 43.4419262], [-3.8882305, 43.4435586], [-3.8881706, 43.4445315]]], [[[-3.8764422, 43.4780877], [-3.8766305, 43.4777869], [-3.8765356, 43.4776923], [-3.8767292, 43.4776887], [-3.876633, 43.4775567], [-3.8767219, 43.4774941], [-3.8778785, 43.4775008], [-3.8783522, 43.4776032], [-3.8785758, 43.4775246], [-3.8793551, 43.4775746], [-3.879525, 43.4777703], [-3.8795848, 43.4784785], [-3.8787057, 43.4792551], [-3.8787712, 43.4795049], [-3.8799, 43.4794981], [-3.8799439, 43.4797993], [-3.8797483, 43.4799494], [-3.8786501, 43.4803572], [-3.8782454, 43.4803481], [-3.8782033, 43.4799928], [-3.8778942, 43.4799952], [-3.8760013, 43.480467], [-3.8752231, 43.4804118], [-3.8754292, 43.4798655], [-3.8761448, 43.4795944], [-3.8757943, 43.4792909], [-3.876122, 43.4788697], [-3.8761229, 43.4783712], [-3.8764422, 43.4780877]]]]}, "properties": {"nombre": "Santander", "ine": "39075"}}, {"type": "Feature", "geometry": {"type": "Polygon", "coordinates": [[[-4.1441952, 43.3795232], [-4.1436981, 43.3806627], [-4.1418641, 43.3816085], [-4.138305, 43.3827335], [-4.1384431, 43.3835155], [-4.1344949, 43.3856347], [-4.1293746, 43.3891431], [-4.1266629, 43.3913939], [-4.1266095, 43.3938436], [-4.1272045, 43.3952965], [-4.1279132, 43.3975587], [-4.1286348, 43.398515], [-4.1315221, 43.4030338], [-4.1319618, 43.404101], [-4.1319849, 43.404677], [-4.1322815, 43.4060158], [-4.131754, 43.4075337], [-4.1313286, 43.4092308], [-4.131619, 43.4095701], [-4.1324422, 43.4100031], [-4.1326164, 43.4107308], [-4.1325593, 43.4109835], [-4.1323784, 43.4112194], [-4.1312242, 43.4122483], [-4.1310558, 43.4124931], [-4.1311116, 43.4128347], [-4.1319062, 43.4137183], [-4.1337423, 43.4141503], [-4.1331311, 43.4145164], [-4.1328095, 43.4144233], [-4.132464, 43.414595], [-4.1321374, 43.4142861], [-4.1318416, 43.4145099], [-4.1317184, 43.414492], [-4.1317615, 43.4141205], [-4.1314427, 43.4141768], [-4.131133, 43.4145771], [-4.1309384, 43.4143755], [-4.1299724, 43.4146076], [-4.1294847, 43.4145314], [-4.1289543, 43.4149401], [-4.1284219, 43.4146483], [-4.1279176, 43.4148044], [-4.1274412, 43.4146348], [-4.1269339, 43.4150925], [-4.1256813, 43.4149951], [-4.1238819, 43.4162722], [-4.1222614, 43.4162586], [-4.1201646, 43.4173305], [-4.1196166, 43.4173056], [-4.1178669, 43.4168621], [-4.1176415, 43.4168688], [-4.1173726, 43.4170719], [-4.1174221, 43.4173264], [-4.1171411, 43.4174766], [-4.1166824, 43.4174935], [-4.1166526, 43.4176104], [-4.1163001, 43.4179155], [-4.1161173, 43.4178779], [-4.1160721, 43.4177129], [-4.1161874, 43.4175219], [-4.116433, 43.4173665], [-4.1159594, 43.4174382], [-4.1159072, 43.4173451], [-4.1155975, 43.4173558], [-4.1155398, 43.4174328], [-4.1158736, 43.4175122], [-4.1157422, 43.4176837], [-4.1157583, 43.4179545], [-4.1155859, 43.4180298], [-4.11482, 43.4181376], [-4.1141943, 43.4183937], [-4.1140034, 43.4184051], [-4.1138348, 43.4183053], [-4.1135507, 43.4184969], [-4.1128609, 43.4186284], [-4.1127876, 43.4185774], [-4.1113698, 43.4189103], [-4.1114032, 43.4190149], [-4.1114735, 43.4190013], [-4.1121964, 43.4195785], [-4.1129657, 43.4195694], [-4.1126955, 43.4197189], [-4.1126986, 43.4198527], [-4.1120597, 43.4200927], [-4.1091221, 43.4207045], [-4.1075578, 43.4209512], [-4.1067509, 43.4213265], [-4.1075083, 43.4214756], [-4.1068712, 43.4218664], [-4.1058236, 43.422216], [-4.1061917, 43.4223959], [-4.1064961, 43.4227352], [-4.1059439, 43.4231979], [-4.1052007, 43.4230745], [-4.104755, 43.4235618], [-4.1042216, 43.4237351], [-4.103892, 43.4236774], [-4.1032698, 43.4237614], [-4.103097, 43.4239186], [-4.103509, 43.4238861], [-4.1035081, 43.4239865], [-4.1030154, 43.4243671], [-4.1025602, 43.4245098], [-4.102272, 43.4242493], [-4.1016426, 43.4244432], [-4.1017009, 43.4246228], [-4.1013275, 43.4246922], [-4.1013684, 43.4248655], [-4.1015859, 43.4250625], [-4.1012172, 43.4252721], [-4.1009965, 43.4252642], [-4.1008831, 43.425447], [-4.100891, 43.4256124], [-4.1007161, 43.425729], [-4.1000936, 43.4258299], [-4.1000079, 43.4256044], [-4.099457, 43.4254396], [-4.0988298, 43.4253745], [-4.0987713, 43.4252891], [-4.0989197, 43.4252216], [-4.0986516, 43.4251136], [-4.0990211, 43.4247214], [-4.0985184, 43.4242287], [-4.098357, 43.4242273], [-4.0982788, 43.424492], [-4.0981558, 43.4245748], [-4.0982046, 43.4248458], [-4.097847, 43.4256495], [-4.0979792, 43.425788], [-4.0978481, 43.4258787], [-4.0978371, 43.4259843], [-4.0980639, 43.4259833], [-4.0979238, 43.4261182], [-4.0982305, 43.4262959], [-4.0977999, 43.4265577], [-4.0967334, 43.4256494], [-4.0966762, 43.4252178], [-4.096561, 43.4249938], [-4.0957108, 43.4244346], [-4.0955582, 43.424193], [-4.0923679, 43.421279], [-4.091555, 43.4193508], [-4.0906314, 43.4167573], [-4.0904257, 43.416309], [-4.0897665, 43.4153698], [-4.0895046, 43.4138506], [-4.0933829, 43.4090322], [-4.0955343, 43.4071027], [-4.0904741, 43.4066107], [-4.0887808, 43.4058525], [-4.083034, 43.4014678], [-4.0817148, 43.3988149], [-4.0800952, 43.3980108], [-4.0799053, 43.3977515], [-4.0780187, 43.3965086], [-4.0776226, 43.3964583], [-4.0768336, 43.3965288], [-4.0746699, 43.396378], [-4.074087, 43.3962304], [-4.0739026, 43.3962772], [-4.0660397, 43.3957474], [-4.0630851, 43.3948474], [-4.0622454, 43.3941348], [-4.0517131, 43.3863081], [-4.0511525, 43.3860161], [-4.0463698, 43.3828723], [-4.0459765, 43.3829749], [-4.045185, 43.3836125], [-4.0447684, 43.3837964], [-4.0441134, 43.3837573], [-4.0443291, 43.3819364], [-4.0474318, 43.3757129], [-4.0482897, 43.3746335], [-4.0489994, 43.3742759], [-4.049801, 43.3735121], [-4.0502165, 43.3725538], [-4.0503484, 43.3716162], [-4.0502003, 43.3701858], [-4.0498922, 43.3694953], [-4.0497278, 43.3685513], [-4.0498038, 43.3679473], [-4.0502453, 43.3670698], [-4.0503136, 43.366736], [-4.050173, 43.3664581], [-4.0491116, 43.3657385], [-4.0487302, 43.3650937], [-4.0483921, 43.3633769], [-4.04787, 43.3624452], [-4.0518427, 43.3630841], [-4.0532194, 43.3639642], [-4.0555622, 43.3654901], [-4.0561384, 43.3666914], [-4.0573523, 43.3676527], [-4.0583419, 43.3692014], [-4.060652, 43.3686037], [-4.0618532, 43.3681243], [-4.0637622, 43.3678905], [-4.0647262, 43.3679626], [-4.0670442, 43.3685263], [-4.06746, 43.3676039], [-4.0686433, 43.3661072], [-4.070072, 43.364536], [-4.0780799, 43.3623882], [-4.0820012, 43.3635325], [-4.0854498, 43.3679841], [-4.0860354, 43.3689871], [-4.089917, 43.3727681], [-4.0952681, 43.3683138], [-4.0972452, 43.3670703], [-4.1080846, 43.3726478], [-4.1114155, 43.3745785], [-4.115074, 43.3755064], [-4.1197329, 43.3764604], [-4.1250947, 43.376696], [-4.1270643, 43.3770638], [-4.1312734, 43.378373], [-4.137569, 43.379022], [-4.1422589, 43.3796236], [-4.1441952, 43.3795232]]]}, "properties": {"nombre": "Santillana del Mar", "ine": "39076"}}, {"type": "Feature", "geometry": {"type": "Polygon", "coordinates": [[[-4.1338528, 43.103155], [-4.1109972, 43.1005603], [-4.1056143, 43.0998469], [-4.1016825, 43.0991914], [-4.0901525, 43.0966528], [-4.0902824, 43.0952301], [-4.0897174, 43.0883017], [-4.0893105, 43.0861354], [-4.0863687, 43.0844344], [-4.0846831, 43.0821991], [-4.0842465, 43.081825], [-4.0831533, 43.081133], [-4.081023, 43.0780464], [-4.0801775, 43.0774691], [-4.0757831, 43.0748449], [-4.0749852, 43.074168], [-4.0738465, 43.0736744], [-4.0732044, 43.0734823], [-4.0656157, 43.0721934], [-4.0640493, 43.0718207], [-4.0622591, 43.0705766], [-4.0604483, 43.0695578], [-4.0568858, 43.0673755], [-4.0550863, 43.0670048], [-4.0527258, 43.0668645], [-4.0527894, 43.0619652], [-4.054202, 43.0598271], [-4.0550436, 43.0587747], [-4.0528237, 43.0553463], [-4.0522641, 43.0542168], [-4.0436179, 43.0439671], [-4.0450953, 43.0420356], [-4.044995, 43.0411901], [-4.0447692, 43.0401836], [-4.043616, 43.0366011], [-4.0424248, 43.0336673], [-4.0421012, 43.0326797], [-4.0414169, 43.0314072], [-4.0450731, 43.0320313], [-4.0485155, 43.0323511], [-4.0520811, 43.0312559], [-4.052522, 43.0311978], [-4.0543767, 43.0312708], [-4.0556275, 43.0311962], [-4.0609318, 43.0312914], [-4.061882, 43.0315797], [-4.0662471, 43.0341507], [-4.0715231, 43.0361276], [-4.0718802, 43.0361963], [-4.0740845, 43.0358875], [-4.0781326, 43.0350211], [-4.0793387, 43.0351988], [-4.0807149, 43.0352759], [-4.0861767, 43.0317394], [-4.0903952, 43.032897], [-4.0909895, 43.0331885], [-4.0955748, 43.037017], [-4.098665, 43.0388964], [-4.0999328, 43.0404601], [-4.1038073, 43.0422419], [-4.1007655, 43.043784], [-4.1009733, 43.0471678], [-4.1005437, 43.0478653], [-4.1010891, 43.049526], [-4.1006289, 43.0512594], [-4.1006876, 43.0517991], [-4.1015277, 43.0527726], [-4.1056203, 43.0557138], [-4.1057956, 43.0559012], [-4.1067804, 43.0580889], [-4.1090187, 43.0582744], [-4.1142564, 43.0599796], [-4.1155801, 43.060516], [-4.1206689, 43.0621233], [-4.1208806, 43.0622834], [-4.1219492, 43.0663341], [-4.1219187, 43.0666856], [-4.1209925, 43.069108], [-4.1212548, 43.0733918], [-4.1220781, 43.0747614], [-4.1223901, 43.0757039], [-4.1224216, 43.0760818], [-4.1209214, 43.0820667], [-4.1235757, 43.0834545], [-4.1260984, 43.0843573], [-4.1266036, 43.0844424], [-4.127309, 43.0847236], [-4.1285435, 43.0850446], [-4.1292134, 43.0853982], [-4.1299299, 43.0862826], [-4.1304649, 43.0866466], [-4.1312583, 43.0870349], [-4.1314726, 43.08733], [-4.1322946, 43.0879342], [-4.1329105, 43.0906926], [-4.1330152, 43.0917091], [-4.1328561, 43.0937458], [-4.1325368, 43.0957571], [-4.1325981, 43.0964138], [-4.132917, 43.0977164], [-4.1336826, 43.0992576], [-4.1339488, 43.1010289], [-4.1339796, 43.1020372], [-4.1338528, 43.103155]]]}, "properties": {"nombre": "Santiurde de Reinosa", "ine": "39077"}}, {"type": "Feature", "geometry": {"type": "Polygon", "coordinates": [[[-3.9447828, 43.2781127], [-3.9458279, 43.2803462], [-3.9463604, 43.2813053], [-3.9467122, 43.2817347], [-3.9471862, 43.2820999], [-3.9486737, 43.2826459], [-3.9497451, 43.2833754], [-3.9512814, 43.2846774], [-3.9523713, 43.2858029], [-3.9533436, 43.2872896], [-3.9542246, 43.2884529], [-3.9371299, 43.2950323], [-3.9314722, 43.2918548], [-3.9198287, 43.292237], [-3.9143876, 43.2894531], [-3.9123167, 43.2886231], [-3.9106451, 43.2881232], [-3.919827, 43.2855735], [-3.9220329, 43.2847274], [-3.9237559, 43.283741], [-3.9245606, 43.2831582], [-3.9230756, 43.2803156], [-3.9230543, 43.2797215], [-3.9232059, 43.279153], [-3.9241891, 43.2773351], [-3.9248582, 43.2751326], [-3.9249884, 43.2739609], [-3.9243047, 43.269491], [-3.9231864, 43.2688787], [-3.9238335, 43.266037], [-3.9221674, 43.2617732], [-3.9168735, 43.2562957], [-3.9157788, 43.2547737], [-3.9147668, 43.2538272], [-3.91271, 43.2522138], [-3.9122838, 43.2517219], [-3.911274, 43.2500911], [-3.9096928, 43.2481406], [-3.9088436, 43.2448696], [-3.9053899, 43.2353878], [-3.9032531, 43.2349725], [-3.9020831, 43.2349727], [-3.9012928, 43.2348258], [-3.9009578, 43.2346573], [-3.9004077, 43.2341034], [-3.8970942, 43.2315359], [-3.8971231, 43.2309864], [-3.8968898, 43.2301958], [-3.8963452, 43.2291645], [-3.8953528, 43.2278306], [-3.8952753, 43.227579], [-3.8954538, 43.2271544], [-3.8956734, 43.2270176], [-3.8960839, 43.2264561], [-3.8962718, 43.2258333], [-3.895932, 43.2236478], [-3.895953, 43.2233955], [-3.8962256, 43.222673], [-3.8962143, 43.2218986], [-3.8954966, 43.2208147], [-3.8947088, 43.2199834], [-3.8931914, 43.2189416], [-3.8929139, 43.2184846], [-3.890766, 43.2130173], [-3.8899676, 43.2114477], [-3.8896681, 43.2111709], [-3.889358, 43.2110112], [-3.8896291, 43.2093342], [-3.8900649, 43.2079711], [-3.8905492, 43.207418], [-3.8898135, 43.2067664], [-3.8886598, 43.206154], [-3.8859745, 43.2060397], [-3.8855423, 43.205944], [-3.8833116, 43.2049076], [-3.8814441, 43.2034452], [-3.8805156, 43.2030741], [-3.8793993, 43.2024884], [-3.8784417, 43.2018023], [-3.8768317, 43.2002568], [-3.8764786, 43.1996652], [-3.8759346, 43.1977693], [-3.8755072, 43.1971423], [-3.8751586, 43.1968658], [-3.8748366, 43.1967241], [-3.8739111, 43.1965601], [-3.8734189, 43.1965639], [-3.8714293, 43.1968671], [-3.8717831, 43.1966483], [-3.8735105, 43.1960859], [-3.8738522, 43.1958762], [-3.8749091, 43.1949046], [-3.8759825, 43.1933656], [-3.8781729, 43.1916199], [-3.8791435, 43.1897845], [-3.877401, 43.1875556], [-3.8764939, 43.1860858], [-3.8754343, 43.1859948], [-3.8754647, 43.1846709], [-3.873567, 43.1827583], [-3.87341, 43.1812377], [-3.8743329, 43.1786462], [-3.8864137, 43.1716738], [-3.8871073, 43.1711461], [-3.888772, 43.1705569], [-3.899898, 43.1725233], [-3.9000609, 43.1727291], [-3.9009317, 43.1733796], [-3.9020554, 43.1744964], [-3.9023839, 43.1750792], [-3.9027347, 43.1755086], [-3.9034174, 43.1759175], [-3.9038806, 43.1764541], [-3.9039582, 43.1767147], [-3.9039232, 43.1776784], [-3.9040256, 43.1779478], [-3.9044755, 43.1784215], [-3.9046986, 43.1785278], [-3.9057922, 43.1784291], [-3.9064586, 43.1785589], [-3.9084883, 43.1801908], [-3.9089636, 43.1807093], [-3.9097086, 43.1819911], [-3.9098297, 43.1826925], [-3.9096229, 43.1836846], [-3.9094308, 43.1856672], [-3.9088282, 43.1865275], [-3.9080971, 43.1870195], [-3.9075834, 43.1872307], [-3.9064264, 43.1880503], [-3.9063424, 43.188195], [-3.9063341, 43.1884652], [-3.906858, 43.1897758], [-3.9069171, 43.1904417], [-3.9072342, 43.1910785], [-3.9077963, 43.1916414], [-3.9084925, 43.1929416], [-3.9090287, 43.1934146], [-3.9095447, 43.1941849], [-3.9098937, 43.1944793], [-3.9115193, 43.1953759], [-3.9132486, 43.1957944], [-3.9144279, 43.1964693], [-3.9172781, 43.1994091], [-3.9185818, 43.2001641], [-3.9192665, 43.2006809], [-3.9203571, 43.2019959], [-3.9210171, 43.2025038], [-3.9229131, 43.203344], [-3.9240245, 43.2035782], [-3.9246576, 43.2039333], [-3.9252931, 43.2044415], [-3.9267925, 43.2051047], [-3.9295379, 43.2067484], [-3.929716, 43.2071251], [-3.9297588, 43.207512], [-3.929378, 43.2083795], [-3.9293994, 43.2089827], [-3.9297777, 43.2095739], [-3.9313642, 43.2102814], [-3.9320983, 43.2115992], [-3.9331748, 43.2127701], [-3.9347865, 43.2137223], [-3.9355181, 43.214651], [-3.9361548, 43.2152311], [-3.9378887, 43.2159013], [-3.9388197, 43.2163979], [-3.9391568, 43.2167013], [-3.9394493, 43.2173113], [-3.9393606, 43.2179513], [-3.9388916, 43.219486], [-3.9389344, 43.2198638], [-3.9390746, 43.2201778], [-3.9395238, 43.2205614], [-3.9410598, 43.2211611], [-3.9420989, 43.2214767], [-3.9430309, 43.2220274], [-3.9440312, 43.2230187], [-3.9446386, 43.2248777], [-3.9451701, 43.2258098], [-3.9458723, 43.2266234], [-3.9461446, 43.2275127], [-3.9461121, 43.2285935], [-3.9456415, 43.2300201], [-3.9453172, 43.2305541], [-3.9449656, 43.2317096], [-3.9449233, 43.2321602], [-3.944396, 43.2331011], [-3.9439451, 43.2342124], [-3.9436291, 43.2352865], [-3.9434256, 43.2364678], [-3.9435404, 43.236719], [-3.9445647, 43.2376561], [-3.9447172, 43.237961], [-3.9447711, 43.2382577], [-3.9447121, 43.2400231], [-3.9448141, 43.2402474], [-3.9453006, 43.2406486], [-3.9462779, 43.2409197], [-3.9463918, 43.2411169], [-3.9463707, 43.2421436], [-3.9462049, 43.2433696], [-3.9456732, 43.2448328], [-3.9450801, 43.245513], [-3.9440728, 43.2472863], [-3.9434339, 43.248192], [-3.942632, 43.248919], [-3.9424887, 43.2492083], [-3.9424795, 43.2494155], [-3.942622, 43.2498646], [-3.9438424, 43.250719], [-3.944205, 43.2510672], [-3.9444818, 43.2514431], [-3.9447154, 43.2522066], [-3.9447465, 43.2526295], [-3.9446672, 43.2530804], [-3.9439554, 43.2548512], [-3.9439369, 43.2552476], [-3.9440407, 43.2555889], [-3.9449583, 43.25677], [-3.9448982, 43.2584634], [-3.9452118, 43.2596224], [-3.9453112, 43.260477], [-3.9448165, 43.2627503], [-3.943497, 43.2658678], [-3.9431826, 43.2662576], [-3.9412491, 43.2679304], [-3.9407076, 43.2687723], [-3.9405913, 43.2692235], [-3.9406328, 43.2703217], [-3.9405762, 43.2706463], [-3.9406202, 43.2711052], [-3.9410209, 43.2723176], [-3.9429008, 43.2743552], [-3.943772, 43.2757077], [-3.9447828, 43.2781127]]]}, "properties": {"nombre": "Santiurde de Toranzo", "ine": "39078"}}, {"type": "Feature", "geometry": {"type": "Polygon", "coordinates": [[[-3.4844893, 43.4642314], [-3.4859457, 43.4654859], [-3.4844693, 43.4648258], [-3.4838629, 43.4647383], [-3.4793981, 43.4660536], [-3.4781073, 43.4669865], [-3.4771397, 43.4681431], [-3.4756047, 43.4688723], [-3.475294, 43.4683262], [-3.4755917, 43.4672535], [-3.4755492, 43.4671141], [-3.474698, 43.4665999], [-3.4741089, 43.4664132], [-3.4733601, 43.4662992], [-3.4716811, 43.4662521], [-3.4695375, 43.4663149], [-3.4670565, 43.4661179], [-3.466451, 43.4660528], [-3.4615169, 43.4649426], [-3.4608759, 43.4649317], [-3.4600581, 43.4647864], [-3.45688, 43.4648531], [-3.4538796, 43.465072], [-3.452895, 43.4650444], [-3.4519411, 43.4654057], [-3.4518559, 43.4653267], [-3.4509466, 43.4655296], [-3.4503628, 43.4657887], [-3.4502832, 43.4659309], [-3.4499625, 43.4659567], [-3.449873, 43.4661113], [-3.4496756, 43.4661828], [-3.449334, 43.4664794], [-3.4492193, 43.4667066], [-3.4492516, 43.4668047], [-3.4487677, 43.4669609], [-3.4482752, 43.4667894], [-3.4477687, 43.4668925], [-3.4475588, 43.4668295], [-3.4473383, 43.4666435], [-3.446903, 43.4664701], [-3.4467204, 43.4662419], [-3.4467416, 43.4661123], [-3.4464817, 43.4661107], [-3.4463345, 43.4659563], [-3.4454706, 43.4660363], [-3.4448925, 43.4657694], [-3.4448779, 43.4654951], [-3.4446373, 43.4653811], [-3.4441173, 43.4653655], [-3.4438687, 43.4652808], [-3.4435243, 43.4654215], [-3.4433357, 43.465334], [-3.4431437, 43.4654304], [-3.4428996, 43.4653602], [-3.4427807, 43.4651957], [-3.4426941, 43.4653691], [-3.4424982, 43.465205], [-3.4424321, 43.4652434], [-3.4423833, 43.46503], [-3.4422073, 43.4651027], [-3.4421548, 43.4650416], [-3.4420027, 43.465076], [-3.4417246, 43.4649141], [-3.4416968, 43.4649778], [-3.4415231, 43.4648199], [-3.4414179, 43.4648732], [-3.441185, 43.4647617], [-3.4411605, 43.4648839], [-3.4409486, 43.464821], [-3.4409082, 43.4647327], [-3.4407903, 43.4648151], [-3.4406242, 43.4647318], [-3.440647, 43.4646663], [-3.4405287, 43.4645456], [-3.4403757, 43.4646159], [-3.4404537, 43.4647872], [-3.4403231, 43.464793], [-3.4401396, 43.4645456], [-3.4399959, 43.4646233], [-3.4397186, 43.4645367], [-3.4396143, 43.4644083], [-3.439359, 43.4644491], [-3.4393183, 43.4641622], [-3.4391916, 43.4645144], [-3.4390211, 43.4644647], [-3.4387802, 43.4645427], [-3.4385857, 43.46424], [-3.4380744, 43.4643352], [-3.4377387, 43.4641943], [-3.4377361, 43.464341], [-3.4374441, 43.4642573], [-3.437469, 43.4644486], [-3.4374109, 43.4644667], [-3.4371443, 43.4644306], [-3.4370202, 43.4643114], [-3.4366646, 43.4643447], [-3.4363557, 43.4642738], [-3.4357098, 43.4644387], [-3.4353355, 43.4643237], [-3.4354541, 43.4640561], [-3.4353881, 43.4639608], [-3.4348734, 43.4640346], [-3.4345634, 43.4639947], [-3.4345631, 43.4641085], [-3.4344897, 43.4641299], [-3.4340865, 43.4637726], [-3.4338726, 43.4638274], [-3.4338112, 43.4637004], [-3.4339194, 43.4636484], [-3.4336462, 43.4636699], [-3.4333451, 43.4634763], [-3.4330429, 43.4634189], [-3.4330218, 43.463253], [-3.4325341, 43.462922], [-3.4326522, 43.4627895], [-3.4321084, 43.4625259], [-3.4320477, 43.4623777], [-3.4314781, 43.4622652], [-3.4313352, 43.4623159], [-3.431297, 43.4622653], [-3.4315121, 43.4621328], [-3.4314944, 43.462076], [-3.4309239, 43.4619324], [-3.4310543, 43.4619138], [-3.4309626, 43.4616471], [-3.4306687, 43.4612356], [-3.4303872, 43.4611373], [-3.4301469, 43.4608759], [-3.4299545, 43.4607975], [-3.4298351, 43.4601112], [-3.4297287, 43.4599376], [-3.4293308, 43.4598272], [-3.4293, 43.4596852], [-3.429144, 43.4595719], [-3.4289274, 43.4596071], [-3.4288947, 43.4594305], [-3.4284611, 43.4592512], [-3.4283745, 43.4591387], [-3.4285514, 43.4590647], [-3.4283844, 43.4590442], [-3.4284505, 43.4589858], [-3.4282438, 43.4587673], [-3.4281659, 43.4585572], [-3.4272884, 43.4576593], [-3.4271235, 43.457012], [-3.4271829, 43.4567811], [-3.4273947, 43.4566644], [-3.4273816, 43.4563438], [-3.4270398, 43.4562647], [-3.4269104, 43.4561319], [-3.426716, 43.4561301], [-3.4272298, 43.4561031], [-3.427251, 43.4559002], [-3.4271321, 43.4557043], [-3.427107, 43.4553307], [-3.4263969, 43.4553311], [-3.4268114, 43.4551922], [-3.4268694, 43.4548561], [-3.426666, 43.4544118], [-3.4267145, 43.4542968], [-3.4271582, 43.4541244], [-3.4272162, 43.4538526], [-3.4271676, 43.4536746], [-3.4269673, 43.453695], [-3.4268352, 43.4536379], [-3.4268473, 43.4535426], [-3.4265698, 43.4535397], [-3.4265316, 43.4534133], [-3.426681, 43.4533097], [-3.4265328, 43.4532421], [-3.4266987, 43.4531934], [-3.4265968, 43.4531423], [-3.4266962, 43.4526773], [-3.4264801, 43.4524714], [-3.42683, 43.4522769], [-3.4265176, 43.4521303], [-3.4264911, 43.4519309], [-3.4263383, 43.451791], [-3.4262499, 43.4518196], [-3.4262578, 43.4517079], [-3.426142, 43.4516661], [-3.4262091, 43.4515701], [-3.4264966, 43.4514693], [-3.4264279, 43.4514107], [-3.4256754, 43.451548], [-3.425504, 43.4513811], [-3.4263429, 43.4511151], [-3.4266886, 43.4507685], [-3.4265681, 43.4506872], [-3.4266645, 43.4506118], [-3.4265902, 43.4503885], [-3.4268785, 43.4500497], [-3.4268788, 43.4497868], [-3.4271884, 43.4493974], [-3.4271043, 43.4490781], [-3.4271206, 43.4487141], [-3.4270294, 43.4485829], [-3.4273041, 43.448471], [-3.427497, 43.4482617], [-3.4276141, 43.4478599], [-3.4278145, 43.4476791], [-3.427466, 43.4474159], [-3.427389, 43.4474461], [-3.42739, 43.4470886], [-3.4269843, 43.4466668], [-3.4267362, 43.4466631], [-3.426617, 43.4463769], [-3.4267412, 43.4461856], [-3.4266869, 43.4461225], [-3.4263651, 43.4459095], [-3.426125, 43.4459413], [-3.4260221, 43.4458642], [-3.4260392, 43.4457581], [-3.4265328, 43.4454276], [-3.4266187, 43.4451595], [-3.4263681, 43.4449217], [-3.4263173, 43.4447417], [-3.4260719, 43.4445617], [-3.4261618, 43.4443819], [-3.4259758, 43.4442192], [-3.4263442, 43.444113], [-3.4264817, 43.4438081], [-3.4264212, 43.4437181], [-3.4265332, 43.4435542], [-3.4269568, 43.4437034], [-3.4272658, 43.4435603], [-3.4273374, 43.4434541], [-3.4272716, 43.4432962], [-3.4274575, 43.4430725], [-3.4276811, 43.4429617], [-3.4276291, 43.4428298], [-3.427726, 43.442965], [-3.4279717, 43.4429257], [-3.4282719, 43.4427865], [-3.4285422, 43.4428297], [-3.4285737, 43.4427359], [-3.4286971, 43.4427474], [-3.4288834, 43.4426261], [-3.4289213, 43.4424282], [-3.428815, 43.4423338], [-3.4289256, 43.4422997], [-3.4288912, 43.4420639], [-3.4290494, 43.4419694], [-3.4289858, 43.4418727], [-3.4292065, 43.4418183], [-3.4297135, 43.4414848], [-3.4298191, 43.4413007], [-3.4297915, 43.4411937], [-3.4299275, 43.4412032], [-3.4300098, 43.4410902], [-3.4303036, 43.4410727], [-3.4308368, 43.4408334], [-3.4309217, 43.4407548], [-3.4308359, 43.4405868], [-3.4310469, 43.4406691], [-3.4315825, 43.4405894], [-3.4317822, 43.4404804], [-3.4317266, 43.4404035], [-3.4319547, 43.4401796], [-3.4323618, 43.4399186], [-3.4323011, 43.4398152], [-3.4327589, 43.4397364], [-3.4331985, 43.4394708], [-3.4334087, 43.4395438], [-3.4338484, 43.4392088], [-3.4340251, 43.439246], [-3.4342629, 43.4390918], [-3.4354524, 43.4388031], [-3.4356262, 43.4387242], [-3.4357534, 43.4385514], [-3.4359613, 43.4385611], [-3.4361004, 43.4384458], [-3.4362185, 43.4385552], [-3.4367031, 43.4385469], [-3.4369523, 43.4382731], [-3.4376066, 43.4380207], [-3.4375298, 43.4379638], [-3.437626, 43.4378608], [-3.4377583, 43.437878], [-3.4377944, 43.4375625], [-3.4382079, 43.4374291], [-3.4384774, 43.4371277], [-3.4386128, 43.4372106], [-3.4388573, 43.4371431], [-3.4394168, 43.4371991], [-3.4405406, 43.4374712], [-3.4407116, 43.4376021], [-3.4411768, 43.4375429], [-3.4422731, 43.4376474], [-3.4426166, 43.4377369], [-3.443312, 43.4380956], [-3.4436795, 43.4384598], [-3.4442025, 43.438602], [-3.445962, 43.4387753], [-3.4468461, 43.4387384], [-3.4482251, 43.4391212], [-3.4494265, 43.4393207], [-3.4503296, 43.4393745], [-3.4508028, 43.4377683], [-3.4521746, 43.4375289], [-3.4539919, 43.4369209], [-3.4549539, 43.4364681], [-3.4571097, 43.4348897], [-3.4601563, 43.4356919], [-3.4624903, 43.437516], [-3.4636839, 43.4398058], [-3.4643055, 43.4416723], [-3.4642388, 43.4446273], [-3.4674965, 43.4444593], [-3.4720192, 43.4439151], [-3.4744624, 43.4434368], [-3.4748197, 43.4433003], [-3.4729517, 43.4526006], [-3.4757787, 43.4553353], [-3.4768294, 43.4569248], [-3.4785382, 43.4573049], [-3.4795605, 43.4584172], [-3.486015, 43.4571205], [-3.4873655, 43.45752], [-3.4844893, 43.4642314]]]}, "properties": {"nombre": "Santoña", "ine": "39079"}}, {"type": "Feature", "geometry": {"type": "Polygon", "coordinates": [[[-3.8970942, 43.2315359], [-3.8936483, 43.2333908], [-3.8781651, 43.2392195], [-3.8720134, 43.2422831], [-3.8682539, 43.2446979], [-3.8629512, 43.2451431], [-3.8562857, 43.24504], [-3.85423, 43.2442539], [-3.8515751, 43.2455523], [-3.8451375, 43.2467886], [-3.8424063, 43.2479343], [-3.8427731, 43.2513174], [-3.8403297, 43.2519116], [-3.8392359, 43.2520997], [-3.837163, 43.2527632], [-3.8329778, 43.2530188], [-3.8257928, 43.2509907], [-3.8241294, 43.2509666], [-3.8234292, 43.2511157], [-3.8216534, 43.2518939], [-3.8209931, 43.2522678], [-3.8206898, 43.2526122], [-3.8204534, 43.2533612], [-3.8200819, 43.2541383], [-3.8194071, 43.2552687], [-3.8179263, 43.2550902], [-3.8141187, 43.2550363], [-3.8120031, 43.2562219], [-3.811899, 43.2567359], [-3.8094692, 43.2574645], [-3.8089515, 43.2574411], [-3.8083147, 43.2568062], [-3.8074757, 43.2567131], [-3.8056672, 43.2569059], [-3.8024935, 43.2544608], [-3.8019542, 43.2537352], [-3.7965831, 43.2518636], [-3.796122, 43.2514526], [-3.7958331, 43.2510314], [-3.7946442, 43.2514989], [-3.7924031, 43.2506229], [-3.7918019, 43.2508071], [-3.7911667, 43.2512258], [-3.7904421, 43.2514018], [-3.7884436, 43.252145], [-3.7873425, 43.2508198], [-3.7868323, 43.2504181], [-3.7842258, 43.2498597], [-3.7832264, 43.2497404], [-3.7811848, 43.249034], [-3.7799147, 43.2489345], [-3.7794575, 43.2488206], [-3.7784028, 43.2482244], [-3.7768821, 43.2477935], [-3.7753216, 43.2471287], [-3.7744383, 43.2464413], [-3.7733852, 43.2459621], [-3.7707745, 43.2450432], [-3.7688669, 43.2451731], [-3.7671776, 43.2450403], [-3.766113, 43.2446152], [-3.765039, 43.2444332], [-3.7647108, 43.2447776], [-3.7629119, 43.243754], [-3.762259, 43.2417683], [-3.7621976, 43.2407872], [-3.7629894, 43.239089], [-3.762086, 43.2377533], [-3.7608254, 43.2374105], [-3.7578266, 43.234936], [-3.7474625, 43.231384], [-3.7450792, 43.2298327], [-3.7446791, 43.22934], [-3.7447882, 43.2291952], [-3.7493865, 43.2316146], [-3.7716822, 43.2349517], [-3.7728831, 43.2354478], [-3.7755998, 43.2360148], [-3.7781348, 43.2358446], [-3.7784626, 43.2345006], [-3.7780167, 43.2323605], [-3.777816, 43.2320737], [-3.7783094, 43.2311609], [-3.7791174, 43.2278776], [-3.783201, 43.2255716], [-3.7845186, 43.224608], [-3.7861005, 43.2240929], [-3.7924479, 43.22359], [-3.7945545, 43.2236655], [-3.795328, 43.223489], [-3.7976423, 43.2234369], [-3.8001061, 43.2235188], [-3.8025145, 43.2240783], [-3.8101174, 43.2226201], [-3.8109413, 43.2216058], [-3.8108251, 43.2202649], [-3.8111, 43.2196326], [-3.811054, 43.2189485], [-3.8111578, 43.2184165], [-3.8115075, 43.2178647], [-3.8116818, 43.2152161], [-3.8109595, 43.2136634], [-3.8153808, 43.2119211], [-3.8164661, 43.2102115], [-3.8171116, 43.2087661], [-3.8178859, 43.207743], [-3.818699, 43.2077913], [-3.8186635, 43.2069721], [-3.8195862, 43.206011], [-3.8198075, 43.2041454], [-3.8179528, 43.2035283], [-3.8148143, 43.2007771], [-3.8108803, 43.1983467], [-3.8077797, 43.1965676], [-3.8054439, 43.1949001], [-3.8043616, 43.1940162], [-3.8028379, 43.1932614], [-3.8022819, 43.1912122], [-3.8024581, 43.1905716], [-3.8020943, 43.1890974], [-3.8016845, 43.1878756], [-3.8014952, 43.1865712], [-3.8013322, 43.1844562], [-3.8023035, 43.1834498], [-3.8023971, 43.181189], [-3.8022801, 43.1807125], [-3.8013991, 43.1792059], [-3.8017772, 43.1780056], [-3.8035964, 43.1769221], [-3.8048144, 43.1769127], [-3.8060176, 43.1767152], [-3.8076826, 43.1760821], [-3.8093063, 43.1751162], [-3.8155551, 43.1749999], [-3.8170101, 43.1761602], [-3.8217266, 43.1764597], [-3.8231936, 43.1785113], [-3.8258302, 43.1805995], [-3.8270108, 43.1823739], [-3.8276239, 43.1831259], [-3.8297501, 43.1847495], [-3.8309016, 43.1852724], [-3.8328869, 43.1864827], [-3.8335426, 43.1867391], [-3.835932, 43.1868838], [-3.8383972, 43.187172], [-3.8396463, 43.1903235], [-3.8403693, 43.1927946], [-3.8447554, 43.194032], [-3.8461357, 43.1959489], [-3.8505149, 43.1957725], [-3.8542303, 43.1965463], [-3.8560465, 43.197037], [-3.8572975, 43.197604], [-3.8577834, 43.1980236], [-3.8584742, 43.1981355], [-3.8619299, 43.1979204], [-3.8631484, 43.1979203], [-3.8665771, 43.1984167], [-3.8679696, 43.1985323], [-3.869138, 43.1984694], [-3.8696288, 43.1983576], [-3.8706533, 43.1976925], [-3.8714293, 43.1968671], [-3.8734189, 43.1965639], [-3.8739111, 43.1965601], [-3.8748366, 43.1967241], [-3.8751586, 43.1968658], [-3.8755072, 43.1971423], [-3.8759346, 43.1977693], [-3.8764786, 43.1996652], [-3.8768317, 43.2002568], [-3.8784417, 43.2018023], [-3.8793993, 43.2024884], [-3.8805156, 43.2030741], [-3.8814441, 43.2034452], [-3.8833116, 43.2049076], [-3.8855423, 43.205944], [-3.8859745, 43.2060397], [-3.8886598, 43.206154], [-3.8898135, 43.2067664], [-3.8905492, 43.207418], [-3.8900649, 43.2079711], [-3.8896291, 43.2093342], [-3.889358, 43.2110112], [-3.8896681, 43.2111709], [-3.8899676, 43.2114477], [-3.890766, 43.2130173], [-3.8929139, 43.2184846], [-3.8931914, 43.2189416], [-3.8947088, 43.2199834], [-3.8954966, 43.2208147], [-3.8962143, 43.2218986], [-3.8962256, 43.222673], [-3.895953, 43.2233955], [-3.895932, 43.2236478], [-3.8962718, 43.2258333], [-3.8960839, 43.2264561], [-3.8956734, 43.2270176], [-3.8954538, 43.2271544], [-3.8952753, 43.227579], [-3.8953528, 43.2278306], [-3.8963452, 43.2291645], [-3.8968898, 43.2301958], [-3.8971231, 43.2309864], [-3.8970942, 43.2315359]]]}, "properties": {"nombre": "Villacarriedo", "ine": "39098"}}, {"type": "Feature", "geometry": {"type": "Polygon", "coordinates": [[[-3.904303, 43.3381816], [-3.904193, 43.3418783], [-3.90625, 43.3449687], [-3.9034341, 43.3497814], [-3.901228, 43.3516268], [-3.8996586, 43.3531429], [-3.8978458, 43.3540576], [-3.8939155, 43.3570059], [-3.8927524, 43.3584827], [-3.8897511, 43.3608473], [-3.8876141, 43.3666449], [-3.8865839, 43.368796], [-3.8857269, 43.3701264], [-3.8814888, 43.3732387], [-3.8748061, 43.3746406], [-3.8689414, 43.3771526], [-3.8615383, 43.3817829], [-3.8598943, 43.3874721], [-3.8610704, 43.3900484], [-3.8575979, 43.3877736], [-3.8498087, 43.3860158], [-3.848775, 43.3870836], [-3.8485201, 43.387459], [-3.8470295, 43.388506], [-3.8468093, 43.3887526], [-3.8463791, 43.3895876], [-3.8458893, 43.3899874], [-3.8450884, 43.3902653], [-3.8445399, 43.3901928], [-3.8442966, 43.3900725], [-3.8433104, 43.389213], [-3.8429297, 43.38908], [-3.8423885, 43.3891237], [-3.8416573, 43.3895217], [-3.840736, 43.3901936], [-3.8405042, 43.3904238], [-3.8402752, 43.3909054], [-3.8399903, 43.3912636], [-3.8386095, 43.3924265], [-3.8368503, 43.393785], [-3.8362111, 43.394187], [-3.8351701, 43.3947339], [-3.8347667, 43.3948353], [-3.8333843, 43.3947692], [-3.8323838, 43.3944862], [-3.830988, 43.3938748], [-3.8306627, 43.393799], [-3.8290367, 43.3938284], [-3.8278587, 43.3941818], [-3.825305, 43.3939101], [-3.8233303, 43.3934515], [-3.8227349, 43.393385], [-3.8213605, 43.393433], [-3.8200784, 43.3933731], [-3.8186745, 43.3930161], [-3.8168292, 43.3921043], [-3.8162037, 43.3919854], [-3.8150865, 43.3921398], [-3.8142847, 43.3915024], [-3.8068743, 43.3848552], [-3.8052827, 43.3793285], [-3.8075993, 43.3705754], [-3.8095429, 43.3701047], [-3.8129495, 43.3700896], [-3.8145759, 43.3707984], [-3.8149345, 43.3708409], [-3.8165224, 43.3714329], [-3.8194827, 43.3703492], [-3.8201729, 43.3702722], [-3.8220286, 43.3696646], [-3.8234094, 43.3695467], [-3.8245096, 43.3696648], [-3.8255703, 43.3696032], [-3.8265345, 43.3697043], [-3.8272408, 43.3699063], [-3.8275739, 43.3698949], [-3.829625, 43.3691417], [-3.8320708, 43.3683675], [-3.8329581, 43.368271], [-3.8340822, 43.3683349], [-3.8350431, 43.3681928], [-3.8364314, 43.3677235], [-3.8384641, 43.3674385], [-3.8389082, 43.3638333], [-3.8402511, 43.3618695], [-3.8408938, 43.3610453], [-3.8415144, 43.3604014], [-3.841771, 43.3602194], [-3.8453331, 43.3589956], [-3.8494184, 43.3590194], [-3.8487069, 43.355783], [-3.849664, 43.3553887], [-3.8455226, 43.3486297], [-3.8522889, 43.3454189], [-3.8542304, 43.3378044], [-3.8553274, 43.3350948], [-3.8587206, 43.3333945], [-3.8641571, 43.331783], [-3.8682593, 43.330682], [-3.8711263, 43.3297826], [-3.8771604, 43.329745], [-3.8816996, 43.3292927], [-3.88478, 43.3302614], [-3.8863239, 43.3311278], [-3.887658, 43.3335045], [-3.8924266, 43.3360965], [-3.8987887, 43.336698], [-3.9014368, 43.3371261], [-3.904303, 43.3381816]]]}, "properties": {"nombre": "Villaescusa", "ine": "39099"}}, {"type": "Feature", "geometry": {"type": "Polygon", "coordinates": [[[-4.7664974, 43.0745466], [-4.7571147, 43.07461], [-4.7533349, 43.0751632], [-4.7485745, 43.0762266], [-4.7469346, 43.0781697], [-4.7458952, 43.0787708], [-4.7433429, 43.079305], [-4.7413255, 43.0800741], [-4.736691, 43.0812612], [-4.7323673, 43.0885876], [-4.7309651, 43.0895063], [-4.7266103, 43.0914991], [-4.7248055, 43.0919856], [-4.7238376, 43.0925225], [-4.7220753, 43.0954035], [-4.7214418, 43.0977298], [-4.7183787, 43.0985477], [-4.7159452, 43.0989715], [-4.7135425, 43.0996198], [-4.7111798, 43.0999433], [-4.7082005, 43.1046073], [-4.7072441, 43.1095472], [-4.7000571, 43.1176415], [-4.6996332, 43.1196468], [-4.6947825, 43.1216008], [-4.6922416, 43.1217375], [-4.689874, 43.1272744], [-4.6882268, 43.1286224], [-4.6866561, 43.1291769], [-4.6853454, 43.1293493], [-4.6812365, 43.1314988], [-4.6800788, 43.131876], [-4.6786203, 43.132942], [-4.6771816, 43.1329361], [-4.6700355, 43.1341933], [-4.6672025, 43.1358194], [-4.6667039, 43.136475], [-4.6628237, 43.1389358], [-4.6619276, 43.1403535], [-4.6574444, 43.1400854], [-4.6558486, 43.1401896], [-4.6536104, 43.1406362], [-4.650945, 43.1407467], [-4.6470374, 43.1413073], [-4.644889, 43.1423558], [-4.6434522, 43.141512], [-4.6440367, 43.1408372], [-4.6444168, 43.139418], [-4.6429704, 43.1363772], [-4.6428572, 43.1353612], [-4.6391407, 43.1366212], [-4.6367935, 43.1366728], [-4.6340154, 43.137622], [-4.6339627, 43.1384152], [-4.6325824, 43.1387591], [-4.6316332, 43.1405196], [-4.6278341, 43.1423926], [-4.6272766, 43.1422385], [-4.6265504, 43.1403578], [-4.6264233, 43.1378833], [-4.6259399, 43.1377371], [-4.6221359, 43.137566], [-4.6191974, 43.1347801], [-4.6188392, 43.1333174], [-4.6163276, 43.1327226], [-4.6155306, 43.1328059], [-4.6086465, 43.1323806], [-4.6082459, 43.1283521], [-4.6079186, 43.1266548], [-4.6047243, 43.1248536], [-4.6044795, 43.1225428], [-4.6023156, 43.1178186], [-4.6053122, 43.1144268], [-4.6045719, 43.1133746], [-4.6038064, 43.110891], [-4.60342, 43.1083301], [-4.6017018, 43.1060669], [-4.6014027, 43.1035497], [-4.601001, 43.1027539], [-4.6010896, 43.1004925], [-4.6018661, 43.0986987], [-4.601885, 43.0975368], [-4.6003994, 43.0942798], [-4.6018194, 43.090775], [-4.6015427, 43.0900585], [-4.5997878, 43.0877778], [-4.5968568, 43.0851443], [-4.5963164, 43.0832609], [-4.5945625, 43.0814753], [-4.5924511, 43.0805862], [-4.5929049, 43.0786619], [-4.5923989, 43.0728788], [-4.5905659, 43.0708692], [-4.5894424, 43.0692189], [-4.5891891, 43.068448], [-4.5907068, 43.0653923], [-4.5893574, 43.0640243], [-4.5899181, 43.0633861], [-4.5900624, 43.059467], [-4.5897362, 43.0587241], [-4.5900731, 43.0575038], [-4.5911394, 43.0545714], [-4.5915568, 43.0512427], [-4.593223, 43.0492025], [-4.5941015, 43.0466148], [-4.5950664, 43.0449985], [-4.5970197, 43.0431523], [-4.599654, 43.0415306], [-4.6023267, 43.0409169], [-4.6060841, 43.0357674], [-4.6116687, 43.0305741], [-4.6125491, 43.0299764], [-4.6157032, 43.0290224], [-4.6168202, 43.0285564], [-4.6196029, 43.0265539], [-4.6214503, 43.0258614], [-4.62356, 43.0253452], [-4.6279449, 43.0245355], [-4.6295623, 43.0239722], [-4.6329926, 43.02142], [-4.6349752, 43.0188973], [-4.6381314, 43.0166729], [-4.6403786, 43.01719], [-4.6431113, 43.0179613], [-4.6494384, 43.0200585], [-4.6514354, 43.0208491], [-4.6589054, 43.0211553], [-4.6667608, 43.020735], [-4.6731721, 43.0213708], [-4.6742339, 43.0225079], [-4.6755193, 43.0232905], [-4.6768091, 43.0237849], [-4.6788106, 43.0242688], [-4.6824205, 43.0256746], [-4.6843069, 43.025989], [-4.686054, 43.0261434], [-4.6880737, 43.0259425], [-4.6903562, 43.0263771], [-4.6916946, 43.0259521], [-4.6937528, 43.0258136], [-4.6957558, 43.025901], [-4.6995078, 43.0266558], [-4.7016005, 43.0264356], [-4.7073416, 43.0254406], [-4.7088151, 43.0250223], [-4.7105087, 43.0241326], [-4.7119646, 43.022643], [-4.7133436, 43.0205963], [-4.7144832, 43.0196517], [-4.71614, 43.0187714], [-4.7236642, 43.0175854], [-4.7260227, 43.0188982], [-4.7286416, 43.0197723], [-4.7307362, 43.0211179], [-4.731087, 43.0222473], [-4.732786, 43.0215642], [-4.7347517, 43.0212012], [-4.7371817, 43.0210155], [-4.7391217, 43.0224698], [-4.7396117, 43.0232237], [-4.7411529, 43.0248011], [-4.7423838, 43.0253543], [-4.7432966, 43.0267926], [-4.7428422, 43.0280758], [-4.742121, 43.0293373], [-4.7417334, 43.0302133], [-4.7422979, 43.0321809], [-4.7409135, 43.0339705], [-4.7401317, 43.0353666], [-4.7395281, 43.0369709], [-4.7371664, 43.0405836], [-4.7354164, 43.0417305], [-4.7340145, 43.0429491], [-4.7337618, 43.044721], [-4.7323649, 43.0470303], [-4.7380078, 43.0500484], [-4.741765, 43.0553821], [-4.7441965, 43.0556009], [-4.7468768, 43.0549518], [-4.7490066, 43.055469], [-4.7514491, 43.0568223], [-4.7529095, 43.0572231], [-4.7549197, 43.0570933], [-4.7565864, 43.0561132], [-4.7615978, 43.0562552], [-4.7636784, 43.0557526], [-4.7661589, 43.0556238], [-4.7666741, 43.0610276], [-4.7673694, 43.0631818], [-4.7664877, 43.0665144], [-4.7666723, 43.0678083], [-4.76669, 43.069708], [-4.7664802, 43.0709539], [-4.7664066, 43.0722428], [-4.7664974, 43.0745466]]]}, "properties": {"nombre": "Vega de Liébana", "ine": "39096"}}, {"type": "Feature", "geometry": {"type": "Polygon", "coordinates": [[[-3.8754647, 43.1846709], [-3.8754343, 43.1859948], [-3.8764939, 43.1860858], [-3.877401, 43.1875556], [-3.8791435, 43.1897845], [-3.8781729, 43.1916199], [-3.8759825, 43.1933656], [-3.8749091, 43.1949046], [-3.8738522, 43.1958762], [-3.8735105, 43.1960859], [-3.8717831, 43.1966483], [-3.8714293, 43.1968671], [-3.8706533, 43.1976925], [-3.8696288, 43.1983576], [-3.869138, 43.1984694], [-3.8679696, 43.1985323], [-3.8665771, 43.1984167], [-3.8631484, 43.1979203], [-3.8619299, 43.1979204], [-3.8584742, 43.1981355], [-3.8577834, 43.1980236], [-3.8572975, 43.197604], [-3.8560465, 43.197037], [-3.8542303, 43.1965463], [-3.8505149, 43.1957725], [-3.8461357, 43.1959489], [-3.8447554, 43.194032], [-3.8403693, 43.1927946], [-3.8396463, 43.1903235], [-3.8383972, 43.187172], [-3.835932, 43.1868838], [-3.8335426, 43.1867391], [-3.8328869, 43.1864827], [-3.8309016, 43.1852724], [-3.8297501, 43.1847495], [-3.8276239, 43.1831259], [-3.8270108, 43.1823739], [-3.8258302, 43.1805995], [-3.8231936, 43.1785113], [-3.8217266, 43.1764597], [-3.8170101, 43.1761602], [-3.8155551, 43.1749999], [-3.8093063, 43.1751162], [-3.8076826, 43.1760821], [-3.8060176, 43.1767152], [-3.8048144, 43.1769127], [-3.8035964, 43.1769221], [-3.8013782, 43.1776031], [-3.7993757, 43.1778422], [-3.7970019, 43.1769672], [-3.7967632, 43.1775362], [-3.7852194, 43.1735006], [-3.779768, 43.1734297], [-3.7772946, 43.174374], [-3.7741143, 43.1758543], [-3.7721105, 43.1750123], [-3.7693656, 43.1759042], [-3.7672414, 43.1772422], [-3.7639811, 43.1772729], [-3.7614567, 43.1761191], [-3.7612304, 43.1757244], [-3.7591322, 43.1742074], [-3.7563854, 43.1739554], [-3.7560254, 43.1746962], [-3.7545314, 43.1752733], [-3.7511232, 43.1772858], [-3.7473579, 43.1772653], [-3.7443348, 43.1765646], [-3.7425647, 43.1756846], [-3.7407531, 43.1764617], [-3.7391444, 43.1767242], [-3.7372489, 43.1776999], [-3.7360984, 43.1792381], [-3.7365879, 43.1800364], [-3.7356002, 43.1797636], [-3.7342231, 43.1798535], [-3.7317119, 43.1797705], [-3.7306518, 43.1796061], [-3.7278514, 43.1810827], [-3.7231689, 43.1826161], [-3.7147782, 43.1838588], [-3.7131791, 43.1828047], [-3.712136, 43.1819917], [-3.7066368, 43.178892], [-3.704913, 43.1766423], [-3.7035752, 43.1758671], [-3.7010934, 43.1740273], [-3.7007568, 43.1714809], [-3.6996329, 43.1689394], [-3.7012175, 43.1665614], [-3.7011143, 43.1661478], [-3.7005245, 43.1651249], [-3.6996667, 43.1621765], [-3.6995738, 43.1615737], [-3.6994475, 43.1612864], [-3.6991732, 43.1609639], [-3.6948105, 43.1598813], [-3.6938067, 43.1598277], [-3.6894549, 43.1587264], [-3.6869784, 43.158363], [-3.6837408, 43.1581392], [-3.6828272, 43.1578385], [-3.6820835, 43.1573206], [-3.6817007, 43.1571878], [-3.6808274, 43.157193], [-3.6789556, 43.1569969], [-3.6773152, 43.1554758], [-3.6766221, 43.1550837], [-3.6757973, 43.1538999], [-3.6757533, 43.1532518], [-3.6760348, 43.1520074], [-3.6765048, 43.1511312], [-3.6770632, 43.1504615], [-3.6799686, 43.1484903], [-3.6817192, 43.146643], [-3.6821451, 43.1451276], [-3.6836371, 43.1432637], [-3.6842052, 43.1423779], [-3.6849484, 43.1406445], [-3.685269, 43.139625], [-3.6856108, 43.1371827], [-3.6837806, 43.1362571], [-3.6862194, 43.1344235], [-3.687447, 43.1331465], [-3.6881748, 43.1327055], [-3.689456, 43.1321341], [-3.6904229, 43.1309855], [-3.6929022, 43.1284132], [-3.6949721, 43.1266267], [-3.695863, 43.126045], [-3.7038855, 43.1234117], [-3.7029273, 43.1180866], [-3.7038037, 43.1173248], [-3.7046767, 43.1162749], [-3.7056779, 43.1156834], [-3.7071225, 43.1151703], [-3.7083016, 43.115091], [-3.70936, 43.1152015], [-3.7100222, 43.1150713], [-3.7126413, 43.1140916], [-3.7142749, 43.1139824], [-3.7164103, 43.1126364], [-3.718176, 43.110167], [-3.7192487, 43.1083503], [-3.723194, 43.107308], [-3.7265697, 43.1059179], [-3.7282889, 43.1047544], [-3.7291209, 43.104443], [-3.7309281, 43.1041061], [-3.7349058, 43.1031094], [-3.738463, 43.1025463], [-3.7425056, 43.1025022], [-3.744998, 43.102306], [-3.7481927, 43.1022672], [-3.7520545, 43.1015035], [-3.7548816, 43.1005485], [-3.7559822, 43.0991095], [-3.7568265, 43.0988157], [-3.7576979, 43.0987199], [-3.7608095, 43.0989335], [-3.7622103, 43.0989242], [-3.7635144, 43.0990506], [-3.7665512, 43.100156], [-3.7682526, 43.1006038], [-3.7702481, 43.1009777], [-3.7754462, 43.1029147], [-3.7786275, 43.1037577], [-3.7804882, 43.1060863], [-3.7821434, 43.1077139], [-3.7827934, 43.108574], [-3.7829703, 43.108951], [-3.782993, 43.1097702], [-3.7829122, 43.110185], [-3.7829484, 43.1110943], [-3.7828199, 43.1116264], [-3.7830107, 43.1121294], [-3.7846927, 43.1139099], [-3.7858682, 43.1154867], [-3.7891, 43.1192466], [-3.7957736, 43.1277011], [-3.7961322, 43.1278607], [-3.8018587, 43.1314318], [-3.8084868, 43.1305749], [-3.8083863, 43.13135], [-3.8085506, 43.131691], [-3.8101456, 43.1333007], [-3.8103835, 43.1336322], [-3.8109512, 43.1356543], [-3.811653, 43.1366578], [-3.8119472, 43.1375202], [-3.8122733, 43.1380042], [-3.8128195, 43.1383965], [-3.8151723, 43.1414955], [-3.8163571, 43.1427478], [-3.8157709, 43.1430491], [-3.815506, 43.1434742], [-3.8154716, 43.1436636], [-3.8156379, 43.1441486], [-3.8158, 43.1443186], [-3.8163426, 43.1444318], [-3.8166523, 43.1446007], [-3.8173052, 43.1474596], [-3.8178582, 43.1483561], [-3.8186959, 43.1493857], [-3.8176888, 43.1494919], [-3.8174834, 43.1497636], [-3.8246567, 43.1555023], [-3.8253431, 43.1562448], [-3.8262744, 43.157814], [-3.8265368, 43.1581182], [-3.8281884, 43.1592769], [-3.8285883, 43.1597423], [-3.8291319, 43.160828], [-3.83295, 43.1593686], [-3.8416949, 43.1593047], [-3.8422716, 43.1592015], [-3.8427723, 43.1589366], [-3.8443043, 43.1576377], [-3.8451242, 43.1573345], [-3.8463143, 43.1571096], [-3.852413, 43.1551825], [-3.8526553, 43.155802], [-3.8540577, 43.158475], [-3.8533407, 43.1599841], [-3.8528467, 43.1616177], [-3.8527441, 43.1622038], [-3.852831, 43.1631486], [-3.8530587, 43.1635972], [-3.8534342, 43.1640626], [-3.8542415, 43.1646149], [-3.8556421, 43.1653699], [-3.8570389, 43.1658547], [-3.8571372, 43.1667275], [-3.8571041, 43.1687628], [-3.8561931, 43.1704806], [-3.8566778, 43.1708371], [-3.8577317, 43.1722971], [-3.8583443, 43.1729949], [-3.8590648, 43.1734937], [-3.8598471, 43.1766396], [-3.8597359, 43.1792428], [-3.8693636, 43.1822409], [-3.8754647, 43.1846709]]]}, "properties": {"nombre": "Vega de Pas", "ine": "39097"}}, {"type": "Feature", "geometry": {"type": "Polygon", "coordinates": [[[-4.1787269, 42.8261255], [-4.1652421, 42.8285324], [-4.1636898, 42.8313902], [-4.1628648, 42.8323399], [-4.1624673, 42.8324778], [-4.163359, 42.8336948], [-4.161997, 42.8357056], [-4.1605724, 42.8365653], [-4.1580672, 42.8374822], [-4.1570633, 42.8375732], [-4.1553109, 42.8366796], [-4.152924, 42.8356081], [-4.151887, 42.8353204], [-4.1512558, 42.8345512], [-4.1507826, 42.8341199], [-4.1506208, 42.8328347], [-4.1508158, 42.8314932], [-4.1454421, 42.8288999], [-4.1455816, 42.829747], [-4.1406827, 42.829104], [-4.1409616, 42.8303925], [-4.1380058, 42.8326643], [-4.1373723, 42.8334811], [-4.1370284, 42.839428], [-4.128477, 42.8462666], [-4.1258895, 42.8459768], [-4.1212508, 42.8452748], [-4.1190071, 42.8450446], [-4.118202, 42.8451875], [-4.1202247, 42.8487699], [-4.1190601, 42.8513748], [-4.1167736, 42.8521806], [-4.1164481, 42.8524539], [-4.115849, 42.8531712], [-4.1179298, 42.8552131], [-4.1185844, 42.85554], [-4.1212091, 42.8565139], [-4.1222516, 42.858665], [-4.1187549, 42.8616079], [-4.1128787, 42.8629438], [-4.1098251, 42.8612714], [-4.1088752, 42.8608573], [-4.1049759, 42.8597963], [-4.1019905, 42.8598701], [-4.1003896, 42.8586427], [-4.0982372, 42.8566731], [-4.0970983, 42.8538744], [-4.0960418, 42.8536503], [-4.0955736, 42.8534747], [-4.0943482, 42.8527029], [-4.0932064, 42.8524977], [-4.0924917, 42.8522253], [-4.0912145, 42.8512829], [-4.0902295, 42.8509501], [-4.0897447, 42.8505224], [-4.0891539, 42.8496365], [-4.0898362, 42.8487655], [-4.0882017, 42.8483758], [-4.0768179, 42.8496719], [-4.0760339, 42.8496342], [-4.0749657, 42.8494371], [-4.0724014, 42.8504787], [-4.0700625, 42.8504105], [-4.0666178, 42.8500824], [-4.0630838, 42.8495479], [-4.0621815, 42.8497454], [-4.060458, 42.8498694], [-4.0584551, 42.8494016], [-4.0536703, 42.8494367], [-4.0510487, 42.8500101], [-4.0491483, 42.8505318], [-4.0462098, 42.8519185], [-4.046019, 42.8522174], [-4.0451543, 42.856836], [-4.0441317, 42.8593488], [-4.0439583, 42.8599538], [-4.0417634, 42.8611895], [-4.0383502, 42.8591132], [-4.0355901, 42.8594894], [-4.0344766, 42.8595174], [-4.0315809, 42.8613086], [-4.0292476, 42.8623381], [-4.0264086, 42.8638765], [-4.0252493, 42.864094], [-4.0247143, 42.8643149], [-4.0252234, 42.8647516], [-4.0259448, 42.8647001], [-4.0265383, 42.8657935], [-4.0257624, 42.8677365], [-4.0301142, 42.8680848], [-4.0305585, 42.8697738], [-4.0313513, 42.8718018], [-4.0316139, 42.8721327], [-4.0311252, 42.873668], [-4.0308414, 42.8742739], [-4.0308636, 42.874868], [-4.0311304, 42.8761894], [-4.0312524, 42.8776382], [-4.0309617, 42.8792978], [-4.0306001, 42.8803817], [-4.0305843, 42.8809041], [-4.0309705, 42.8820353], [-4.0316572, 42.8828306], [-4.0319976, 42.8834219], [-4.0319931, 42.8853581], [-4.0321104, 42.8865187], [-4.0323092, 42.8874264], [-4.0314057, 42.8890645], [-4.0277741, 42.8894033], [-4.0271882, 42.8895166], [-4.0267729, 42.889702], [-4.0266896, 42.889815], [-4.0259117, 42.8900864], [-4.0263576, 42.8903886], [-4.0240039, 42.8917334], [-4.0220101, 42.8918862], [-4.0197515, 42.8908257], [-4.0187722, 42.8908524], [-4.017297, 42.8905143], [-4.0183285, 42.8929186], [-4.0156703, 42.8928881], [-4.0119935, 42.8919751], [-4.0084311, 42.8913131], [-3.999966, 42.8934404], [-3.9988573, 42.8938013], [-3.9980318, 42.8942587], [-3.9968538, 42.8941159], [-3.9960421, 42.8939068], [-3.9952013, 42.8941753], [-3.9944915, 42.8942085], [-3.9930227, 42.8950317], [-3.992563, 42.8953869], [-3.9921244, 42.8955347], [-3.9883386, 42.8962248], [-3.988047, 42.8963714], [-3.9855244, 42.8994819], [-3.9843577, 42.9000593], [-3.9837849, 42.9002443], [-3.983357, 42.900293], [-3.9817224, 42.8999468], [-3.9804651, 42.8994442], [-3.9797117, 42.8990455], [-3.978214, 42.8980587], [-3.974213, 42.9061163], [-3.9715674, 42.9084891], [-3.9711949, 42.9089516], [-3.9709808, 42.9093586], [-3.972855, 42.9116931], [-3.9697026, 42.9114406], [-3.9608573, 42.911434], [-3.9539578, 42.9112935], [-3.9488331, 42.9102464], [-3.9457821, 42.9094071], [-3.9434158, 42.9092825], [-3.9425531, 42.9097489], [-3.9422598, 42.9097963], [-3.9411803, 42.9096971], [-3.9402677, 42.9101098], [-3.9393259, 42.9102076], [-3.9386217, 42.9106276], [-3.9377889, 42.9106434], [-3.9370869, 42.9112074], [-3.9360507, 42.9115491], [-3.9352577, 42.9125822], [-3.9345309, 42.9131284], [-3.9332252, 42.9134722], [-3.9326943, 42.9140168], [-3.9310007, 42.9146429], [-3.929987, 42.9148493], [-3.9296417, 42.914699], [-3.9305872, 42.9140249], [-3.9311246, 42.9131021], [-3.9325538, 42.9120098], [-3.9352073, 42.9092417], [-3.93568, 42.9089046], [-3.936367, 42.9081606], [-3.9366122, 42.9065467], [-3.9376026, 42.9048096], [-3.9376817, 42.9043677], [-3.9376154, 42.904035], [-3.9372993, 42.9033802], [-3.9353423, 42.9003254], [-3.9349332, 42.9000046], [-3.9340096, 42.8996699], [-3.9335431, 42.8996017], [-3.9298834, 42.9030444], [-3.928662, 42.9040988], [-3.9263518, 42.9044327], [-3.9240403, 42.9120787], [-3.92342, 42.9156678], [-3.9223456, 42.9159196], [-3.91821, 42.9162949], [-3.9169967, 42.9170971], [-3.9162982, 42.9187506], [-3.9160685, 42.9189596], [-3.911999, 42.9213423], [-3.9118798, 42.9215684], [-3.9117324, 42.9232085], [-3.91149, 42.9233906], [-3.9079546, 42.9246253], [-3.9075026, 42.9247189], [-3.9015715, 42.9247026], [-3.898395, 42.9245114], [-3.8956453, 42.9250192], [-3.8925178, 42.9248274], [-3.8915681, 42.9252491], [-3.8912774, 42.9254855], [-3.8906324, 42.9283541], [-3.8906131, 42.9287145], [-3.8888281, 42.9298629], [-3.8896883, 42.9351423], [-3.8880221, 42.9368932], [-3.8877036, 42.9377602], [-3.8868618, 42.9423143], [-3.886827, 42.9450161], [-3.8870128, 42.9468607], [-3.8873833, 42.9487669], [-3.8777219, 42.9477876], [-3.875805, 42.9483246], [-3.8701364, 42.9497004], [-3.8678426, 42.9530947], [-3.8670945, 42.9548294], [-3.8623993, 42.9522082], [-3.857709, 42.9499111], [-3.8542336, 42.9485772], [-3.851184, 42.946997], [-3.8499935, 42.9459972], [-3.8484388, 42.9452613], [-3.8478415, 42.9446084], [-3.8471345, 42.9440012], [-3.8455764, 42.9430042], [-3.841456, 42.9410623], [-3.840542, 42.9405467], [-3.8395388, 42.9397796], [-3.837942, 42.9359101], [-3.8373433, 42.9342305], [-3.8347223, 42.9316291], [-3.8333381, 42.9307657], [-3.8308827, 42.9295318], [-3.8305719, 42.9292008], [-3.8299267, 42.9276926], [-3.830891, 42.9219223], [-3.8311477, 42.9209659], [-3.8324168, 42.91966], [-3.833546, 42.9179858], [-3.8348615, 42.9174089], [-3.838313, 42.9162311], [-3.8396453, 42.9168967], [-3.8439833, 42.916946], [-3.8445025, 42.9172843], [-3.8461541, 42.9188931], [-3.8472266, 42.9193715], [-3.8501426, 42.9193589], [-3.8513654, 42.9191787], [-3.8520852, 42.9189483], [-3.8534344, 42.9181638], [-3.8542432, 42.9172843], [-3.8545755, 42.9156158], [-3.8547414, 42.9152094], [-3.8556973, 42.9143378], [-3.8559003, 42.913958], [-3.8558237, 42.912842], [-3.8562135, 42.9117944], [-3.8568754, 42.910934], [-3.856665, 42.909891], [-3.8566939, 42.9093234], [-3.8574168, 42.907562], [-3.860352, 42.9045593], [-3.8602151, 42.9044073], [-3.8589801, 42.9036781], [-3.8633715, 42.9014749], [-3.8649386, 42.9005356], [-3.8663793, 42.899327], [-3.8668067, 42.8992337], [-3.8686051, 42.899076], [-3.8702296, 42.8996221], [-3.8707078, 42.8996635], [-3.8719195, 42.8995912], [-3.8755378, 42.9008064], [-3.8790235, 42.901302], [-3.8832675, 42.9042862], [-3.883608, 42.9041125], [-3.8841138, 42.9035052], [-3.8845499, 42.9031597], [-3.885038, 42.9030298], [-3.8881844, 42.9029065], [-3.8902382, 42.9026204], [-3.8908263, 42.9026338], [-3.8913678, 42.9028097], [-3.8931822, 42.9037592], [-3.8944806, 42.9046046], [-3.8963825, 42.9056704], [-3.8986776, 42.9068141], [-3.8997031, 42.9074184], [-3.9014986, 42.9087371], [-3.9027466, 42.9094747], [-3.9035042, 42.9110176], [-3.9070994, 42.9130784], [-3.907368, 42.9138508], [-3.9078189, 42.9145226], [-3.9080064, 42.9122698], [-3.9105839, 42.9109256], [-3.9084424, 42.9094207], [-3.9070431, 42.9075587], [-3.9036367, 42.9058206], [-3.899141, 42.9041359], [-3.8986439, 42.9036445], [-3.8983664, 42.9030974], [-3.8974383, 42.8999078], [-3.8957615, 42.896607], [-3.8946072, 42.8938514], [-3.8932213, 42.8894676], [-3.8955841, 42.8911062], [-3.8929338, 42.8873627], [-3.899583, 42.8864732], [-3.9027762, 42.8862681], [-3.9034354, 42.8869653], [-3.9043375, 42.8875165], [-3.9088603, 42.8894529], [-3.9092558, 42.8897019], [-3.9103299, 42.8919627], [-3.9165115, 42.889257], [-3.9202798, 42.8906586], [-3.9229811, 42.8903037], [-3.9243488, 42.8892211], [-3.9221876, 42.8880048], [-3.9203204, 42.888443], [-3.9185362, 42.887872], [-3.9166964, 42.8876796], [-3.915897, 42.8874518], [-3.9144189, 42.8868693], [-3.9129859, 42.8868537], [-3.9104566, 42.8864055], [-3.9086265, 42.8868703], [-3.9071032, 42.8857116], [-3.9060386, 42.8857651], [-3.904897, 42.885576], [-3.9025117, 42.8849194], [-3.9014511, 42.8844054], [-3.8992733, 42.8828556], [-3.8988639, 42.8824895], [-3.8981063, 42.881757], [-3.8974728, 42.8802851], [-3.8976261, 42.8798787], [-3.900586, 42.8754339], [-3.9009423, 42.8746747], [-3.9024321, 42.8752393], [-3.9035461, 42.8718626], [-3.9056641, 42.8701799], [-3.9067008, 42.8699106], [-3.9076129, 42.8694891], [-3.9081336, 42.8690978], [-3.908535, 42.8689235], [-3.9102367, 42.868919], [-3.9114816, 42.868657], [-3.9127955, 42.8680972], [-3.9132801, 42.8677512], [-3.9137597, 42.8670629], [-3.9147487, 42.8660555], [-3.9150589, 42.8655037], [-3.9153754, 42.8645556], [-3.9157859, 42.8625081], [-3.9157882, 42.8618327], [-3.9156955, 42.8613562], [-3.9154804, 42.8608806], [-3.9148321, 42.8600843], [-3.9141265, 42.8595496], [-3.9131037, 42.8590895], [-3.9127731, 42.8590831], [-3.9119946, 42.8594135], [-3.9094391, 42.8596049], [-3.9070638, 42.8595696], [-3.9054144, 42.8597808], [-3.9046557, 42.8597958], [-3.9038272, 42.8600634], [-3.9022461, 42.8599228], [-3.8996522, 42.8600062], [-3.899235, 42.8599374], [-3.8988029, 42.8596886], [-3.8986147, 42.8593659], [-3.8983161, 42.8581886], [-3.8964405, 42.8563031], [-3.8955878, 42.8565889], [-3.8932561, 42.8570214], [-3.8915186, 42.8570619], [-3.8877941, 42.8568296], [-3.8874161, 42.8560761], [-3.8865282, 42.8547502], [-3.8857108, 42.8540811], [-3.882222, 42.8523339], [-3.8818017, 42.8520399], [-3.8801891, 42.8513859], [-3.8798211, 42.8513257], [-3.8781362, 42.8516178], [-3.8737236, 42.8529032], [-3.8722165, 42.8536621], [-3.8685014, 42.856698], [-3.871928, 42.8601301], [-3.8724393, 42.8608016], [-3.872741, 42.8613667], [-3.8726897, 42.8620695], [-3.8734482, 42.8620367], [-3.8734974, 42.8629188], [-3.8738685, 42.8631952], [-3.873728, 42.8636465], [-3.8738859, 42.8644287], [-3.8739757, 42.8655897], [-3.8735752, 42.8701855], [-3.8728302, 42.8720553], [-3.8724235, 42.8727338], [-3.871811, 42.8735849], [-3.8709768, 42.8743387], [-3.8740487, 42.8751168], [-3.8720484, 42.8782749], [-3.8718727, 42.8788435], [-3.8715973, 42.8792869], [-3.869515, 42.8818602], [-3.8687516, 42.8833068], [-3.8685427, 42.8850014], [-3.8680543, 42.8859776], [-3.8674013, 42.8865769], [-3.8666606, 42.8870238], [-3.8655767, 42.8883377], [-3.8650812, 42.8888097], [-3.8646921, 42.8890108], [-3.8637358, 42.8898104], [-3.862988, 42.8888795], [-3.862273, 42.8885427], [-3.8611902, 42.8881726], [-3.8607242, 42.8872485], [-3.8587834, 42.8868218], [-3.8574166, 42.8862827], [-3.8567238, 42.8857746], [-3.8556321, 42.8856477], [-3.8542315, 42.8853159], [-3.8521708, 42.8841785], [-3.8513212, 42.8838426], [-3.8518304, 42.8834696], [-3.8502811, 42.8830039], [-3.8476887, 42.8823837], [-3.8462709, 42.8816827], [-3.8454486, 42.8815447], [-3.8429639, 42.8807255], [-3.8410559, 42.879992], [-3.8367905, 42.8787805], [-3.8347878, 42.8773632], [-3.8332774, 42.8761315], [-3.8323311, 42.8749587], [-3.8301904, 42.8732812], [-3.8267421, 42.8708566], [-3.8261824, 42.8702033], [-3.8253535, 42.8686333], [-3.830661, 42.8599679], [-3.8324769, 42.8575413], [-3.8341292, 42.8557102], [-3.8339917, 42.853676], [-3.8337757, 42.8521737], [-3.8295921, 42.8477734], [-3.826542, 42.8448146], [-3.8249533, 42.8431421], [-3.8230953, 42.8414624], [-3.8185079, 42.8378751], [-3.8166747, 42.8361861], [-3.8165122, 42.8359261], [-3.8166945, 42.8302514], [-3.8196726, 42.8278437], [-3.8196002, 42.8269977], [-3.8173653, 42.8235826], [-3.8176685, 42.8215272], [-3.8162322, 42.8192861], [-3.8157897, 42.8126072], [-3.8160319, 42.8105612], [-3.8163325, 42.8101718], [-3.817353, 42.8096422], [-3.818067, 42.8090608], [-3.820045, 42.8069484], [-3.8205743, 42.8062782], [-3.820717, 42.805971], [-3.8211937, 42.8031759], [-3.8213222, 42.8017972], [-3.8216692, 42.8002908], [-3.8222109, 42.7996385], [-3.8229126, 42.7990661], [-3.8232767, 42.7988564], [-3.8290471, 42.7987248], [-3.8292801, 42.7987771], [-3.8327353, 42.7965278], [-3.8373354, 42.7948733], [-3.8398038, 42.7938467], [-3.8441748, 42.7924548], [-3.8455844, 42.791805], [-3.8481932, 42.7903268], [-3.8498598, 42.7897021], [-3.8542444, 42.7875623], [-3.8550393, 42.7875744], [-3.8592099, 42.7867778], [-3.8633748, 42.7864584], [-3.8646118, 42.7866112], [-3.8660386, 42.7872218], [-3.8686735, 42.7885347], [-3.869994, 42.7894072], [-3.8721476, 42.791264], [-3.8766395, 42.7941746], [-3.8780562, 42.7949203], [-3.8797906, 42.7956364], [-3.8839824, 42.7971802], [-3.886052, 42.7982449], [-3.8913352, 42.8016711], [-3.8931414, 42.803116], [-3.8944461, 42.8045377], [-3.8963291, 42.8019654], [-3.8973861, 42.7997868], [-3.8974416, 42.7985527], [-3.897635, 42.7975515], [-3.8986728, 42.7957423], [-3.8989051, 42.794894], [-3.8995912, 42.7907641], [-3.9004746, 42.7892803], [-3.9014672, 42.7885881], [-3.9028319, 42.7882621], [-3.9045164, 42.7880688], [-3.9059106, 42.7880938], [-3.9078036, 42.7879438], [-3.9093425, 42.786995], [-3.9096645, 42.7864431], [-3.9095793, 42.7847958], [-3.9088838, 42.7815413], [-3.9087125, 42.7798586], [-3.9088056, 42.7770302], [-3.9096651, 42.7714398], [-3.9099076, 42.7704743], [-3.9109527, 42.7683857], [-3.9187675, 42.7686746], [-3.9264774, 42.7701255], [-3.9291386, 42.773166], [-3.9305886, 42.7744871], [-3.9370865, 42.7716964], [-3.9383952, 42.7709383], [-3.9389065, 42.770799], [-3.9419765, 42.7709269], [-3.9429394, 42.7707479], [-3.9440212, 42.7703428], [-3.9464981, 42.7684491], [-3.9487938, 42.7675026], [-3.9472649, 42.7642191], [-3.946582, 42.7619102], [-3.9491843, 42.7618527], [-3.9524799, 42.7615732], [-3.9539721, 42.7616509], [-3.9565474, 42.7622148], [-3.9656942, 42.7585987], [-3.9677466, 42.7585544], [-3.9772955, 42.7580499], [-3.9788847, 42.7580813], [-3.9803487, 42.7618062], [-3.9805047, 42.7631737], [-3.9815879, 42.7683068], [-3.9837653, 42.7684142], [-3.9852476, 42.769401], [-3.9864677, 42.7700299], [-3.9879434, 42.7705936], [-3.9906632, 42.7709843], [-3.9945611, 42.7686089], [-3.9958406, 42.7683636], [-3.9969778, 42.7683898], [-3.9996518, 42.7689788], [-3.9976478, 42.7781642], [-3.9964226, 42.7825786], [-3.9964339, 42.7840465], [-3.995943, 42.7862211], [-3.997558, 42.787819], [-3.9966526, 42.7908348], [-3.9965391, 42.7921416], [-3.9964121, 42.7971948], [-3.9965137, 42.798959], [-3.9967436, 42.8003348], [-3.9976461, 42.8017048], [-3.9970591, 42.8032319], [-3.9977419, 42.8046308], [-4.0008703, 42.8097997], [-4.0003518, 42.8117764], [-3.9999826, 42.813923], [-3.9996328, 42.8195545], [-4.0000362, 42.8240988], [-4.0005914, 42.8266695], [-4.0016062, 42.8296685], [-4.0022992, 42.8309142], [-4.0035551, 42.8314075], [-4.0074411, 42.8311122], [-4.0095247, 42.8305805], [-4.0110385, 42.8303781], [-4.0121363, 42.8294228], [-4.012918, 42.8285874], [-4.0207799, 42.8193499], [-4.0170651, 42.8121064], [-4.0162522, 42.8102675], [-4.0153806, 42.8085732], [-4.0146652, 42.8074538], [-4.0141829, 42.8063774], [-4.0153418, 42.8069435], [-4.0166203, 42.8073464], [-4.0179067, 42.8074791], [-4.0203374, 42.8072864], [-4.0222642, 42.806945], [-4.0239787, 42.8063443], [-4.0282407, 42.8030011], [-4.0298069, 42.8023116], [-4.0329201, 42.8012569], [-4.032487, 42.7994777], [-4.0324977, 42.7986491], [-4.0327128, 42.7968731], [-4.0314842, 42.795047], [-4.0317902, 42.7935943], [-4.029068, 42.7909081], [-4.0283492, 42.7903292], [-4.0298692, 42.7883433], [-4.0335695, 42.7866079], [-4.035314, 42.7885824], [-4.037833, 42.790802], [-4.0437539, 42.788794], [-4.0460996, 42.7857827], [-4.0493604, 42.781223], [-4.0502167, 42.7798013], [-4.0497068, 42.7778427], [-4.0488132, 42.7734201], [-4.0496973, 42.7729347], [-4.0493132, 42.7719025], [-4.0481299, 42.769869], [-4.0467688, 42.7681523], [-4.0459117, 42.7666111], [-4.0487372, 42.7652885], [-4.0516133, 42.7640823], [-4.0546875, 42.7630274], [-4.0602748, 42.7624354], [-4.0717301, 42.7605366], [-4.0773221, 42.7609435], [-4.0813396, 42.7614641], [-4.0816335, 42.7643071], [-4.0818946, 42.7652593], [-4.0827756, 42.7674214], [-4.0830419, 42.7686797], [-4.0855452, 42.7713398], [-4.0853643, 42.7721791], [-4.0884448, 42.7721949], [-4.0907894, 42.7720646], [-4.0924199, 42.7723372], [-4.0940751, 42.7733211], [-4.0940707, 42.7744559], [-4.0947876, 42.7762953], [-4.0952998, 42.7790011], [-4.0958957, 42.7802112], [-4.0997141, 42.7845964], [-4.0983132, 42.7862669], [-4.0982235, 42.7887984], [-4.0984857, 42.7911824], [-4.10517, 42.7930273], [-4.1129372, 42.7945462], [-4.1226714, 42.7945955], [-4.1284122, 42.7922337], [-4.134029, 42.7911425], [-4.1375102, 42.7902795], [-4.1404307, 42.7915203], [-4.1444006, 42.7913096], [-4.1449775, 42.7907635], [-4.1466708, 42.7897649], [-4.1499147, 42.7893091], [-4.1513313, 42.7905377], [-4.1535747, 42.7928296], [-4.1557732, 42.795329], [-4.158382, 42.7955548], [-4.1592579, 42.7959692], [-4.1603589, 42.7966515], [-4.1633968, 42.800196], [-4.164281, 42.8010515], [-4.1679578, 42.8034276], [-4.1693304, 42.8048816], [-4.1736561, 42.8085747], [-4.1760349, 42.8095409], [-4.1787573, 42.8108975], [-4.1809544, 42.8103278], [-4.1827037, 42.8103458], [-4.1838497, 42.8120721], [-4.1838655, 42.8148277], [-4.1854295, 42.8172971], [-4.1832144, 42.8217327], [-4.1824112, 42.8225966], [-4.1805253, 42.8237778], [-4.1797073, 42.8245066], [-4.1787269, 42.8261255]]]}, "properties": {"nombre": "Valderredible", "ine": "39094"}}, {"type": "Feature", "geometry": {"type": "MultiPolygon", "coordinates": [[[[-4.5097696, 43.3931848], [-4.5098043, 43.3932354], [-4.5097346, 43.3931964], [-4.5097696, 43.3931848]]], [[[-4.5117435, 43.3933426], [-4.5118, 43.3933407], [-4.5117642, 43.3933702], [-4.5117435, 43.3933426]]], [[[-4.4884569, 43.3935143], [-4.4884059, 43.393526], [-4.4883791, 43.393487], [-4.4884569, 43.3935143]]], [[[-4.4883308, 43.3935318], [-4.4881833, 43.3935766], [-4.4882128, 43.3935396], [-4.4883308, 43.3935318]]], [[[-4.4882325, 43.3936417], [-4.4881118, 43.3936417], [-4.4882638, 43.3936], [-4.4882325, 43.3936417]]], [[[-4.5082327, 43.3939703], [-4.5081923, 43.3940033], [-4.5081386, 43.393976], [-4.5082327, 43.3939703]]], [[[-4.5076989, 43.3940814], [-4.507664, 43.3941184], [-4.5076318, 43.394095], [-4.5076989, 43.3940814]]], [[[-4.5061726, 43.3949505], [-4.5061459, 43.3948785], [-4.5062666, 43.3949779], [-4.5061726, 43.3949505]]], [[[-4.5012403, 43.3951904], [-4.5012108, 43.3951475], [-4.5013824, 43.3951436], [-4.5013262, 43.3952138], [-4.501251, 43.3952157], [-4.5011947, 43.395167], [-4.5012403, 43.3951904]]], [[[-4.500263, 43.395762], [-4.5003007, 43.3957502], [-4.500298, 43.3957658], [-4.500263, 43.395762]]], [[[-4.4907314, 43.3957946], [-4.4906456, 43.3958316], [-4.4906438, 43.395809], [-4.4907314, 43.3957946]]], [[[-4.4999447, 43.395818], [-4.4999922, 43.3958223], [-4.4999796, 43.3958395], [-4.4999447, 43.395818]]], [[[-4.4990972, 43.3959973], [-4.4989818, 43.3959876], [-4.4991106, 43.3959856], [-4.4990972, 43.3959973]]], [[[-4.4907502, 43.3960655], [-4.4908038, 43.3960655], [-4.4907851, 43.3961006], [-4.4907502, 43.3960655]]], [[[-4.4996282, 43.3961454], [-4.4996427, 43.3961069], [-4.4998529, 43.3961193], [-4.4996282, 43.3961454]]], [[[-4.4992479, 43.3962082], [-4.4992071, 43.3962098], [-4.4992339, 43.3961961], [-4.4992479, 43.3962082]]], [[[-4.4994004, 43.3967905], [-4.4994326, 43.3965079], [-4.4991751, 43.3963637], [-4.4993226, 43.3962546], [-4.4992797, 43.3961747], [-4.5004974, 43.3961026], [-4.5007066, 43.3961825], [-4.5008622, 43.396428], [-4.5014568, 43.3968889], [-4.5013611, 43.397116], [-4.500763, 43.3972076], [-4.5001326, 43.3974395], [-4.4999226, 43.39738], [-4.4998698, 43.3974278], [-4.4993701, 43.3971714], [-4.4995015, 43.3968557], [-4.4994004, 43.3967905]]], [[[-4.492354, 43.396964], [-4.4923068, 43.3969784], [-4.4922934, 43.3969453], [-4.492354, 43.396964]]], [[[-4.4936629, 43.3970673], [-4.49362, 43.3970731], [-4.4936307, 43.3970439], [-4.4936629, 43.3970673]]], [[[-4.494591, 43.3974882], [-4.4945346, 43.3974843], [-4.494533, 43.3974656], [-4.494591, 43.3974882]]], [[[-4.4947626, 43.3977746], [-4.4945062, 43.3976703], [-4.4948056, 43.3977532], [-4.4947626, 43.3977746]]], [[[-4.4952715, 43.3978049], [-4.4948978, 43.3976956], [-4.4951328, 43.3976752], [-4.4951285, 43.3977424], [-4.4952715, 43.3978049]]], [[[-4.4881011, 43.3936827], [-4.4882209, 43.3936624], [-4.4882316, 43.3936877], [-4.4881011, 43.3936827]]], [[[-4.4840473, 43.39513], [-4.4841117, 43.3951339], [-4.484042, 43.3951475], [-4.4840473, 43.39513]]], [[[-4.485376, 43.3951737], [-4.4854099, 43.3951826], [-4.4853804, 43.395206], [-4.485376, 43.3951737]]], [[[-4.4853241, 43.3952353], [-4.4852704, 43.3951885], [-4.4853589, 43.3952138], [-4.4853241, 43.3952353]]], [[[-4.4852704, 43.3952353], [-4.4852436, 43.3952411], [-4.4852436, 43.3951924], [-4.4852704, 43.3952353]]], [[[-4.4848037, 43.3952586], [-4.4845543, 43.3951924], [-4.4848171, 43.3952333], [-4.4848037, 43.3952586]]], [[[-4.4830978, 43.3952352], [-4.4831112, 43.3952742], [-4.4830621, 43.3952609], [-4.4830978, 43.3952352]]], [[[-4.4848905, 43.395468], [-4.4850156, 43.3954263], [-4.48508, 43.395434], [-4.4848905, 43.395468]]], [[[-4.4847752, 43.3955654], [-4.484852, 43.3954886], [-4.4848547, 43.3955958], [-4.4847752, 43.3955654]]], [[[-4.4848288, 43.395618], [-4.48508, 43.3955023], [-4.4851551, 43.3954828], [-4.4849754, 43.3956562], [-4.4848288, 43.395618]]], [[[-4.4851444, 43.3955978], [-4.485139, 43.3956465], [-4.4851024, 43.3956278], [-4.4851444, 43.3955978]]], [[[-4.4826767, 43.395551], [-4.4841788, 43.3952567], [-4.4841037, 43.3953444], [-4.4842539, 43.3952684], [-4.4844148, 43.3953463], [-4.4847394, 43.3953327], [-4.484514, 43.3953756], [-4.4845838, 43.3954126], [-4.4842405, 43.3953561], [-4.48427, 43.3954243], [-4.4845847, 43.3954524], [-4.4843299, 43.3955011], [-4.4844748, 43.3955713], [-4.4847608, 43.3954633], [-4.484616, 43.3957186], [-4.4844121, 43.3958082], [-4.4843317, 43.3957556], [-4.4841654, 43.3958277], [-4.4838676, 43.395816], [-4.4844399, 43.3959045], [-4.4844604, 43.3959837], [-4.4843209, 43.3959115], [-4.4840661, 43.3958843], [-4.4842297, 43.395931], [-4.4840617, 43.3959786], [-4.4843612, 43.3960148], [-4.4841707, 43.3961162], [-4.4837496, 43.396163], [-4.4833231, 43.3963676], [-4.4831434, 43.396315], [-4.4828296, 43.3963618], [-4.4829584, 43.3961571], [-4.4834438, 43.396048], [-4.4837121, 43.3959174], [-4.4827626, 43.3961552], [-4.4827045, 43.3962456], [-4.4827823, 43.3962378], [-4.482776, 43.3962838], [-4.4825694, 43.3962663], [-4.4826687, 43.3962], [-4.4824917, 43.3962779], [-4.4824434, 43.3962312], [-4.4826663, 43.3961337], [-4.4826599, 43.3960305], [-4.4828537, 43.3959797], [-4.4826905, 43.3959349], [-4.4826338, 43.3959719], [-4.4827276, 43.396007], [-4.4821409, 43.3960462], [-4.4823012, 43.3959271], [-4.482741, 43.3959076], [-4.4831326, 43.3957634], [-4.4827866, 43.3958258], [-4.4825855, 43.3957147], [-4.4824514, 43.3957575], [-4.4826257, 43.3957653], [-4.4825882, 43.3958004], [-4.4821701, 43.3958667], [-4.4826767, 43.395551]]], [[[-4.48497, 43.3958745], [-4.4850183, 43.3958297], [-4.4850827, 43.395855], [-4.4850371, 43.3958862], [-4.48497, 43.3958745]]], [[[-4.4829235, 43.3961493], [-4.4828028, 43.3961785], [-4.4828028, 43.3961552], [-4.4829235, 43.3961493]]], [[[-4.4842673, 43.3961142], [-4.4841707, 43.3962175], [-4.483767, 43.396241], [-4.484042, 43.3961844], [-4.4842673, 43.3961142]]], [[[-4.4842092, 43.3962144], [-4.484396, 43.3961025], [-4.4844738, 43.3961415], [-4.4842968, 43.3962682], [-4.4839535, 43.3962818], [-4.4842092, 43.3962144]]], [[[-4.4844524, 43.3962877], [-4.4843504, 43.3962701], [-4.4845784, 43.3961435], [-4.4845784, 43.3961669], [-4.4844524, 43.3962877]]], [[[-4.4846616, 43.3962721], [-4.4849727, 43.3964475], [-4.4850049, 43.3966443], [-4.4847886, 43.3966549], [-4.4847554, 43.3965878], [-4.4848771, 43.3964736], [-4.4847367, 43.3963501], [-4.4847903, 43.3964378], [-4.4847206, 43.3965372], [-4.4843612, 43.3963949], [-4.4845793, 43.396396], [-4.4844068, 43.3963462], [-4.4846616, 43.3962721]]], [[[-4.4850934, 43.3965566], [-4.4850666, 43.3964417], [-4.4851024, 43.3964385], [-4.4851497, 43.3965099], [-4.4850934, 43.3965566]]], [[[-4.4842521, 43.3965165], [-4.4840527, 43.3966171], [-4.483991, 43.3966249], [-4.4840393, 43.3965508], [-4.4834716, 43.3966217], [-4.4838328, 43.3965352], [-4.4834841, 43.3965917], [-4.4837479, 43.3965204], [-4.4843102, 43.3965001], [-4.4841958, 43.3965048], [-4.4842521, 43.3965165]]], [[[-4.4846723, 43.3965566], [-4.4847045, 43.3967087], [-4.4846508, 43.3966015], [-4.4845364, 43.3966081], [-4.4846723, 43.3965566]]], [[[-4.4844363, 43.3968198], [-4.4842217, 43.3968412], [-4.4841305, 43.3967886], [-4.4843638, 43.3967496], [-4.4844363, 43.3968198]]], [[[-4.5364318, 43.3453509], [-4.5374472, 43.3464718], [-4.5374439, 43.3468321], [-4.5367883, 43.3472551], [-4.536007, 43.348076], [-4.535871, 43.348555], [-4.5360619, 43.3492728], [-4.5359503, 43.3497426], [-4.5357851, 43.3500419], [-4.5344274, 43.3510056], [-4.5342597, 43.351206], [-4.53411, 43.3530989], [-4.5343518, 43.3533928], [-4.5353304, 43.3535417], [-4.535729, 43.3536895], [-4.536636, 43.3544247], [-4.5371867, 43.3547324], [-4.537944, 43.3549113], [-4.5385932, 43.3552087], [-4.5388222, 43.3554848], [-4.5388087, 43.3559262], [-4.538487, 43.3563808], [-4.5378123, 43.3570291], [-4.5366359, 43.3578463], [-4.5357346, 43.3583177], [-4.5341038, 43.3587358], [-4.5310275, 43.3585969], [-4.5308102, 43.3587889], [-4.5307509, 43.359375], [-4.5309984, 43.3608754], [-4.5315427, 43.3614174], [-4.5323911, 43.3617842], [-4.5338947, 43.3626825], [-4.5349247, 43.3638843], [-4.5353527, 43.3647069], [-4.5353861, 43.3655439], [-4.5348085, 43.3677787], [-4.5341213, 43.3679818], [-4.5321794, 43.3678678], [-4.5287935, 43.3672718], [-4.5275455, 43.3668601], [-4.5242136, 43.3664137], [-4.5223267, 43.3659796], [-4.5218713, 43.3660307], [-4.5211997, 43.3663188], [-4.5209117, 43.3661515], [-4.5205613, 43.3664533], [-4.5206521, 43.3666322], [-4.5209135, 43.3667188], [-4.5212292, 43.367498], [-4.5223895, 43.3679958], [-4.5227803, 43.3683237], [-4.52296, 43.3686005], [-4.5229421, 43.3688708], [-4.5225482, 43.3699026], [-4.5216023, 43.3707874], [-4.5212174, 43.3714035], [-4.5192305, 43.3739627], [-4.5171711, 43.376025], [-4.5163843, 43.3766477], [-4.5129735, 43.3779895], [-4.5120013, 43.3786057], [-4.5112886, 43.3792364], [-4.5108362, 43.3799087], [-4.5105944, 43.3806142], [-4.5106563, 43.3811176], [-4.5109044, 43.3816636], [-4.511046, 43.3823911], [-4.5110629, 43.3830752], [-4.511325, 43.3836841], [-4.511695, 43.3841654], [-4.5118778, 43.3845682], [-4.5119659, 43.3851343], [-4.511853, 43.3860543], [-4.5133742, 43.389974], [-4.5130429, 43.391207], [-4.5126773, 43.3918962], [-4.5124017, 43.3933405], [-4.5117378, 43.3931703], [-4.5116552, 43.3931809], [-4.5114728, 43.3934518], [-4.511014, 43.3935024], [-4.5103301, 43.3932433], [-4.5097964, 43.3931653], [-4.5096059, 43.3931946], [-4.5095791, 43.39314], [-4.5093216, 43.3931556], [-4.508461, 43.3934086], [-4.508238, 43.3937052], [-4.5082783, 43.3937754], [-4.508128, 43.3938202], [-4.5081495, 43.3939099], [-4.5078598, 43.3939216], [-4.5078275, 43.3940676], [-4.5075164, 43.3940209], [-4.5073207, 43.3941808], [-4.5067358, 43.3942216], [-4.5066341, 43.394364], [-4.5067038, 43.3944653], [-4.5064812, 43.394518], [-4.5064168, 43.3946797], [-4.50628, 43.3947129], [-4.5061969, 43.3948571], [-4.5056175, 43.3948824], [-4.5049523, 43.3946817], [-4.5044774, 43.3948005], [-4.5039116, 43.3947051], [-4.5034743, 43.394855], [-4.5033269, 43.3948103], [-4.5031175, 43.3949486], [-4.5031713, 43.3949799], [-4.5029057, 43.395046], [-4.5020905, 43.3950676], [-4.5019055, 43.3952527], [-4.5017231, 43.3951533], [-4.5011759, 43.3951338], [-4.5008806, 43.3952429], [-4.5008728, 43.3953424], [-4.5007119, 43.3953911], [-4.5006985, 43.3954807], [-4.5005563, 43.3954749], [-4.5005984, 43.3956021], [-4.5001459, 43.3956738], [-4.5003953, 43.3957264], [-4.5001405, 43.3957303], [-4.4998419, 43.395838], [-4.5002738, 43.3958457], [-4.5003168, 43.3959626], [-4.4997409, 43.3960738], [-4.4991723, 43.3960382], [-4.4991213, 43.3959856], [-4.4991715, 43.3959704], [-4.4990703, 43.3959486], [-4.4987298, 43.3959817], [-4.4989971, 43.3960718], [-4.4984499, 43.3962257], [-4.4984636, 43.3963294], [-4.4986145, 43.3964124], [-4.4983892, 43.3964475], [-4.4981656, 43.3966818], [-4.4975246, 43.396863], [-4.4977508, 43.3969854], [-4.4974585, 43.3968977], [-4.4974102, 43.3969114], [-4.4975255, 43.3969815], [-4.4970042, 43.3969839], [-4.4970874, 43.3970891], [-4.4969103, 43.3970579], [-4.4970176, 43.3971339], [-4.4966448, 43.3970267], [-4.4968621, 43.397245], [-4.4963149, 43.3971106], [-4.4966885, 43.3972953], [-4.4962486, 43.3972076], [-4.4964015, 43.3972466], [-4.4962218, 43.3972485], [-4.4963317, 43.3973031], [-4.4956451, 43.3970848], [-4.4952857, 43.3970926], [-4.4949021, 43.3969269], [-4.4950979, 43.3970712], [-4.4948033, 43.3970039], [-4.4952562, 43.3971452], [-4.4951167, 43.3971374], [-4.4953822, 43.3973148], [-4.4953286, 43.3972329], [-4.4955727, 43.3973265], [-4.4952669, 43.397344], [-4.4953688, 43.3974239], [-4.4950309, 43.3973421], [-4.4955002, 43.397535], [-4.4953339, 43.3975895], [-4.4949611, 43.3975506], [-4.4944837, 43.3973265], [-4.4939687, 43.3972017], [-4.4937273, 43.3971121], [-4.4936844, 43.3969854], [-4.4934376, 43.3969893], [-4.4935288, 43.3971199], [-4.492928, 43.3969601], [-4.4921663, 43.3969289], [-4.4921056, 43.3969667], [-4.4923022, 43.3970656], [-4.4918589, 43.3970427], [-4.4920456, 43.3971394], [-4.4915844, 43.3970556], [-4.4916702, 43.3972095], [-4.4912786, 43.3971959], [-4.4906858, 43.39704], [-4.4905339, 43.3969336], [-4.4906375, 43.3969172], [-4.4905517, 43.3968334], [-4.4901825, 43.3967133], [-4.4905034, 43.396543], [-4.490313, 43.3965352], [-4.4906107, 43.3963773], [-4.4906617, 43.3962546], [-4.4908119, 43.3962585], [-4.4907743, 43.3961279], [-4.4909487, 43.3961454], [-4.4909514, 43.3959934], [-4.4906939, 43.3960168], [-4.4906536, 43.3959525], [-4.4909299, 43.3958394], [-4.4908521, 43.3957127], [-4.4903971, 43.395772], [-4.4905222, 43.3957225], [-4.4903425, 43.3957166], [-4.4903559, 43.3955861], [-4.490026, 43.3956367], [-4.4899187, 43.3956114], [-4.4899589, 43.3955393], [-4.4898097, 43.3955692], [-4.4893903, 43.3953678], [-4.4894815, 43.3953483], [-4.4893993, 43.3952029], [-4.4895539, 43.395206], [-4.4897497, 43.395017], [-4.4897932, 43.3947552], [-4.4902513, 43.3944459], [-4.490616, 43.3943733], [-4.4906428, 43.3941784], [-4.4902405, 43.393853], [-4.4903182, 43.3936736], [-4.4898307, 43.39366], [-4.4894252, 43.3937949], [-4.4887654, 43.3937462], [-4.4886527, 43.393676], [-4.4886071, 43.3937287], [-4.4884649, 43.3935611], [-4.4885352, 43.3934944], [-4.4883827, 43.3934059], [-4.4882933, 43.3934753], [-4.4880948, 43.3934558], [-4.4882128, 43.3933311], [-4.4881377, 43.3931829], [-4.4877649, 43.3931323], [-4.4876335, 43.3929783], [-4.4873921, 43.3930602], [-4.4874216, 43.3930075], [-4.4873411, 43.3929608], [-4.4871265, 43.3930991], [-4.4867939, 43.3930348], [-4.4867135, 43.3930933], [-4.486743, 43.3930251], [-4.4866366, 43.39302], [-4.4864613, 43.3931771], [-4.4863031, 43.3932044], [-4.4863755, 43.3932862], [-4.4862736, 43.3932823], [-4.4862468, 43.3932005], [-4.4862226, 43.3932726], [-4.4861619, 43.3932208], [-4.4861743, 43.393296], [-4.4860885, 43.3931888], [-4.4859759, 43.3932297], [-4.4858605, 43.3930855], [-4.4857488, 43.3932013], [-4.4858552, 43.393259], [-4.485654, 43.3933506], [-4.4857371, 43.3932317], [-4.4855869, 43.3931615], [-4.4852517, 43.3933018], [-4.4843353, 43.3933022], [-4.483602, 43.3934281], [-4.4833069, 43.3935528], [-4.4828027, 43.3941375], [-4.482159, 43.3940673], [-4.4817567, 43.3942256], [-4.4818613, 43.3944517], [-4.4816468, 43.3946213], [-4.4813384, 43.3946505], [-4.4813357, 43.3945531], [-4.4811748, 43.3944732], [-4.4806491, 43.394555], [-4.4807456, 43.3946213], [-4.4807215, 43.39467], [-4.4806356, 43.3945687], [-4.4805445, 43.3946661], [-4.480464, 43.3946369], [-4.4803165, 43.3948435], [-4.4803004, 43.3949565], [-4.4804103, 43.3949936], [-4.4801877, 43.3950891], [-4.4802789, 43.3951923], [-4.4801877, 43.3952196], [-4.4802521, 43.3952372], [-4.4800834, 43.3953522], [-4.4800673, 43.3952976], [-4.480185, 43.3952723], [-4.4799608, 43.3952706], [-4.4797961, 43.3950891], [-4.4798551, 43.3950403], [-4.4798032, 43.3949985], [-4.479434, 43.3949136], [-4.4793106, 43.3950442], [-4.4792036, 43.3949897], [-4.4792892, 43.3948903], [-4.4791631, 43.3948649], [-4.4791899, 43.3948201], [-4.4789432, 43.3949429], [-4.478793, 43.3948455], [-4.478852, 43.3947851], [-4.4785427, 43.3946943], [-4.4782423, 43.3947372], [-4.4782557, 43.3948308], [-4.4781814, 43.3948942], [-4.4782297, 43.3948182], [-4.4781619, 43.3947684], [-4.4779902, 43.3948834], [-4.4777568, 43.3948912], [-4.4779956, 43.3953258], [-4.4777676, 43.3953999], [-4.4775905, 43.3953141], [-4.4771399, 43.3953784], [-4.4771407, 43.3954652], [-4.4770058, 43.3955148], [-4.4769307, 43.3954135], [-4.476902, 43.3955003], [-4.4765529, 43.3954449], [-4.4763119, 43.3953093], [-4.4764023, 43.3950296], [-4.4765445, 43.3950042], [-4.4765767, 43.3949243], [-4.4761027, 43.3949195], [-4.4758348, 43.3945819], [-4.4758175, 43.3944038], [-4.4750259, 43.3946195], [-4.4734387, 43.3947346], [-4.4733821, 43.3946406], [-4.4736111, 43.3944806], [-4.4724576, 43.3944337], [-4.4725452, 43.3943438], [-4.4723567, 43.3943694], [-4.4723837, 43.3942779], [-4.4727043, 43.3941716], [-4.4726604, 43.3939643], [-4.4732401, 43.3935769], [-4.4737231, 43.3935871], [-4.4740428, 43.3934771], [-4.4741152, 43.3932588], [-4.4738039, 43.3932285], [-4.4736579, 43.3931056], [-4.4736556, 43.3929499], [-4.4733986, 43.3929649], [-4.4732617, 43.3928355], [-4.4733716, 43.3928418], [-4.4734206, 43.3927089], [-4.4738621, 43.3925818], [-4.4738466, 43.3924353], [-4.4736265, 43.3925784], [-4.4732847, 43.3926586], [-4.4729444, 43.3924657], [-4.4729766, 43.3922055], [-4.4731551, 43.392131], [-4.4733522, 43.3922312], [-4.4735201, 43.3921141], [-4.473338, 43.3920278], [-4.4730114, 43.3920164], [-4.4730065, 43.3918107], [-4.4730966, 43.3917434], [-4.472935, 43.3917116], [-4.4728923, 43.391564], [-4.4729849, 43.3914154], [-4.472831, 43.3912964], [-4.4727965, 43.3911246], [-4.4730308, 43.3909544], [-4.4729094, 43.39075], [-4.4726987, 43.3907259], [-4.4727391, 43.3906217], [-4.4725996, 43.3905788], [-4.4726561, 43.3904415], [-4.472598, 43.3904123], [-4.4730395, 43.3902319], [-4.4729672, 43.3900292], [-4.473113, 43.390001], [-4.4725222, 43.3891363], [-4.4719301, 43.3891918], [-4.4716962, 43.3891316], [-4.4715999, 43.3892431], [-4.4714716, 43.3892066], [-4.4713726, 43.3892471], [-4.4714066, 43.3892975], [-4.4707019, 43.3895253], [-4.4704888, 43.3897106], [-4.4706235, 43.389987], [-4.4706917, 43.389996], [-4.4706175, 43.3900632], [-4.4707816, 43.3901495], [-4.4706057, 43.3903622], [-4.4704096, 43.3904499], [-4.4704638, 43.3905435], [-4.4704151, 43.3906261], [-4.4702787, 43.3906024], [-4.4702194, 43.3904452], [-4.4701059, 43.3904486], [-4.4700636, 43.3905586], [-4.4699804, 43.3905068], [-4.4699153, 43.3906442], [-4.4699899, 43.3907687], [-4.4698611, 43.3907807], [-4.4699448, 43.3908939], [-4.4694699, 43.3912985], [-4.4692182, 43.3914065], [-4.4689147, 43.3912765], [-4.4683629, 43.3914576], [-4.4680248, 43.3916758], [-4.4674677, 43.3916704], [-4.4673993, 43.3918239], [-4.4672375, 43.3917295], [-4.4668963, 43.391856], [-4.465636, 43.3917784], [-4.4658136, 43.3918907], [-4.4656369, 43.391964], [-4.4656712, 43.3920616], [-4.4652562, 43.3923664], [-4.4650204, 43.3923665], [-4.4650341, 43.3925596], [-4.4647614, 43.3924282], [-4.464696, 43.3925644], [-4.4646258, 43.3924968], [-4.4645067, 43.3925972], [-4.4642076, 43.3926002], [-4.4641179, 43.3921687], [-4.4640331, 43.3923116], [-4.4637968, 43.3923725], [-4.4638605, 43.3924311], [-4.4638014, 43.3925903], [-4.4633969, 43.3927131], [-4.4633024, 43.3925429], [-4.4634514, 43.3924596], [-4.4632794, 43.3923534], [-4.4632342, 43.3925542], [-4.4631614, 43.3925454], [-4.4631127, 43.3924433], [-4.4631955, 43.3921447], [-4.4630148, 43.3920627], [-4.462934, 43.3921227], [-4.4630002, 43.3924298], [-4.462931, 43.3926761], [-4.4624572, 43.3926414], [-4.4624194, 43.3925244], [-4.4618301, 43.3924306], [-4.4615016, 43.3919985], [-4.4613057, 43.3918961], [-4.4611069, 43.3915003], [-4.4608829, 43.3914887], [-4.4607178, 43.3912533], [-4.4602618, 43.3912018], [-4.460077, 43.3912718], [-4.459896, 43.3911536], [-4.4593623, 43.3911489], [-4.459292, 43.3913606], [-4.4591732, 43.3913547], [-4.4591409, 43.3915921], [-4.4588477, 43.3916905], [-4.4588275, 43.3920217], [-4.4586037, 43.3922559], [-4.4587656, 43.3927153], [-4.4588999, 43.3927709], [-4.4588081, 43.3929778], [-4.4591134, 43.3931938], [-4.4588727, 43.3933553], [-4.459101, 43.3936752], [-4.4592847, 43.3937777], [-4.4592558, 43.3939599], [-4.4585045, 43.3938664], [-4.4584962, 43.3936536], [-4.4581673, 43.3934952], [-4.4582681, 43.3934002], [-4.4579891, 43.3933073], [-4.4580054, 43.3931986], [-4.4571239, 43.3934806], [-4.4571901, 43.3937398], [-4.4571348, 43.393789], [-4.4569019, 43.3937668], [-4.4568471, 43.3936826], [-4.4566445, 43.3936959], [-4.4563706, 43.3934446], [-4.4559166, 43.3934522], [-4.4556659, 43.3935636], [-4.4553589, 43.3935363], [-4.4553067, 43.3934757], [-4.4554969, 43.3933236], [-4.4554684, 43.3932417], [-4.4553288, 43.3931889], [-4.4550612, 43.3928379], [-4.4544182, 43.3925793], [-4.4543457, 43.3926774], [-4.4541598, 43.3925972], [-4.4540332, 43.3923199], [-4.4537126, 43.3921655], [-4.4536673, 43.3925131], [-4.4535413, 43.3926119], [-4.4529307, 43.3926204], [-4.4529748, 43.3927252], [-4.4528962, 43.3927516], [-4.4529051, 43.392841], [-4.4531064, 43.3929996], [-4.4535283, 43.3932474], [-4.4535133, 43.3933205], [-4.4533618, 43.3933517], [-4.4535812, 43.3934378], [-4.4534966, 43.3935792], [-4.4536521, 43.3936044], [-4.4537223, 43.3936981], [-4.4535713, 43.393732], [-4.4536293, 43.3939611], [-4.4535346, 43.3940384], [-4.4536143, 43.3941403], [-4.4534576, 43.3941021], [-4.4534253, 43.3941689], [-4.4532755, 43.3941683], [-4.4532616, 43.394251], [-4.4536949, 43.3945375], [-4.4532572, 43.3945563], [-4.4536577, 43.394822], [-4.4536289, 43.3949566], [-4.4532053, 43.3949934], [-4.4530116, 43.3947585], [-4.4530668, 43.3947011], [-4.4527664, 43.3946675], [-4.4527966, 43.3949338], [-4.4526423, 43.3949183], [-4.4523402, 43.3950913], [-4.451866, 43.3951533], [-4.4515212, 43.3951119], [-4.4512011, 43.3948711], [-4.4511352, 43.3947023], [-4.4511802, 43.3945669], [-4.4510422, 43.3945014], [-4.4510561, 43.3943129], [-4.4508915, 43.3941661], [-4.4509881, 43.3940988], [-4.4509625, 43.3938576], [-4.4506554, 43.3937856], [-4.4504185, 43.3938338], [-4.4507775, 43.3945274], [-4.4506022, 43.3946193], [-4.450705, 43.3949209], [-4.4504742, 43.3949909], [-4.4504354, 43.3950793], [-4.4505787, 43.3952994], [-4.4504741, 43.3952462], [-4.4505512, 43.3955357], [-4.4501353, 43.3952912], [-4.4500782, 43.3951641], [-4.4501348, 43.3950593], [-4.4499822, 43.3949481], [-4.4500104, 43.3951416], [-4.4499061, 43.395192], [-4.4499174, 43.3953895], [-4.4498274, 43.3953525], [-4.4498261, 43.3954413], [-4.4497471, 43.3953931], [-4.4497719, 43.3953052], [-4.4494177, 43.3954542], [-4.4491506, 43.3956958], [-4.4490691, 43.3956861], [-4.4490661, 43.3956066], [-4.4487857, 43.3956358], [-4.448638, 43.3955472], [-4.4484444, 43.3955694], [-4.4483147, 43.3957342], [-4.4482144, 43.3957173], [-4.4480231, 43.3960277], [-4.4482025, 43.3963027], [-4.4480412, 43.3964153], [-4.4477067, 43.3963645], [-4.4474946, 43.3962272], [-4.4473849, 43.3959807], [-4.4471658, 43.3958507], [-4.4471277, 43.3956747], [-4.4469639, 43.3957576], [-4.4469608, 43.3956832], [-4.4469042, 43.3957528], [-4.4467951, 43.39565], [-4.4467397, 43.3957292], [-4.4465152, 43.3956582], [-4.4463892, 43.3954975], [-4.4462656, 43.3955884], [-4.4463379, 43.3954625], [-4.4461255, 43.3953292], [-4.4460608, 43.3951402], [-4.4459498, 43.3951325], [-4.4460311, 43.3953388], [-4.4459042, 43.395191], [-4.4456998, 43.3951407], [-4.4457807, 43.3952788], [-4.4456765, 43.3953397], [-4.4457204, 43.3955002], [-4.4456162, 43.3955704], [-4.4457064, 43.3955454], [-4.4456293, 43.3956424], [-4.4457511, 43.3957115], [-4.4455068, 43.3957356], [-4.4455979, 43.3958654], [-4.4456227, 43.3962353], [-4.4453463, 43.3963152], [-4.445386, 43.3965095], [-4.4453076, 43.3964258], [-4.445307, 43.3965276], [-4.4450129, 43.3965192], [-4.4451224, 43.3968653], [-4.44495, 43.3970097], [-4.4447558, 43.3969217], [-4.4445729, 43.3971903], [-4.4443814, 43.3970529], [-4.4440096, 43.3974603], [-4.4440076, 43.3975877], [-4.4438124, 43.3976698], [-4.4436149, 43.3976041], [-4.4435101, 43.397763], [-4.4432744, 43.3976883], [-4.4429038, 43.3974026], [-4.4426863, 43.3974455], [-4.4426648, 43.3976861], [-4.4425738, 43.3976557], [-4.4425089, 43.3975989], [-4.4425512, 43.3972705], [-4.4424556, 43.397209], [-4.4422156, 43.3972914], [-4.4418865, 43.3969571], [-4.4417575, 43.3969269], [-4.4415964, 43.3969367], [-4.4415368, 43.3970635], [-4.4414144, 43.3970392], [-4.4409865, 43.3965843], [-4.4407111, 43.3965108], [-4.4404205, 43.3967201], [-4.4402141, 43.3966723], [-4.4403085, 43.396466], [-4.4402939, 43.3961289], [-4.440534, 43.3958637], [-4.4403289, 43.3957928], [-4.44039, 43.3955119], [-4.4401527, 43.3958691], [-4.4398547, 43.395725], [-4.4397887, 43.395937], [-4.4395458, 43.3959741], [-4.439396, 43.395757], [-4.4394737, 43.3954603], [-4.4395437, 43.3953214], [-4.439619, 43.3952959], [-4.4396667, 43.3953529], [-4.4396073, 43.3953777], [-4.4396887, 43.3954121], [-4.4398009, 43.3952948], [-4.4398516, 43.3949253], [-4.4404203, 43.3947474], [-4.4400787, 43.394529], [-4.4400806, 43.3944474], [-4.4405593, 43.3942826], [-4.4408909, 43.3944004], [-4.4411128, 43.3943101], [-4.4411588, 43.3941697], [-4.4413247, 43.3942271], [-4.4412819, 43.3940358], [-4.4414722, 43.3937774], [-4.4411835, 43.3936759], [-4.4410955, 43.3937224], [-4.441147, 43.3938216], [-4.4410059, 43.3939295], [-4.4400237, 43.3940135], [-4.4398172, 43.3939021], [-4.4397426, 43.3937122], [-4.4392979, 43.3936807], [-4.4391353, 43.3938022], [-4.4392739, 43.3940656], [-4.4389543, 43.3942656], [-4.4390449, 43.3943987], [-4.4389713, 43.3944119], [-4.4391282, 43.3944879], [-4.4388159, 43.3949278], [-4.4387391, 43.3949828], [-4.4387372, 43.3948642], [-4.438538, 43.3950372], [-4.4386683, 43.3950922], [-4.4384326, 43.3952616], [-4.4377584, 43.3952589], [-4.4374924, 43.3955063], [-4.4376739, 43.3956954], [-4.4379405, 43.3957588], [-4.4383036, 43.3960215], [-4.4385764, 43.3963582], [-4.438417, 43.3964042], [-4.4380935, 43.396174], [-4.4375112, 43.3959846], [-4.4373596, 43.3959847], [-4.4372018, 43.3961001], [-4.4369407, 43.3960965], [-4.4368091, 43.3964148], [-4.4369187, 43.3965508], [-4.4369125, 43.3967894], [-4.4364538, 43.3971924], [-4.4361432, 43.3967465], [-4.4358017, 43.3965712], [-4.4357086, 43.3963825], [-4.4354041, 43.39628], [-4.4350866, 43.3960258], [-4.4346828, 43.3960906], [-4.4344275, 43.3959238], [-4.4343656, 43.3956219], [-4.4344536, 43.3953062], [-4.4341947, 43.3946499], [-4.4342771, 43.394502], [-4.4338135, 43.3944144], [-4.4334883, 43.3941671], [-4.4334407, 43.3939941], [-4.4336043, 43.3938478], [-4.4335045, 43.3937425], [-4.4329168, 43.393721], [-4.4330315, 43.3938844], [-4.4329026, 43.3939448], [-4.4327679, 43.3939185], [-4.4326267, 43.3937598], [-4.4324627, 43.3937577], [-4.432375, 43.3938612], [-4.4325519, 43.3940047], [-4.4324822, 43.3941593], [-4.4324041, 43.3941656], [-4.4322482, 43.3939535], [-4.4320149, 43.3939177], [-4.4319115, 43.3937747], [-4.4319432, 43.3935252], [-4.4313344, 43.3935662], [-4.4311214, 43.3929678], [-4.4310863, 43.3925893], [-4.4311429, 43.3924396], [-4.4310201, 43.392249], [-4.4311913, 43.3920889], [-4.4313077, 43.3921021], [-4.4312382, 43.3920178], [-4.4313058, 43.3919472], [-4.4310783, 43.3918532], [-4.431472, 43.3915261], [-4.4317187, 43.3915009], [-4.4321784, 43.3909442], [-4.4327175, 43.3908692], [-4.4328534, 43.3907893], [-4.4328981, 43.3906609], [-4.4330523, 43.3906123], [-4.4330364, 43.3905308], [-4.4339942, 43.3905993], [-4.4344719, 43.3904386], [-4.4349166, 43.390418], [-4.4350248, 43.3901655], [-4.4355547, 43.3900058], [-4.4355908, 43.3899243], [-4.4352924, 43.3886068], [-4.4341752, 43.3883507], [-4.4336129, 43.3880696], [-4.4336685, 43.3878078], [-4.4333923, 43.3876131], [-4.4332255, 43.3873451], [-4.4333353, 43.3867674], [-4.4331013, 43.3862661], [-4.4321656, 43.3858546], [-4.4318967, 43.3854438], [-4.4322822, 43.3839892], [-4.4329377, 43.3829906], [-4.4327855, 43.3822901], [-4.4327507, 43.3813361], [-4.4326107, 43.3806355], [-4.4326368, 43.3796447], [-4.4324662, 43.3792146], [-4.4320647, 43.3789405], [-4.4314328, 43.3788403], [-4.4308945, 43.3785229], [-4.4286414, 43.3782539], [-4.4280308, 43.3780094], [-4.4276221, 43.3779515], [-4.426774, 43.3775839], [-4.426353, 43.3775261], [-4.4256325, 43.3778592], [-4.4251769, 43.3779099], [-4.4249016, 43.3777513], [-4.424342, 43.3770469], [-4.4234316, 43.376653], [-4.4232653, 43.376403], [-4.4237677, 43.3762436], [-4.4243497, 43.3757952], [-4.424354, 43.3749217], [-4.4244441, 43.3745514], [-4.4246818, 43.3741612], [-4.4255264, 43.3733313], [-4.4257529, 43.3729863], [-4.4254563, 43.3719185], [-4.425126, 43.3715174], [-4.4240788, 43.3716025], [-4.4234424, 43.3718355], [-4.4230965, 43.3718218], [-4.4224847, 43.3715233], [-4.4223828, 43.3713895], [-4.4224663, 43.3712624], [-4.4227722, 43.3711505], [-4.4228891, 43.3708699], [-4.4228775, 43.3703748], [-4.4226779, 43.369756], [-4.4225012, 43.3695871], [-4.422117, 43.3695198], [-4.4220718, 43.3691692], [-4.4223076, 43.3686981], [-4.4224326, 43.367706], [-4.4215123, 43.3652953], [-4.4219685, 43.3642181], [-4.4218363, 43.3638415], [-4.4215492, 43.363701], [-4.4212024, 43.3636513], [-4.4211353, 43.363418], [-4.4213526, 43.3632082], [-4.42235, 43.3631148], [-4.4225924, 43.3629227], [-4.4225748, 43.3626978], [-4.4221954, 43.3623063], [-4.4222418, 43.3621797], [-4.4228081, 43.3621186], [-4.4229785, 43.3620175], [-4.4226349, 43.3615715], [-4.42278, 43.3614436], [-4.4240424, 43.361599], [-4.4242254, 43.3615067], [-4.4245103, 43.3610259], [-4.4248486, 43.3607156], [-4.4248925, 43.3604809], [-4.425359, 43.3603761], [-4.4267038, 43.3603593], [-4.4268212, 43.3601057], [-4.4267377, 43.3597015], [-4.4264717, 43.3594077], [-4.4257333, 43.3589667], [-4.4259036, 43.3583343], [-4.4262335, 43.3581951], [-4.4264229, 43.3578506], [-4.4271686, 43.3549148], [-4.4277866, 43.3533764], [-4.4278913, 43.3525827], [-4.4277807, 43.3494415], [-4.4293612, 43.347909], [-4.4309466, 43.3465926], [-4.4321437, 43.3445066], [-4.4343243, 43.3422732], [-4.4375404, 43.3415845], [-4.4383219, 43.3412415], [-4.4391563, 43.341051], [-4.4411397, 43.3404047], [-4.4421129, 43.3403474], [-4.4467834, 43.3385686], [-4.4471877, 43.3353309], [-4.4555429, 43.3344596], [-4.4591002, 43.3315599], [-4.4647748, 43.332604], [-4.466381, 43.3327094], [-4.467687, 43.3326477], [-4.4682578, 43.3327844], [-4.475921, 43.3334152], [-4.4875946, 43.335101], [-4.4944063, 43.3362008], [-4.4971281, 43.3370206], [-4.4976055, 43.3368703], [-4.4980037, 43.3370092], [-4.498398, 43.3379945], [-4.49892, 43.338654], [-4.5006791, 43.3384509], [-4.5016362, 43.3382402], [-4.5034955, 43.3380987], [-4.5038249, 43.3379503], [-4.5046274, 43.3379758], [-4.5054602, 43.338226], [-4.5057799, 43.3381858], [-4.5070244, 43.3371249], [-4.5077237, 43.3369716], [-4.5100401, 43.3358605], [-4.5209169, 43.3357164], [-4.5223495, 43.3357784], [-4.5229994, 43.3380929], [-4.5366303, 43.3424578], [-4.5372287, 43.3427019], [-4.5394565, 43.3439596], [-4.5380361, 43.3438977], [-4.5370921, 43.3441355], [-4.5367894, 43.3443646], [-4.5364362, 43.3450357], [-4.5364318, 43.3453509]]], [[[-4.4646522, 43.3936392], [-4.4649235, 43.3936562], [-4.4648699, 43.3937973], [-4.4646255, 43.3938217], [-4.4646522, 43.3936392]]], [[[-4.4650741, 43.3938314], [-4.464967, 43.3938071], [-4.4650239, 43.3937243], [-4.465052, 43.3937842], [-4.4650741, 43.3938314]]], [[[-4.4641186, 43.3937676], [-4.4643605, 43.3937318], [-4.4643784, 43.3938458], [-4.4642304, 43.3939725], [-4.4641186, 43.3937676]]], [[[-4.4528519, 43.3947587], [-4.4529619, 43.3947314], [-4.4530039, 43.3948017], [-4.45294, 43.3948227], [-4.4528519, 43.3947587]]], [[[-4.4786535, 43.3948357], [-4.4785964, 43.3948678], [-4.4785301, 43.3948591], [-4.4785704, 43.3948143], [-4.4786535, 43.3948357]]], [[[-4.4805176, 43.3948435], [-4.4806356, 43.3948513], [-4.4806369, 43.394949], [-4.4805179, 43.3949253], [-4.4805176, 43.3948435]]], [[[-4.478109, 43.3949195], [-4.4779797, 43.3949516], [-4.478109, 43.3948981], [-4.478109, 43.3949195]]], [[[-4.4787581, 43.3949858], [-4.4786776, 43.394978], [-4.4787206, 43.3949488], [-4.4787581, 43.3949858]]], [[[-4.4785274, 43.3950423], [-4.4785221, 43.3949994], [-4.4785596, 43.395015], [-4.4785274, 43.3950423]]], [[[-4.4827035, 43.3954106], [-4.4825479, 43.3954788], [-4.4825135, 43.3954418], [-4.4826395, 43.3953892], [-4.4827035, 43.3954106]]], [[[-4.4824223, 43.39551], [-4.4823763, 43.3954964], [-4.4824326, 43.3954827], [-4.4824223, 43.39551]]], [[[-4.4824728, 43.3955821], [-4.4826257, 43.3955178], [-4.4826472, 43.3955373], [-4.4824728, 43.3955821]]], [[[-4.4766223, 43.3956396], [-4.4766228, 43.3955571], [-4.476674, 43.395588], [-4.4766223, 43.3956396]]], [[[-4.4824111, 43.3955724], [-4.4823686, 43.3956426], [-4.4822475, 43.3956854], [-4.4822663, 43.3955763], [-4.4824111, 43.3955724]]], [[[-4.4757485, 43.3956757], [-4.475778, 43.3956192], [-4.4758102, 43.3956512], [-4.4757485, 43.3956757]]], [[[-4.4821375, 43.3956504], [-4.4822127, 43.3956718], [-4.482159, 43.3956874], [-4.4821375, 43.3956504]]], [[[-4.4759229, 43.3960674], [-4.4758371, 43.3961084], [-4.4757298, 43.3959427], [-4.475542, 43.3960157], [-4.4756734, 43.3958861], [-4.4756231, 43.3958465], [-4.4754629, 43.395963], [-4.4753125, 43.395953], [-4.4753202, 43.3957794], [-4.4754347, 43.3957584], [-4.4754642, 43.3956142], [-4.4756815, 43.3955724], [-4.4757512, 43.3956075], [-4.4756922, 43.3956874], [-4.4757995, 43.3957039], [-4.475821, 43.3958199], [-4.4759363, 43.3958169], [-4.4759444, 43.3958958], [-4.4758236, 43.3959027], [-4.4759229, 43.3960674]]], [[[-4.4820222, 43.396007], [-4.4820732, 43.3960285], [-4.4819663, 43.396046], [-4.4820222, 43.396007]]], [[[-4.4753858, 43.3961366], [-4.4754686, 43.3962036], [-4.4752981, 43.3961825], [-4.4753858, 43.3961366]]], [[[-4.4380394, 43.396309], [-4.437401, 43.3962369], [-4.4373193, 43.3961711], [-4.4375312, 43.3960561], [-4.4379792, 43.3962179], [-4.4380394, 43.396309]]], [[[-4.4823361, 43.3963228], [-4.4822529, 43.3963384], [-4.4822137, 43.3963216], [-4.48227, 43.396306], [-4.4823361, 43.3963228]]]]}, "properties": {"nombre": "Val de San Vicente", "ine": "39095"}}, {"type": "Feature", "geometry": {"type": "Polygon", "coordinates": [[[-4.2384895, 42.9543733], [-4.2354754, 42.9587552], [-4.2347889, 42.959375], [-4.230379, 42.9595665], [-4.2294084, 42.9594688], [-4.2286182, 42.9591891], [-4.2267836, 42.9587945], [-4.2245582, 42.9584761], [-4.2222374, 42.9576724], [-4.2205783, 42.9568527], [-4.2175325, 42.9565789], [-4.2167185, 42.9563354], [-4.213095, 42.9547348], [-4.2117614, 42.9542447], [-4.2103562, 42.9538543], [-4.2090318, 42.9532109], [-4.2083455, 42.9532181], [-4.2065155, 42.9530483], [-4.20564, 42.9527874], [-4.2045003, 42.952178], [-4.2037243, 42.951988], [-4.202131, 42.9520047], [-4.2011855, 42.9519246], [-4.1962504, 42.9509316], [-4.1875838, 42.9503103], [-4.1851439, 42.9502905], [-4.1820129, 42.9500257], [-4.1796791, 42.9497796], [-4.176223, 42.9491757], [-4.1710749, 42.9479046], [-4.1647288, 42.9461412], [-4.1598118, 42.9440929], [-4.1586421, 42.9438166], [-4.1562912, 42.9446057], [-4.1501591, 42.9470627], [-4.1486219, 42.9474564], [-4.1445267, 42.9473983], [-4.1440223, 42.9473042], [-4.1396524, 42.9456458], [-4.1382437, 42.9450294], [-4.1379907, 42.9445997], [-4.1367049, 42.9433337], [-4.1332348, 42.9412519], [-4.1314271, 42.9395858], [-4.1306231, 42.9391885], [-4.1301385, 42.938824], [-4.1293737, 42.937886], [-4.1288556, 42.9343431], [-4.1288999, 42.9340815], [-4.1301076, 42.9331061], [-4.1316801, 42.9306322], [-4.1380454, 42.9222395], [-4.1356989, 42.9219025], [-4.1335948, 42.921419], [-4.1315972, 42.9207274], [-4.1307665, 42.9201953], [-4.1290867, 42.9194554], [-4.1261431, 42.9179444], [-4.1219217, 42.9189313], [-4.1213093, 42.9189463], [-4.1197248, 42.9187277], [-4.1188807, 42.9160884], [-4.1184979, 42.9138859], [-4.1181728, 42.9128445], [-4.1177169, 42.9120204], [-4.1172933, 42.9102685], [-4.1172937, 42.9096112], [-4.117959, 42.9064259], [-4.1196943, 42.9041577], [-4.1242648, 42.8988359], [-4.1256227, 42.8973908], [-4.126747, 42.8959029], [-4.1284757, 42.8933104], [-4.1290158, 42.8927018], [-4.1312107, 42.8908341], [-4.1333181, 42.8888772], [-4.1364266, 42.8867572], [-4.1368113, 42.8863661], [-4.1400092, 42.8817957], [-4.1437858, 42.8780929], [-4.1441568, 42.8776299], [-4.1446671, 42.8767513], [-4.1499013, 42.8711336], [-4.150509, 42.8708934], [-4.1510047, 42.8705552], [-4.1525457, 42.8698103], [-4.1608388, 42.8648367], [-4.1628639, 42.8631592], [-4.1639219, 42.8621308], [-4.166083, 42.8605329], [-4.167619, 42.8595447], [-4.1693707, 42.8589685], [-4.1693927, 42.8594816], [-4.1720113, 42.8581401], [-4.1757556, 42.8587231], [-4.1769113, 42.8589904], [-4.1775406, 42.8592541], [-4.181202, 42.8586941], [-4.1840167, 42.8567379], [-4.1842329, 42.8565195], [-4.1856008, 42.8544432], [-4.1875901, 42.853504], [-4.1885294, 42.8533412], [-4.191479, 42.8520588], [-4.1934964, 42.850678], [-4.1946048, 42.8497659], [-4.1955829, 42.8490803], [-4.1964848, 42.8482514], [-4.1993422, 42.8447544], [-4.1996935, 42.8445706], [-4.2072974, 42.8454183], [-4.208986, 42.8447791], [-4.2096516, 42.8450243], [-4.2125033, 42.8462909], [-4.2142339, 42.8471731], [-4.2182334, 42.8501655], [-4.2189257, 42.8505184], [-4.219497, 42.8509446], [-4.222573, 42.8548742], [-4.224679, 42.8567699], [-4.224715, 42.8579763], [-4.2257, 42.8588843], [-4.224696, 42.8601108], [-4.2234447, 42.8624565], [-4.2232484, 42.863053], [-4.2229143, 42.8647316], [-4.2228455, 42.8655878], [-4.2232796, 42.8683569], [-4.223194, 42.8696006], [-4.2234849, 42.8750368], [-4.224357, 42.877657], [-4.2243238, 42.8811413], [-4.2248075, 42.8824882], [-4.2250088, 42.8833776], [-4.2256058, 42.8850822], [-4.2260817, 42.8868512], [-4.2267009, 42.8884385], [-4.2271048, 42.8890465], [-4.2279855, 42.8908472], [-4.228632, 42.8925692], [-4.2306121, 42.8966904], [-4.2303936, 42.8980255], [-4.2298408, 42.8991751], [-4.2296645, 42.9001675], [-4.229939, 42.9010381], [-4.2307757, 42.9024609], [-4.2309103, 42.9030718], [-4.2308164, 42.9032799], [-4.2292078, 42.9043148], [-4.2276416, 42.9056373], [-4.2255438, 42.906101], [-4.225127, 42.9060874], [-4.2247548, 42.9064696], [-4.2225653, 42.9109776], [-4.2257298, 42.9117903], [-4.2287017, 42.912767], [-4.2309852, 42.913625], [-4.2317907, 42.9140846], [-4.2322521, 42.9144939], [-4.2364883, 42.9168077], [-4.2367027, 42.9171115], [-4.2378295, 42.9213858], [-4.2386807, 42.9235108], [-4.2386618, 42.9244025], [-4.2383276, 42.9260721], [-4.2389382, 42.9290282], [-4.2391717, 42.9315111], [-4.2390766, 42.9365549], [-4.2393222, 42.9384163], [-4.2390492, 42.9437593], [-4.2381407, 42.9510362], [-4.2378765, 42.9519215], [-4.2378287, 42.9525974], [-4.2381046, 42.953522], [-4.2384895, 42.9543733]]]}, "properties": {"nombre": "Valdeolea", "ine": "39092"}}, {"type": "Feature", "geometry": {"type": "Polygon", "coordinates": [[[-4.1499013, 42.8711336], [-4.1446671, 42.8767513], [-4.1441568, 42.8776299], [-4.1437858, 42.8780929], [-4.1400092, 42.8817957], [-4.1368113, 42.8863661], [-4.1364266, 42.8867572], [-4.1333181, 42.8888772], [-4.1312107, 42.8908341], [-4.1290158, 42.8927018], [-4.1284757, 42.8933104], [-4.126747, 42.8959029], [-4.1256227, 42.8973908], [-4.1242648, 42.8988359], [-4.1196943, 42.9041577], [-4.117959, 42.9064259], [-4.1172937, 42.9096112], [-4.1172933, 42.9102685], [-4.1177169, 42.9120204], [-4.1181728, 42.9128445], [-4.1184979, 42.9138859], [-4.1188807, 42.9160884], [-4.1197248, 42.9187277], [-4.117203, 42.9188513], [-4.1167156, 42.9190002], [-4.1132057, 42.9207272], [-4.1052914, 42.9207858], [-4.1044154, 42.9218208], [-4.1040511, 42.9220044], [-4.1016051, 42.922262], [-4.0976337, 42.9228764], [-4.0941001, 42.9233064], [-4.0907415, 42.9253285], [-4.0894423, 42.9260073], [-4.0862944, 42.9295761], [-4.0854022, 42.930413], [-4.0832149, 42.9328741], [-4.080525, 42.9360422], [-4.0801625, 42.9363338], [-4.0797105, 42.9371215], [-4.0784355, 42.9406185], [-4.0763737, 42.9482201], [-4.0756399, 42.9483171], [-4.0745688, 42.948048], [-4.0736183, 42.9476696], [-4.0727995, 42.9478124], [-4.068622, 42.9479595], [-4.0679572, 42.9477946], [-4.0651679, 42.9466949], [-4.0636417, 42.9463308], [-4.0621799, 42.9454349], [-4.0573121, 42.9460652], [-4.0560322, 42.9414574], [-4.0543492, 42.9376367], [-4.0491173, 42.939891], [-4.049269, 42.9394393], [-4.049299, 42.9390428], [-4.0491451, 42.938639], [-4.048028, 42.9378117], [-4.0446694, 42.9356091], [-4.0443115, 42.9354593], [-4.0438448, 42.9354005], [-4.0431472, 42.9354609], [-4.0413055, 42.9359909], [-4.0403759, 42.9360984], [-4.0400541, 42.9359122], [-4.036435, 42.9327662], [-4.0345668, 42.9302436], [-4.0327388, 42.9293866], [-4.0317456, 42.9286121], [-4.0313578, 42.9281383], [-4.0308258, 42.9270985], [-4.0303882, 42.9258417], [-4.0296778, 42.9251187], [-4.0289728, 42.9247288], [-4.0269247, 42.9246211], [-4.0252776, 42.9243117], [-4.0220812, 42.9273929], [-4.0204292, 42.9282721], [-4.0189793, 42.9287803], [-4.0182049, 42.9293815], [-4.0157359, 42.9320149], [-4.0092919, 42.9351516], [-4.0085359, 42.934636], [-4.008365, 42.9339261], [-4.0056468, 42.9318157], [-4.0018267, 42.9320293], [-3.9985559, 42.9328683], [-3.9974647, 42.9328417], [-3.9944523, 42.932985], [-3.9923118, 42.9332467], [-3.9895742, 42.9337206], [-3.9907073, 42.9317747], [-3.9909782, 42.931088], [-3.9908884, 42.9308366], [-3.987794, 42.9258385], [-3.9866627, 42.9248216], [-3.9856006, 42.9242994], [-3.9805563, 42.9206956], [-3.9775781, 42.9183167], [-3.9769515, 42.9174305], [-3.9748871, 42.9139271], [-3.9746679, 42.9132355], [-3.9746173, 42.9123535], [-3.9737161, 42.9119199], [-3.972855, 42.9116931], [-3.9709808, 42.9093586], [-3.9711949, 42.9089516], [-3.9715674, 42.9084891], [-3.974213, 42.9061163], [-3.978214, 42.8980587], [-3.9797117, 42.8990455], [-3.9804651, 42.8994442], [-3.9817224, 42.8999468], [-3.983357, 42.900293], [-3.9837849, 42.9002443], [-3.9843577, 42.9000593], [-3.9855244, 42.8994819], [-3.988047, 42.8963714], [-3.9883386, 42.8962248], [-3.9921244, 42.8955347], [-3.992563, 42.8953869], [-3.9930227, 42.8950317], [-3.9944915, 42.8942085], [-3.9952013, 42.8941753], [-3.9960421, 42.8939068], [-3.9968538, 42.8941159], [-3.9980318, 42.8942587], [-3.9988573, 42.8938013], [-3.999966, 42.8934404], [-4.0084311, 42.8913131], [-4.0119935, 42.8919751], [-4.0156703, 42.8928881], [-4.0183285, 42.8929186], [-4.017297, 42.8905143], [-4.0187722, 42.8908524], [-4.0197515, 42.8908257], [-4.0220101, 42.8918862], [-4.0240039, 42.8917334], [-4.0263576, 42.8903886], [-4.0259117, 42.8900864], [-4.0266896, 42.889815], [-4.0267729, 42.889702], [-4.0271882, 42.8895166], [-4.0277741, 42.8894033], [-4.0314057, 42.8890645], [-4.0323092, 42.8874264], [-4.0321104, 42.8865187], [-4.0319931, 42.8853581], [-4.0319976, 42.8834219], [-4.0316572, 42.8828306], [-4.0309705, 42.8820353], [-4.0305843, 42.8809041], [-4.0306001, 42.8803817], [-4.0309617, 42.8792978], [-4.0312524, 42.8776382], [-4.0311304, 42.8761894], [-4.0308636, 42.874868], [-4.0308414, 42.8742739], [-4.0311252, 42.873668], [-4.0316139, 42.8721327], [-4.0313513, 42.8718018], [-4.0305585, 42.8697738], [-4.0301142, 42.8680848], [-4.0257624, 42.8677365], [-4.0265383, 42.8657935], [-4.0259448, 42.8647001], [-4.0252234, 42.8647516], [-4.0247143, 42.8643149], [-4.0252493, 42.864094], [-4.0264086, 42.8638765], [-4.0292476, 42.8623381], [-4.0315809, 42.8613086], [-4.0344766, 42.8595174], [-4.0355901, 42.8594894], [-4.0383502, 42.8591132], [-4.0417634, 42.8611895], [-4.0439583, 42.8599538], [-4.0441317, 42.8593488], [-4.0451543, 42.856836], [-4.046019, 42.8522174], [-4.0462098, 42.8519185], [-4.0491483, 42.8505318], [-4.0510487, 42.8500101], [-4.0536703, 42.8494367], [-4.0584551, 42.8494016], [-4.060458, 42.8498694], [-4.0621815, 42.8497454], [-4.0630838, 42.8495479], [-4.0666178, 42.8500824], [-4.0700625, 42.8504105], [-4.0724014, 42.8504787], [-4.0749657, 42.8494371], [-4.0760339, 42.8496342], [-4.0768179, 42.8496719], [-4.0882017, 42.8483758], [-4.0898362, 42.8487655], [-4.0891539, 42.8496365], [-4.0897447, 42.8505224], [-4.0902295, 42.8509501], [-4.0912145, 42.8512829], [-4.0924917, 42.8522253], [-4.0932064, 42.8524977], [-4.0943482, 42.8527029], [-4.0955736, 42.8534747], [-4.0960418, 42.8536503], [-4.0970983, 42.8538744], [-4.0982372, 42.8566731], [-4.1003896, 42.8586427], [-4.1019905, 42.8598701], [-4.1049759, 42.8597963], [-4.1088752, 42.8608573], [-4.1098251, 42.8612714], [-4.1128787, 42.8629438], [-4.1187549, 42.8616079], [-4.1222516, 42.858665], [-4.1212091, 42.8565139], [-4.1185844, 42.85554], [-4.1179298, 42.8552131], [-4.115849, 42.8531712], [-4.1164481, 42.8524539], [-4.1167736, 42.8521806], [-4.1190601, 42.8513748], [-4.1202247, 42.8487699], [-4.118202, 42.8451875], [-4.1190071, 42.8450446], [-4.1212508, 42.8452748], [-4.1258895, 42.8459768], [-4.128477, 42.8462666], [-4.1277775, 42.8529014], [-4.1255018, 42.8542926], [-4.1261196, 42.8566369], [-4.1309257, 42.8577513], [-4.1390941, 42.8593094], [-4.1412223, 42.8618818], [-4.1452558, 42.8622198], [-4.14638, 42.8640997], [-4.1466417, 42.8643492], [-4.1479759, 42.8650023], [-4.1489937, 42.8657575], [-4.148165, 42.8666213], [-4.1471623, 42.8673428], [-4.1450993, 42.868327], [-4.1442598, 42.8686145], [-4.1499013, 42.8711336]]]}, "properties": {"nombre": "Valdeprado del Río", "ine": "39093"}}, {"type": "Feature", "geometry": {"type": "Polygon", "coordinates": [[[-4.2980666, 43.3397482], [-4.2969787, 43.3402197], [-4.2956911, 43.3405855], [-4.2934928, 43.3410606], [-4.2928492, 43.3409598], [-4.2913699, 43.3404362], [-4.2905204, 43.3399325], [-4.2901055, 43.339568], [-4.2893156, 43.3401352], [-4.2890145, 43.3404808], [-4.2882921, 43.340741], [-4.2876576, 43.3410723], [-4.2860147, 43.3421443], [-4.284727, 43.3425099], [-4.2843996, 43.3427838], [-4.283359, 43.3431646], [-4.2817932, 43.3432182], [-4.2812237, 43.3431255], [-4.2796906, 43.3435568], [-4.2776476, 43.3437958], [-4.2759574, 43.3443909], [-4.2746171, 43.3446039], [-4.273709, 43.3448391], [-4.2728711, 43.3448935], [-4.2735895, 43.3462092], [-4.2737442, 43.3471169], [-4.2740305, 43.3478251], [-4.2753563, 43.3498633], [-4.2760736, 43.3505307], [-4.2762062, 43.3509704], [-4.2761684, 43.3526997], [-4.2735795, 43.3522243], [-4.2728533, 43.3523134], [-4.2696477, 43.3530333], [-4.2689309, 43.3529782], [-4.2680696, 43.3530958], [-4.2655826, 43.3521779], [-4.2566625, 43.3552296], [-4.2514339, 43.3554039], [-4.2431384, 43.3564668], [-4.2398859, 43.3579427], [-4.2351641, 43.3581739], [-4.2324808, 43.3560777], [-4.2296609, 43.3551536], [-4.2256517, 43.35399], [-4.2220256, 43.3534614], [-4.2183434, 43.3526002], [-4.2167732, 43.348736], [-4.2170967, 43.3464004], [-4.219779, 43.3435624], [-4.2196878, 43.3420867], [-4.2226523, 43.337958], [-4.2205055, 43.3311645], [-4.2197512, 43.3310735], [-4.2201734, 43.3299794], [-4.22186, 43.3279714], [-4.2241272, 43.3272358], [-4.2237137, 43.3244579], [-4.2238696, 43.3236188], [-4.2267098, 43.3219496], [-4.2363593, 43.3209723], [-4.2411703, 43.3192094], [-4.2509238, 43.3179237], [-4.2537662, 43.3188111], [-4.2563084, 43.3203495], [-4.2581937, 43.3218061], [-4.2628916, 43.3223486], [-4.2670838, 43.321699], [-4.2693818, 43.3195215], [-4.2821512, 43.3226929], [-4.2849827, 43.3253715], [-4.2876601, 43.326584], [-4.2876557, 43.3269623], [-4.2879307, 43.3277156], [-4.2874774, 43.32845], [-4.2874659, 43.3296568], [-4.2876344, 43.3306274], [-4.2873658, 43.3313417], [-4.2869788, 43.3317063], [-4.2920786, 43.3331256], [-4.2943369, 43.3325868], [-4.2946677, 43.3330603], [-4.294967, 43.3337953], [-4.294924, 43.3340929], [-4.2931547, 43.3355897], [-4.293051, 43.335933], [-4.2931199, 43.3362744], [-4.2933353, 43.3365421], [-4.2938958, 43.3367969], [-4.2964009, 43.3374169], [-4.2971968, 43.337714], [-4.2975369, 43.3380433], [-4.2977104, 43.3386627], [-4.2976807, 43.3390052], [-4.2977787, 43.3395533], [-4.2980666, 43.3397482]]]}, "properties": {"nombre": "Udías", "ine": "39090"}}, {"type": "Feature", "geometry": {"type": "Polygon", "coordinates": [[[-4.4230571, 43.3209922], [-4.4149882, 43.3224519], [-4.4155207, 43.3246694], [-4.415523, 43.3268935], [-4.4162076, 43.330883], [-4.414304, 43.3307084], [-4.4143564, 43.3313741], [-4.4100934, 43.3326513], [-4.4100189, 43.3331655], [-4.4102716, 43.3334235], [-4.4103642, 43.3336925], [-4.4101319, 43.3337854], [-4.4088227, 43.3337115], [-4.4073062, 43.3337482], [-4.4063406, 43.3335979], [-4.4051828, 43.3336752], [-4.4048293, 43.3338596], [-4.4046123, 43.3340784], [-4.4041472, 43.3342372], [-4.4023155, 43.3339715], [-4.4020067, 43.333417], [-4.4011759, 43.3332291], [-4.4009635, 43.3331146], [-4.399568, 43.3319701], [-4.3986211, 43.3315584], [-4.3981398, 43.3315463], [-4.3972702, 43.3318181], [-4.3961275, 43.3320121], [-4.3952012, 43.3319604], [-4.3941577, 43.3321802], [-4.3937129, 43.3321496], [-4.3930012, 43.3323113], [-4.3907978, 43.3335987], [-4.3887809, 43.3338663], [-4.3874184, 43.334162], [-4.3855895, 43.3340221], [-4.3851957, 43.3340628], [-4.3844009, 43.3343696], [-4.3832024, 43.334285], [-4.3829699, 43.3343689], [-4.3827597, 43.335434], [-4.382543, 43.3356707], [-4.3821658, 43.3359004], [-4.3819399, 43.3362723], [-4.3819385, 43.3367585], [-4.3817709, 43.3375259], [-4.3818522, 43.3378491], [-4.3824565, 43.3383821], [-4.3824725, 43.338544], [-4.3820672, 43.3391702], [-4.3822801, 43.3393117], [-4.3825625, 43.3397945], [-4.3823725, 43.340121], [-4.3822359, 43.3406269], [-4.3825161, 43.3410107], [-4.3834087, 43.3417473], [-4.3837558, 43.3423644], [-4.3845774, 43.3426876], [-4.3847213, 43.343046], [-4.3846578, 43.3440553], [-4.3844259, 43.3447064], [-4.3840907, 43.3451607], [-4.3835402, 43.3453655], [-4.3825608, 43.3451612], [-4.3821437, 43.3452653], [-4.3819145, 43.3454931], [-4.3822051, 43.3457958], [-4.3826415, 43.3459976], [-4.3843681, 43.346508], [-4.3844351, 43.3467413], [-4.3842531, 43.3468786], [-4.3837106, 43.3468942], [-4.3810381, 43.3476558], [-4.3803705, 43.3481411], [-4.3803835, 43.3487172], [-4.3805763, 43.349057], [-4.3809921, 43.3494392], [-4.3816783, 43.3497731], [-4.3839751, 43.3503937], [-4.3843254, 43.3506056], [-4.3851372, 43.3515772], [-4.3853984, 43.3522134], [-4.3853726, 43.3532492], [-4.3854828, 43.3537521], [-4.3854313, 43.354203], [-4.385246, 43.3547365], [-4.3850318, 43.3550812], [-4.3846273, 43.3552032], [-4.3843359, 43.3575839], [-4.3840227, 43.3579208], [-4.3836676, 43.3580422], [-4.3831371, 43.3580486], [-4.3825231, 43.3581821], [-4.3819354, 43.3583873], [-4.3802011, 43.3597318], [-4.3783159, 43.3609521], [-4.3780861, 43.3617023], [-4.3782697, 43.3627266], [-4.3792376, 43.3645968], [-4.3792198, 43.3654435], [-4.3790965, 43.3659942], [-4.3786865, 43.3664224], [-4.3771989, 43.3672237], [-4.3762426, 43.3675053], [-4.3731896, 43.3678571], [-4.3550393, 43.3658853], [-4.3548843, 43.3666885], [-4.3542411, 43.3666241], [-4.3520358, 43.3668033], [-4.3517335, 43.367086], [-4.3512103, 43.366867], [-4.3499006, 43.3673597], [-4.3494723, 43.3669686], [-4.3494761, 43.3665813], [-4.3489793, 43.3658849], [-4.3491011, 43.3652531], [-4.3490676, 43.3648573], [-4.3489502, 43.3645705], [-4.3426708, 43.3652477], [-4.3423754, 43.3658454], [-4.3420132, 43.3662098], [-4.3420046, 43.366381], [-4.3425676, 43.3667256], [-4.3429497, 43.3672614], [-4.3436478, 43.3675774], [-4.3438615, 43.3677549], [-4.3439549, 43.368069], [-4.3439143, 43.3684657], [-4.343997, 43.3688609], [-4.3442693, 43.369452], [-4.3440838, 43.3699944], [-4.3440553, 43.370382], [-4.3443323, 43.3706308], [-4.3456216, 43.3708858], [-4.3458477, 43.3710632], [-4.3460963, 43.3716996], [-4.3459649, 43.3718993], [-4.3451698, 43.3722238], [-4.3450629, 43.3724141], [-4.3451787, 43.3726289], [-4.345695, 43.373091], [-4.3455832, 43.3736146], [-4.3456272, 43.3739292], [-4.3462452, 43.3745253], [-4.3465792, 43.3745574], [-4.3477247, 43.3744448], [-4.3478678, 43.374218], [-4.3480387, 43.3735767], [-4.3484915, 43.3734003], [-4.3493701, 43.373498], [-4.349929, 43.3736535], [-4.3500564, 43.3738321], [-4.3500662, 43.3742732], [-4.3497527, 43.37461], [-4.3492296, 43.3749584], [-4.3491998, 43.3752829], [-4.3499319, 43.3754543], [-4.3499039, 43.3758599], [-4.3501168, 43.3760014], [-4.3501575, 43.376163], [-4.3487504, 43.3772872], [-4.3475906, 43.3773098], [-4.3472343, 43.377386], [-4.3471391, 43.3781075], [-4.3467852, 43.3782918], [-4.3465009, 43.3782771], [-4.3455869, 43.3776936], [-4.3450074, 43.3777274], [-4.3449123, 43.3778906], [-4.3451275, 43.3781312], [-4.3457147, 43.3784484], [-4.3460166, 43.378706], [-4.3461831, 43.3789742], [-4.3461516, 43.3792267], [-4.3457274, 43.3801411], [-4.3458998, 43.3806793], [-4.3458556, 43.380914], [-4.3451274, 43.3814808], [-4.3449427, 43.381501], [-4.344396, 43.3813453], [-4.343977, 43.3813773], [-4.3434369, 43.3815187], [-4.3424481, 43.3820255], [-4.3421888, 43.3820196], [-4.3407976, 43.3810724], [-4.3402257, 43.38089], [-4.3397326, 43.3809228], [-4.3387941, 43.381474], [-4.338352, 43.3815782], [-4.338221, 43.3817959], [-4.3388223, 43.382194], [-4.3388153, 43.3824372], [-4.33861, 43.3826467], [-4.3381315, 43.3827784], [-4.3369834, 43.3827828], [-4.33669, 43.3829123], [-4.3362194, 43.3839713], [-4.3359584, 43.3850189], [-4.335447, 43.3859073], [-4.3341813, 43.3912436], [-4.3325995, 43.3929736], [-4.3304456, 43.3921974], [-4.3290278, 43.3919059], [-4.3279136, 43.3913824], [-4.3271819, 43.391137], [-4.3264213, 43.3910174], [-4.3238556, 43.3909056], [-4.3230474, 43.3907813], [-4.3227787, 43.390129], [-4.322312, 43.3895101], [-4.3214218, 43.3893353], [-4.3196199, 43.3891576], [-4.3190818, 43.3890234], [-4.3188279, 43.3887022], [-4.3186826, 43.3882627], [-4.3195834, 43.3870997], [-4.3197478, 43.3867106], [-4.3197539, 43.3858551], [-4.3202332, 43.3851833], [-4.3201018, 43.3848156], [-4.3198016, 43.384639], [-4.3183246, 43.3844773], [-4.3177041, 43.3842707], [-4.3173334, 43.3840365], [-4.3170982, 43.3829413], [-4.3171417, 43.3815271], [-4.3175451, 43.3807751], [-4.3180528, 43.380274], [-4.3181212, 43.3800121], [-4.3178658, 43.3796188], [-4.3172742, 43.3790944], [-4.3172558, 43.3788154], [-4.3174647, 43.3782007], [-4.3174301, 43.3777419], [-4.317302, 43.3775273], [-4.3160072, 43.3770199], [-4.3155519, 43.3765119], [-4.3158271, 43.374969], [-4.3156826, 43.3745654], [-4.3154568, 43.374397], [-4.3151101, 43.3743469], [-4.3138805, 43.3745681], [-4.3123305, 43.3742437], [-4.311994, 43.3740945], [-4.3117304, 43.3738904], [-4.311237, 43.3727615], [-4.3104133, 43.3723388], [-4.3092721, 43.3715054], [-4.3090781, 43.3710934], [-4.3089359, 43.3696453], [-4.3090064, 43.3694824], [-4.3094314, 43.3691534], [-4.3097371, 43.3690239], [-4.3098083, 43.368888], [-4.3094805, 43.3685676], [-4.3094022, 43.3683704], [-4.3096102, 43.3682869], [-4.3101568, 43.3684518], [-4.3112161, 43.3683496], [-4.311588, 43.3684264], [-4.3118695, 43.3683151], [-4.3120735, 43.3680426], [-4.3135936, 43.3681332], [-4.3139235, 43.3685527], [-4.3143327, 43.368638], [-4.3144908, 43.3685282], [-4.3145867, 43.3678247], [-4.3148305, 43.3676868], [-4.315545, 43.3676246], [-4.3158061, 43.3677116], [-4.3164815, 43.3675508], [-4.3167487, 43.3673496], [-4.3168134, 43.3669167], [-4.3167589, 43.3666832], [-4.3169748, 43.3663926], [-4.3171735, 43.365877], [-4.3177628, 43.3657352], [-4.3179188, 43.3655263], [-4.3179359, 43.3651749], [-4.3176678, 43.3647638], [-4.3176872, 43.3645204], [-4.3173472, 43.3642092], [-4.3169353, 43.3634216], [-4.3169694, 43.3632861], [-4.3174835, 43.3630911], [-4.3175821, 43.3625137], [-4.3178011, 43.3623671], [-4.3185518, 43.3622684], [-4.3185986, 43.3621508], [-4.318288, 43.3620553], [-4.3182357, 43.3619209], [-4.3183938, 43.361811], [-4.3187502, 43.3617438], [-4.3187226, 43.3616091], [-4.3185107, 43.3615125], [-4.3183821, 43.3612708], [-4.3181204, 43.3611568], [-4.318142, 43.3610125], [-4.3188379, 43.3606623], [-4.3194875, 43.3598894], [-4.3195021, 43.359421], [-4.3199118, 43.3589661], [-4.3199817, 43.3587762], [-4.3197145, 43.3584011], [-4.3198322, 43.3581386], [-4.3183322, 43.3561119], [-4.3182533, 43.3553204], [-4.3179761, 43.3550534], [-4.3179274, 43.3545137], [-4.317264, 43.3540802], [-4.3165345, 43.3534402], [-4.3155037, 43.3531369], [-4.3141947, 43.3519453], [-4.3125904, 43.3513605], [-4.3120589, 43.3507452], [-4.3117578, 43.3505146], [-4.3108273, 43.3502821], [-4.3107246, 43.3500942], [-4.3102984, 43.3497839], [-4.3093896, 43.3494071], [-4.3090774, 43.348087], [-4.3088105, 43.3477209], [-4.3084969, 43.3474814], [-4.3084049, 43.3472213], [-4.3084222, 43.3468789], [-4.3085988, 43.3464807], [-4.3084777, 43.3460139], [-4.3080419, 43.3452535], [-4.3075213, 43.3445661], [-4.3068693, 43.3440783], [-4.3066278, 43.3437478], [-4.305916, 43.3433508], [-4.3054494, 43.3428788], [-4.3047737, 43.3424363], [-4.3043387, 43.3422882], [-4.3034773, 43.3423881], [-4.3023354, 43.3420679], [-4.299828, 43.3407727], [-4.2994377, 43.340408], [-4.2980666, 43.3397482], [-4.2977787, 43.3395533], [-4.2976807, 43.3390052], [-4.2977104, 43.3386627], [-4.2975369, 43.3380433], [-4.2971968, 43.337714], [-4.2964009, 43.3374169], [-4.2945167, 43.336988], [-4.2933353, 43.3365421], [-4.2931199, 43.3362744], [-4.293051, 43.335933], [-4.2931547, 43.3355897], [-4.294924, 43.3340929], [-4.294967, 43.3337953], [-4.2946677, 43.3330603], [-4.2943369, 43.3325868], [-4.2920786, 43.3331256], [-4.2869788, 43.3317063], [-4.2873658, 43.3313417], [-4.2876344, 43.3306274], [-4.2874659, 43.3296568], [-4.2874774, 43.32845], [-4.2879307, 43.3277156], [-4.2876557, 43.3269623], [-4.2876601, 43.326584], [-4.2849827, 43.3253715], [-4.2821512, 43.3226929], [-4.2693818, 43.3195215], [-4.2722752, 43.3133753], [-4.2720144, 43.3126938], [-4.2720831, 43.312441], [-4.2722999, 43.3121954], [-4.2731651, 43.3116996], [-4.2739051, 43.311115], [-4.2756471, 43.3106814], [-4.2765266, 43.3102844], [-4.2768667, 43.3100375], [-4.2778436, 43.3089911], [-4.278087, 43.30825], [-4.2779262, 43.3070452], [-4.2773257, 43.3060434], [-4.2772688, 43.3056838], [-4.2773353, 43.3053229], [-4.2774921, 43.3051591], [-4.2780897, 43.3048463], [-4.2782692, 43.3045831], [-4.278354, 43.3039248], [-4.2780605, 43.3034509], [-4.2772313, 43.3027128], [-4.2768364, 43.3021048], [-4.2767282, 43.3016468], [-4.2762216, 43.3010041], [-4.2754485, 43.3005895], [-4.2755101, 43.2999946], [-4.2754746, 43.2988874], [-4.2750124, 43.2974158], [-4.2750138, 43.2968935], [-4.2760159, 43.2970624], [-4.2766563, 43.2970283], [-4.2781282, 43.2966697], [-4.2789601, 43.2963633], [-4.2797975, 43.2957326], [-4.2800905, 43.2955942], [-4.2809, 43.2953961], [-4.2821968, 43.2949223], [-4.2828555, 43.2945908], [-4.2834631, 43.2941698], [-4.2835465, 43.2940338], [-4.2835186, 43.293881], [-4.2832033, 43.2935424], [-4.2832121, 43.2933712], [-4.2835868, 43.2924305], [-4.2833951, 43.2921085], [-4.2826329, 43.2916218], [-4.2825794, 43.2914243], [-4.2826746, 43.2912611], [-4.2837093, 43.2906372], [-4.2843157, 43.2901622], [-4.2844573, 43.2898635], [-4.2846261, 43.2890962], [-4.2845042, 43.28799], [-4.2843421, 43.2873164], [-4.2841499, 43.2869674], [-4.282944, 43.2858914], [-4.2820905, 43.2857479], [-4.2813663, 43.2853057], [-4.2805727, 43.2850805], [-4.2784302, 43.2840059], [-4.2777841, 43.283761], [-4.2773145, 43.2837032], [-4.2752322, 43.2837354], [-4.2745656, 43.2830945], [-4.2743488, 43.2827457], [-4.2743988, 43.2816016], [-4.2743266, 43.2799095], [-4.2745554, 43.2790605], [-4.2741873, 43.2750036], [-4.2763433, 43.2749705], [-4.2780897, 43.274798], [-4.2796198, 43.2743037], [-4.2827, 43.2742692], [-4.2861197, 43.2739697], [-4.2894343, 43.2739504], [-4.2910936, 43.2737426], [-4.2931788, 43.2732779], [-4.299904, 43.2731207], [-4.3023499, 43.2728138], [-4.3097193, 43.2728198], [-4.3129798, 43.2731516], [-4.3158884, 43.2731632], [-4.3165641, 43.2730654], [-4.3191775, 43.2731074], [-4.3201098, 43.2729075], [-4.3215891, 43.2723592], [-4.322879, 43.2721732], [-4.3237443, 43.2722983], [-4.3244634, 43.2724971], [-4.325747, 43.2731576], [-4.3264866, 43.273167], [-4.3269651, 43.2730714], [-4.3285836, 43.2732598], [-4.3317779, 43.273943], [-4.3333421, 43.2744651], [-4.3340934, 43.2744473], [-4.3345591, 43.2743249], [-4.3357523, 43.2736626], [-4.3371609, 43.273268], [-4.340396, 43.272996], [-4.3420664, 43.2727423], [-4.3440631, 43.2721967], [-4.3449352, 43.2720694], [-4.3463518, 43.2720437], [-4.3481225, 43.2724281], [-4.3528587, 43.2720571], [-4.3542449, 43.2717705], [-4.3553161, 43.2717308], [-4.3600048, 43.2719994], [-4.3613151, 43.2721819], [-4.3618, 43.2723743], [-4.3649873, 43.2727325], [-4.3667195, 43.2708389], [-4.3671554, 43.2704915], [-4.3676912, 43.270206], [-4.3683043, 43.2700726], [-4.3689504, 43.2697587], [-4.3691315, 43.2695945], [-4.3693904, 43.2690511], [-4.3704212, 43.2688587], [-4.3711398, 43.2684809], [-4.3721487, 43.2684148], [-4.3725156, 43.2682933], [-4.373315, 43.2682207], [-4.3746218, 43.26825], [-4.3754754, 43.2684018], [-4.3767328, 43.268972], [-4.3780924, 43.2691538], [-4.3800585, 43.2700035], [-4.382397, 43.2704256], [-4.3830055, 43.2711746], [-4.3831411, 43.2717222], [-4.383334, 43.2720801], [-4.3837461, 43.2723182], [-4.3841307, 43.2724307], [-4.3844727, 43.2728407], [-4.3849365, 43.2731863], [-4.3854937, 43.2733056], [-4.3860596, 43.2732628], [-4.3870219, 43.2738544], [-4.3875052, 43.2750552], [-4.3886987, 43.2760582], [-4.3898344, 43.277224], [-4.3911276, 43.2777306], [-4.3917689, 43.2842421], [-4.3909713, 43.2881868], [-4.3905745, 43.2891641], [-4.3900642, 43.2900347], [-4.38975, 43.2903087], [-4.3918699, 43.2930023], [-4.4013137, 43.2962728], [-4.4037537, 43.2973055], [-4.4112188, 43.3007885], [-4.4208905, 43.30145], [-4.417515, 43.3064251], [-4.4182723, 43.3140655], [-4.4230571, 43.3209922]]]}, "properties": {"nombre": "Valdáliga", "ine": "39091"}}, {"type": "Feature", "geometry": {"type": "Polygon", "coordinates": [[[-3.5151926, 43.4549406], [-3.5145109, 43.4604255], [-3.5138719, 43.4620122], [-3.511503, 43.4656687], [-3.5029488, 43.4660612], [-3.4995819, 43.4655356], [-3.4921261, 43.4650655], [-3.4844893, 43.4642314], [-3.4873655, 43.45752], [-3.486015, 43.4571205], [-3.4795605, 43.4584172], [-3.4785382, 43.4573049], [-3.4768294, 43.4569248], [-3.4757787, 43.4553353], [-3.4729517, 43.4526006], [-3.4748197, 43.4433003], [-3.4916307, 43.4453458], [-3.4992738, 43.4490588], [-3.5031542, 43.4505096], [-3.5073912, 43.4517246], [-3.5151926, 43.4549406]]]}, "properties": {"nombre": "Argoños", "ine": "39005"}}, {"type": "Feature", "geometry": {"type": "Polygon", "coordinates": [[[-4.1868541, 43.1915066], [-4.1851386, 43.1925042], [-4.1838146, 43.19277], [-4.1789053, 43.1941173], [-4.1774987, 43.194573], [-4.1750208, 43.1950036], [-4.171762, 43.1957934], [-4.1697849, 43.1953814], [-4.167613, 43.194431], [-4.1677038, 43.1953216], [-4.1675777, 43.1958091], [-4.1672795, 43.1963074], [-4.1654855, 43.1971091], [-4.1638406, 43.1973419], [-4.1621913, 43.1973406], [-4.1614192, 43.1975196], [-4.1602828, 43.1979543], [-4.1595962, 43.1980963], [-4.1588451, 43.1980769], [-4.1580098, 43.1981664], [-4.1575083, 43.1983335], [-4.1558911, 43.1993854], [-4.1549721, 43.1996018], [-4.154829, 43.1998464], [-4.1547213, 43.2006669], [-4.1532128, 43.2022669], [-4.1514012, 43.2047704], [-4.1503617, 43.2057894], [-4.1499355, 43.2060368], [-4.1437336, 43.2048382], [-4.1419937, 43.2039551], [-4.1395269, 43.2030251], [-4.1385088, 43.202558], [-4.136957, 43.2025104], [-4.1361781, 43.202329], [-4.1358299, 43.2021344], [-4.1351571, 43.2010334], [-4.134645, 43.2006333], [-4.1340002, 43.2003785], [-4.1308238, 43.1996715], [-4.1297318, 43.1991871], [-4.1260536, 43.1979626], [-4.1242003, 43.1975756], [-4.1230535, 43.1974607], [-4.1221075, 43.197551], [-4.1210297, 43.1978407], [-4.1176814, 43.1984948], [-4.1157349, 43.199072], [-4.1124892, 43.2006344], [-4.1104431, 43.2018339], [-4.1095399, 43.2022568], [-4.1086106, 43.202599], [-4.1011015, 43.2046254], [-4.0989389, 43.2048443], [-4.0981609, 43.2047076], [-4.0968941, 43.2040804], [-4.0963989, 43.2039231], [-4.0954741, 43.2038329], [-4.0950688, 43.2038818], [-4.0933372, 43.2034211], [-4.0851838, 43.210108], [-4.078314, 43.2086871], [-4.0745249, 43.2088307], [-4.0725673, 43.208813], [-4.0704263, 43.2102828], [-4.0684642, 43.2114267], [-4.0668453, 43.2124864], [-4.0663421, 43.2125721], [-4.0667194, 43.2137392], [-4.0671852, 43.2143292], [-4.0678339, 43.2148184], [-4.0701031, 43.2157427], [-4.0704287, 43.2160548], [-4.0697467, 43.2164844], [-4.0693729, 43.2169382], [-4.068741, 43.2188261], [-4.0671773, 43.2202364], [-4.066931, 43.220941], [-4.0673169, 43.2211806], [-4.0680719, 43.2214076], [-4.0697141, 43.2216715], [-4.0701008, 43.221956], [-4.0701792, 43.2222164], [-4.0699082, 43.2229123], [-4.069605, 43.2231763], [-4.0688816, 43.2233541], [-4.0672319, 43.2233695], [-4.0664212, 43.2234851], [-4.0659844, 43.2238584], [-4.0657462, 43.2243198], [-4.0658041, 43.2248146], [-4.0661719, 43.2254325], [-4.0667104, 43.2259497], [-4.0672143, 43.2266024], [-4.0674594, 43.2272394], [-4.0674927, 43.2277344], [-4.066598, 43.2286882], [-4.0622529, 43.229503], [-4.0545021, 43.228503], [-4.0488528, 43.2279605], [-4.0471558, 43.2259409], [-4.045991, 43.22479], [-4.0391172, 43.2224482], [-4.036267, 43.2213754], [-4.0341527, 43.2208542], [-4.032114, 43.2204314], [-4.0265664, 43.220022], [-4.0277244, 43.2163917], [-4.0295184, 43.209586], [-4.0322892, 43.2059862], [-4.0302945, 43.1978998], [-4.0284819, 43.1925672], [-4.0229706, 43.186061], [-4.0097492, 43.1730492], [-3.9819934, 43.1776847], [-3.9766782, 43.1796913], [-3.9765683, 43.1792979], [-3.9758664, 43.1784844], [-3.9739466, 43.1769159], [-3.9734256, 43.1766502], [-3.9726474, 43.1764587], [-3.9717106, 43.1763495], [-3.9705368, 43.1760353], [-3.9696568, 43.1756285], [-3.9691178, 43.1750028], [-3.9684062, 43.173568], [-3.9665642, 43.1714494], [-3.9661283, 43.1711109], [-3.9643421, 43.1701804], [-3.9625874, 43.1696909], [-3.9607905, 43.1696429], [-3.957332, 43.1679699], [-3.9543609, 43.166779], [-3.9537508, 43.1661342], [-3.9537676, 43.1658025], [-3.9545574, 43.1635897], [-3.9545982, 43.1630491], [-3.9540876, 43.1618557], [-3.954008, 43.1614781], [-3.9541495, 43.1587125], [-3.9547049, 43.1564566], [-3.9543042, 43.1560007], [-3.9536555, 43.1546194], [-3.9521855, 43.153416], [-3.9505635, 43.1519256], [-3.9518228, 43.149853], [-3.9554749, 43.1513985], [-3.9566288, 43.1520462], [-3.9606566, 43.1540026], [-3.9614673, 43.1547252], [-3.9640796, 43.1573777], [-3.9672778, 43.1581702], [-3.9687946, 43.1584186], [-3.9749289, 43.1597443], [-3.9795587, 43.160047], [-3.9833306, 43.160537], [-3.9839111, 43.1606851], [-3.9868475, 43.1620016], [-3.9917717, 43.1637601], [-3.9940805, 43.1642804], [-3.9985312, 43.1656464], [-4.0117268, 43.1713659], [-4.0220806, 43.1710489], [-4.0289095, 43.1718343], [-4.0432437, 43.1697327], [-4.0502984, 43.1714872], [-4.0521271, 43.1726591], [-4.0540942, 43.1732984], [-4.059507, 43.1732575], [-4.0616011, 43.1719865], [-4.0735545, 43.1667694], [-4.0792464, 43.1644467], [-4.0804246, 43.1642916], [-4.0828222, 43.1642239], [-4.0819435, 43.1590364], [-4.0856857, 43.1585058], [-4.0859885, 43.1568461], [-4.0862745, 43.1563301], [-4.087646, 43.1545971], [-4.0878214, 43.1540822], [-4.0878305, 43.1518219], [-4.0882164, 43.1499993], [-4.0893252, 43.1466389], [-4.0894475, 43.1459084], [-4.0929441, 43.1454429], [-4.095746, 43.1446417], [-4.0966835, 43.1441195], [-4.0979081, 43.1431442], [-4.09961, 43.141354], [-4.1003489, 43.1407256], [-4.1012559, 43.1412481], [-4.1037897, 43.1406024], [-4.1051154, 43.1404726], [-4.1081549, 43.1405963], [-4.1089041, 43.1405441], [-4.1123814, 43.139718], [-4.1132242, 43.1394036], [-4.1141715, 43.1387551], [-4.1146166, 43.1382105], [-4.1157205, 43.1339945], [-4.1166376, 43.1316893], [-4.1171663, 43.1296581], [-4.1179359, 43.1280387], [-4.118594, 43.1277171], [-4.1191199, 43.1275679], [-4.1230761, 43.1254131], [-4.125292, 43.1222216], [-4.1273177, 43.1220757], [-4.134303, 43.1255637], [-4.1357531, 43.1261977], [-4.1367628, 43.1262867], [-4.1371219, 43.1264272], [-4.1387895, 43.1275183], [-4.1404872, 43.1282398], [-4.1440856, 43.1293565], [-4.1450777, 43.1298149], [-4.1459681, 43.1300941], [-4.1532158, 43.1317324], [-4.15531, 43.1326028], [-4.1575859, 43.1339755], [-4.1582483, 43.1345452], [-4.1611627, 43.1378204], [-4.1618357, 43.1402449], [-4.166413, 43.1423416], [-4.1675754, 43.1426809], [-4.1644306, 43.1473954], [-4.1619793, 43.1517336], [-4.1620457, 43.1526424], [-4.1626788, 43.1535995], [-4.1635142, 43.1580934], [-4.1634852, 43.1585079], [-4.1633342, 43.1589777], [-4.1625259, 43.1598144], [-4.1616734, 43.1609126], [-4.161521, 43.1613103], [-4.1615539, 43.1617512], [-4.1620245, 43.1625659], [-4.1629001, 43.1633314], [-4.1639328, 43.1639513], [-4.1697061, 43.166738], [-4.1712886, 43.1677934], [-4.1721544, 43.1680367], [-4.1734633, 43.1689328], [-4.1747165, 43.1694873], [-4.1752531, 43.169887], [-4.1755925, 43.1702617], [-4.1764756, 43.1720446], [-4.1770202, 43.1734978], [-4.1771246, 43.1744512], [-4.1773784, 43.1748538], [-4.1778676, 43.175344], [-4.1797251, 43.1766036], [-4.1800013, 43.1768889], [-4.1800469, 43.1773387], [-4.180274, 43.1776335], [-4.1802957, 43.1781195], [-4.1804357, 43.1783612], [-4.1807354, 43.1785923], [-4.1817627, 43.1789058], [-4.1821484, 43.179127], [-4.1824914, 43.1796817], [-4.1827435, 43.1806336], [-4.1825777, 43.1822472], [-4.1823835, 43.1830236], [-4.1823366, 43.1837805], [-4.1824108, 43.1844371], [-4.1826572, 43.1850919], [-4.1831483, 43.1856721], [-4.1861954, 43.1886032], [-4.1870065, 43.1898194], [-4.1871404, 43.1903763], [-4.1868541, 43.1915066]]]}, "properties": {"nombre": "Arenas de Iguña", "ine": "39004"}}, {"type": "Feature", "geometry": {"type": "Polygon", "coordinates": [[[-3.6873664, 43.2611821], [-3.6863524, 43.2620491], [-3.686955, 43.263045], [-3.6876281, 43.2637344], [-3.6887569, 43.264403], [-3.6887514, 43.2672035], [-3.6880022, 43.2674241], [-3.6862823, 43.2689922], [-3.6838757, 43.2719782], [-3.6824357, 43.2721488], [-3.6825605, 43.2767135], [-3.6830114, 43.2773592], [-3.6820167, 43.2787879], [-3.6792272, 43.2795338], [-3.677127, 43.2824278], [-3.6771791, 43.2837962], [-3.6799298, 43.2862022], [-3.6787344, 43.2873349], [-3.6774454, 43.2911515], [-3.6783839, 43.2912991], [-3.6800224, 43.2923159], [-3.6811724, 43.2924853], [-3.6808411, 43.2927793], [-3.6793041, 43.2931306], [-3.6762414, 43.2948686], [-3.6757175, 43.2965556], [-3.675272, 43.2975217], [-3.6758042, 43.3001662], [-3.6750236, 43.3018275], [-3.673712, 43.3013939], [-3.6704877, 43.3030697], [-3.6698825, 43.3029742], [-3.6667414, 43.3032446], [-3.6649045, 43.3032732], [-3.6602247, 43.3026429], [-3.6576737, 43.3026065], [-3.6551868, 43.3019424], [-3.6520114, 43.3013121], [-3.6492353, 43.3011297], [-3.648108, 43.2994612], [-3.6477683, 43.2976532], [-3.6471162, 43.2966123], [-3.6449648, 43.2948415], [-3.6433885, 43.2938328], [-3.6434346, 43.2935263], [-3.6425497, 43.2926128], [-3.6418188, 43.2922747], [-3.6276445, 43.2925061], [-3.6253965, 43.2920772], [-3.6216606, 43.2920074], [-3.6191415, 43.2915888], [-3.6179381, 43.2932702], [-3.6143896, 43.2946939], [-3.613657, 43.2954002], [-3.6051035, 43.2968774], [-3.6002526, 43.2962905], [-3.5956544, 43.2950538], [-3.5977292, 43.2891089], [-3.5911426, 43.283587], [-3.5861766, 43.2798665], [-3.5858482, 43.2790307], [-3.5860642, 43.2771296], [-3.5863717, 43.2757773], [-3.5870792, 43.2737296], [-3.5873988, 43.2697839], [-3.5863502, 43.2632247], [-3.5883153, 43.2587032], [-3.5892226, 43.255682], [-3.58118, 43.2507433], [-3.5798965, 43.2492009], [-3.5811634, 43.2489874], [-3.5812877, 43.2478071], [-3.5812534, 43.2467898], [-3.5811001, 43.2462142], [-3.5828252, 43.2436751], [-3.5835762, 43.2431193], [-3.5844047, 43.2427755], [-3.5903776, 43.242556], [-3.5951864, 43.2417927], [-3.6012717, 43.2405719], [-3.6028799, 43.2404411], [-3.6047582, 43.240662], [-3.606903, 43.2394184], [-3.6073405, 43.2389826], [-3.6074894, 43.2378562], [-3.6072627, 43.2373441], [-3.607164, 43.2366512], [-3.6104233, 43.236045], [-3.611582, 43.2357273], [-3.6128623, 43.2356665], [-3.6185283, 43.2345015], [-3.6194164, 43.2346318], [-3.6222473, 43.235679], [-3.6240868, 43.2362605], [-3.6259131, 43.2366315], [-3.6303647, 43.2365317], [-3.6314105, 43.235674], [-3.6317302, 43.2344206], [-3.6356111, 43.2345522], [-3.6366942, 43.2344922], [-3.6391157, 43.2340375], [-3.6406373, 43.2334978], [-3.6433701, 43.2333744], [-3.6452589, 43.2336829], [-3.6463619, 43.2337353], [-3.6489729, 43.2345204], [-3.6515252, 43.2347332], [-3.6526746, 43.2351139], [-3.6546462, 43.2352107], [-3.6574644, 43.2346864], [-3.6609154, 43.2383502], [-3.6568852, 43.2395743], [-3.6554298, 43.2451566], [-3.6562846, 43.2467546], [-3.6610872, 43.2500408], [-3.6618915, 43.251513], [-3.6613992, 43.2527045], [-3.6620966, 43.2533938], [-3.6662753, 43.2547384], [-3.6675598, 43.2550371], [-3.6727183, 43.2547098], [-3.6735669, 43.2545788], [-3.6753106, 43.2540553], [-3.6765309, 43.2541111], [-3.6781609, 43.2555693], [-3.6789839, 43.2564559], [-3.6806204, 43.2584903], [-3.6832902, 43.2603564], [-3.6840142, 43.260091], [-3.6863283, 43.2609957], [-3.6873664, 43.2611821]]]}, "properties": {"nombre": "Arredondo", "ine": "39007"}}, {"type": "Feature", "geometry": {"type": "Polygon", "coordinates": [[[-3.5862174, 43.4654691], [-3.5863604, 43.4674764], [-3.5865295, 43.468349], [-3.5869597, 43.4693733], [-3.5867925, 43.4712651], [-3.586846, 43.471688], [-3.5875075, 43.472333], [-3.5874744, 43.4727473], [-3.5873175, 43.4731443], [-3.5870117, 43.4734881], [-3.5868174, 43.4738582], [-3.586882, 43.474146], [-3.5874696, 43.4748094], [-3.5876461, 43.4751687], [-3.5876119, 43.475466], [-3.5874174, 43.4758091], [-3.585057, 43.4772349], [-3.583813, 43.4777364], [-3.5837169, 43.4780341], [-3.5839308, 43.4784202], [-3.5846659, 43.4789927], [-3.5851748, 43.4791972], [-3.5857574, 43.4793473], [-3.5869945, 43.4794041], [-3.5882301, 43.4793077], [-3.588689, 43.4794495], [-3.5890629, 43.4797537], [-3.5893257, 43.4800765], [-3.5893664, 43.4804455], [-3.5892596, 43.4809053], [-3.5887252, 43.4819075], [-3.5890141, 43.4823742], [-3.5893119, 43.4824808], [-3.5912658, 43.4824798], [-3.5918482, 43.4826028], [-3.5927012, 43.4825804], [-3.5933678, 43.4824599], [-3.5938876, 43.4825023], [-3.5941864, 43.4827079], [-3.5945769, 43.4834442], [-3.59447, 43.483895], [-3.5942276, 43.4844005], [-3.5934329, 43.485332], [-3.5929538, 43.4856587], [-3.5919814, 43.4861319], [-3.5913795, 43.4865492], [-3.5911105, 43.4868657], [-3.5905891, 43.4879399], [-3.589271, 43.4897566], [-3.5889554, 43.4903705], [-3.5888412, 43.4913526], [-3.5887322, 43.4915872], [-3.5872479, 43.4928554], [-3.5866359, 43.4935249], [-3.5861275, 43.494671], [-3.5860956, 43.4952115], [-3.5861617, 43.4956524], [-3.5866394, 43.4964513], [-3.5867164, 43.4967391], [-3.5866455, 43.4970816], [-3.5861494, 43.4982277], [-3.5860817, 43.4989034], [-3.5864496, 43.499856], [-3.5864518, 43.5000811], [-3.5861504, 43.500893], [-3.5855145, 43.5016526], [-3.5841665, 43.5029741], [-3.5832935, 43.5035278], [-3.582159, 43.5039027], [-3.5802558, 43.5040924], [-3.5794695, 43.5044551], [-3.5784865, 43.5047493], [-3.5778233, 43.5052613], [-3.5770161, 43.5055851], [-3.5766717, 43.5064377], [-3.5761921, 43.5067328], [-3.5755973, 43.5066322], [-3.5757662, 43.5068339], [-3.5756692, 43.5070397], [-3.575368, 43.506845], [-3.5750369, 43.5071573], [-3.5744411, 43.5073358], [-3.5738704, 43.5071722], [-3.5727409, 43.5074299], [-3.5725904, 43.5072056], [-3.5723763, 43.5074632], [-3.5716609, 43.5076875], [-3.5715689, 43.5079757], [-3.57111, 43.508307], [-3.5703201, 43.5084955], [-3.570319, 43.5079822], [-3.5677737, 43.5080516], [-3.567543, 43.5071947], [-3.5666294, 43.5074], [-3.5663669, 43.5077678], [-3.5651125, 43.5079091], [-3.5645004, 43.5086009], [-3.5649104, 43.5087835], [-3.5648114, 43.5094413], [-3.5641093, 43.5097715], [-3.5634048, 43.5094509], [-3.5628049, 43.5085282], [-3.5618975, 43.5080599], [-3.5611612, 43.50805], [-3.5607934, 43.5077277], [-3.5598758, 43.5075053], [-3.5585343, 43.5077053], [-3.5586904, 43.5081057], [-3.5583856, 43.5082257], [-3.5580781, 43.5081711], [-3.5573039, 43.5076457], [-3.5566425, 43.5076831], [-3.5554831, 43.5080597], [-3.5550551, 43.5079313], [-3.5543701, 43.5081192], [-3.5536559, 43.5077895], [-3.5526041, 43.5080332], [-3.5519198, 43.5076133], [-3.5520366, 43.5079459], [-3.5518894, 43.5083545], [-3.551594, 43.5082496], [-3.5509931, 43.5085848], [-3.5502059, 43.5086525], [-3.5498437, 43.5089469], [-3.5490757, 43.5082341], [-3.548184, 43.508141], [-3.5475878, 43.5077916], [-3.5463682, 43.5076759], [-3.5464127, 43.5067036], [-3.5460631, 43.5056559], [-3.5459468, 43.5055169], [-3.5451743, 43.5055926], [-3.5449856, 43.5052469], [-3.5452894, 43.5049213], [-3.5458209, 43.5048737], [-3.5456159, 43.5045263], [-3.5453113, 43.5043269], [-3.544215, 43.5041521], [-3.5426646, 43.50438], [-3.5423899, 43.5040976], [-3.5423691, 43.5034387], [-3.5411066, 43.5037751], [-3.5407906, 43.5037091], [-3.5403941, 43.5025178], [-3.5411433, 43.5023342], [-3.5411221, 43.5020327], [-3.5406493, 43.5017423], [-3.5400801, 43.5017135], [-3.5397163, 43.5014225], [-3.5400981, 43.500957], [-3.5408157, 43.5007909], [-3.5409654, 43.5006907], [-3.5410718, 43.5005347], [-3.5411658, 43.4999403], [-3.5409754, 43.4994672], [-3.5406748, 43.4993227], [-3.5410751, 43.4988544], [-3.5409617, 43.4986299], [-3.5398567, 43.4981624], [-3.5399251, 43.4975002], [-3.5404582, 43.49764], [-3.5401563, 43.4970831], [-3.5406453, 43.4974792], [-3.5409445, 43.4978509], [-3.5409524, 43.4980361], [-3.5413926, 43.4983892], [-3.5419764, 43.4982359], [-3.542328, 43.4979793], [-3.5420173, 43.4979049], [-3.5420461, 43.4977899], [-3.5422767, 43.4977063], [-3.5417723, 43.4975338], [-3.5415074, 43.4973518], [-3.5416273, 43.4972258], [-3.5415134, 43.4971421], [-3.5414156, 43.4972503], [-3.5412163, 43.4972177], [-3.5411018, 43.4969917], [-3.5405397, 43.4964466], [-3.5405692, 43.4962948], [-3.5403908, 43.4961917], [-3.5405316, 43.4959762], [-3.5404552, 43.4959981], [-3.5403351, 43.4958799], [-3.5406815, 43.4957161], [-3.5407514, 43.4955595], [-3.5410916, 43.4955421], [-3.5410572, 43.4947039], [-3.5412908, 43.4945037], [-3.5412444, 43.4943271], [-3.5409547, 43.4940119], [-3.5453672, 43.4912066], [-3.5460665, 43.4905729], [-3.5472053, 43.4893069], [-3.5458126, 43.4884671], [-3.5461435, 43.4881324], [-3.5405712, 43.4831432], [-3.5374885, 43.4785384], [-3.5395777, 43.4756922], [-3.542896, 43.4734255], [-3.5397408, 43.4689741], [-3.5342468, 43.4712509], [-3.533112, 43.4715533], [-3.5333287, 43.4708859], [-3.5274761, 43.4689139], [-3.5269964, 43.4677725], [-3.5256254, 43.4664912], [-3.5169211, 43.4620013], [-3.5145109, 43.4604255], [-3.5151926, 43.4549406], [-3.5170657, 43.4542659], [-3.5208775, 43.4533932], [-3.5229736, 43.4527984], [-3.5252571, 43.4524369], [-3.5276599, 43.4515885], [-3.530004, 43.4511005], [-3.533141, 43.4508428], [-3.5347395, 43.4513037], [-3.5360685, 43.4506492], [-3.5378815, 43.4502085], [-3.539136, 43.4495093], [-3.5403127, 43.4484052], [-3.5418877, 43.4476234], [-3.5440069, 43.446893], [-3.5557847, 43.4387597], [-3.5553876, 43.4399322], [-3.5549321, 43.4428339], [-3.554719, 43.4479404], [-3.5635954, 43.4602785], [-3.5650678, 43.4630897], [-3.5690608, 43.463106], [-3.5696931, 43.463301], [-3.5709477, 43.4639431], [-3.5715669, 43.464057], [-3.5727044, 43.4640784], [-3.5752864, 43.4638944], [-3.5759791, 43.463945], [-3.5788279, 43.464516], [-3.5811553, 43.4648645], [-3.5862174, 43.4654691]]]}, "properties": {"nombre": "Arnuero", "ine": "39006"}}, {"type": "Feature", "geometry": {"type": "Polygon", "coordinates": [[[-4.2650884, 43.3646275], [-4.2624649, 43.3630987], [-4.2600754, 43.3615402], [-4.2574593, 43.3609567], [-4.2528429, 43.3609172], [-4.251329, 43.3611139], [-4.2484286, 43.3623071], [-4.2412232, 43.3642224], [-4.2405083, 43.3636629], [-4.2364225, 43.3624104], [-4.233064, 43.3665977], [-4.2305212, 43.3684169], [-4.2316501, 43.3705298], [-4.2312695, 43.3730732], [-4.2296475, 43.3764943], [-4.2290023, 43.3781671], [-4.2279032, 43.3793674], [-4.2274743, 43.3795251], [-4.2260694, 43.3808728], [-4.2246182, 43.3817618], [-4.2242455, 43.382261], [-4.2241696, 43.3827841], [-4.2233305, 43.3834144], [-4.2230041, 43.38376], [-4.2229757, 43.3841925], [-4.2227684, 43.3849331], [-4.2235796, 43.3853657], [-4.2237839, 43.3857057], [-4.2240422, 43.3856579], [-4.2251769, 43.386213], [-4.2235201, 43.3873203], [-4.2226701, 43.3880317], [-4.2223359, 43.3886026], [-4.2221951, 43.3895855], [-4.2219646, 43.3897861], [-4.2217256, 43.3901848], [-4.2219273, 43.3903898], [-4.2212774, 43.3906128], [-4.2222037, 43.3930882], [-4.2226833, 43.3954481], [-4.2216275, 43.3951287], [-4.2209029, 43.3950729], [-4.2204065, 43.3950608], [-4.2189909, 43.3952948], [-4.2177328, 43.3960376], [-4.2173204, 43.3961895], [-4.2168218, 43.396573], [-4.216193, 43.3967676], [-4.2154714, 43.3972493], [-4.214508, 43.398037], [-4.2140489, 43.3986439], [-4.2126591, 43.3990285], [-4.2112285, 43.3999688], [-4.2110678, 43.4002086], [-4.2110508, 43.4003739], [-4.2107943, 43.4004367], [-4.210797, 43.4003076], [-4.2105938, 43.4002451], [-4.2099893, 43.4004009], [-4.209639, 43.4005844], [-4.2094631, 43.4009111], [-4.2092496, 43.4010498], [-4.2084297, 43.401084], [-4.207444, 43.4007718], [-4.2069333, 43.4008663], [-4.2066713, 43.4008361], [-4.2055744, 43.4003623], [-4.2054952, 43.4001761], [-4.2054005, 43.4001396], [-4.2042423, 43.3998565], [-4.2040815, 43.3997558], [-4.2034093, 43.3997035], [-4.203171, 43.3995546], [-4.2025857, 43.3995826], [-4.2015857, 43.399161], [-4.2010029, 43.3990037], [-4.2002573, 43.398954], [-4.2001765, 43.398982], [-4.2001878, 43.3991025], [-4.1999974, 43.3991299], [-4.1989677, 43.3997659], [-4.1989173, 43.3998482], [-4.1990305, 43.4000289], [-4.199013, 43.4002505], [-4.1985803, 43.4006512], [-4.1972075, 43.4010009], [-4.1957452, 43.4015269], [-4.1950005, 43.4019726], [-4.1938104, 43.4023084], [-4.1924879, 43.4025271], [-4.1893346, 43.4027147], [-4.1888439, 43.4029074], [-4.1875403, 43.403192], [-4.1870506, 43.4032141], [-4.1864562, 43.4034521], [-4.1852316, 43.4034821], [-4.1844464, 43.4036024], [-4.1835757, 43.4034533], [-4.1830386, 43.403463], [-4.1823631, 43.403618], [-4.1817847, 43.4042896], [-4.1813601, 43.4045771], [-4.1806911, 43.4054579], [-4.1804358, 43.4054734], [-4.1801579, 43.4048316], [-4.179246, 43.4045568], [-4.1793185, 43.404261], [-4.1788895, 43.4038042], [-4.1769614, 43.4025055], [-4.1767467, 43.4018045], [-4.1759969, 43.4010322], [-4.1753763, 43.4008586], [-4.1746712, 43.4011138], [-4.1739051, 43.4019702], [-4.173217, 43.402512], [-4.1728895, 43.4031902], [-4.1722458, 43.4033617], [-4.1723102, 43.403541], [-4.171881, 43.4037593], [-4.1718596, 43.4034475], [-4.1714304, 43.4034241], [-4.1708189, 43.4040321], [-4.170773, 43.403563], [-4.169019, 43.403838], [-4.167978, 43.404618], [-4.167279, 43.404882], [-4.166238, 43.405663], [-4.165539, 43.405927], [-4.1643601, 43.4068444], [-4.1634214, 43.407086], [-4.1630941, 43.407312], [-4.1624128, 43.4075692], [-4.1621178, 43.4074172], [-4.161694, 43.4074718], [-4.161172, 43.407639], [-4.1602939, 43.4081148], [-4.1594088, 43.4083681], [-4.1596609, 43.4085786], [-4.1593927, 43.4089254], [-4.1586802, 43.4091967], [-4.1584464, 43.408983], [-4.1583062, 43.4087183], [-4.1574769, 43.4088187], [-4.157111, 43.4085056], [-4.1561759, 43.4083816], [-4.1549238, 43.4090195], [-4.1545416, 43.4093149], [-4.153642, 43.40964], [-4.153469, 43.40977], [-4.153297, 43.410028], [-4.1534089, 43.4105233], [-4.1530742, 43.4109061], [-4.1533017, 43.4109832], [-4.1534894, 43.4111663], [-4.1517031, 43.4118717], [-4.1502197, 43.412049], [-4.1502064, 43.4118171], [-4.1506409, 43.4113923], [-4.1505001, 43.4112203], [-4.1452115, 43.4129555], [-4.1441282, 43.4129663], [-4.143978, 43.4132575], [-4.142918, 43.4135031], [-4.1429635, 43.4132227], [-4.1428285, 43.4130614], [-4.1418967, 43.4133049], [-4.1417802, 43.4132045], [-4.1411414, 43.4132431], [-4.1411709, 43.4130171], [-4.1403554, 43.4130424], [-4.1397328, 43.413248], [-4.1395455, 43.4131152], [-4.1395651, 43.412868], [-4.1401424, 43.4126524], [-4.1401017, 43.4125313], [-4.1409548, 43.4122751], [-4.1409017, 43.4121852], [-4.1407761, 43.4121942], [-4.1404148, 43.4123512], [-4.1400895, 43.4123807], [-4.1398944, 43.4125963], [-4.1394635, 43.4126761], [-4.1391664, 43.412877], [-4.1391798, 43.4130329], [-4.1387748, 43.4134829], [-4.1385388, 43.4133992], [-4.1380962, 43.4135667], [-4.1371011, 43.4136057], [-4.1369858, 43.4134303], [-4.1372656, 43.4131601], [-4.1374567, 43.4131112], [-4.1372206, 43.4127034], [-4.1370886, 43.4126536], [-4.1373151, 43.4124171], [-4.1371346, 43.4123014], [-4.1366356, 43.4124479], [-4.1365577, 43.4123785], [-4.1367091, 43.4121707], [-4.1374238, 43.4120102], [-4.1375048, 43.4117539], [-4.1372205, 43.4117559], [-4.1371105, 43.4118572], [-4.1369679, 43.411835], [-4.1366721, 43.4115351], [-4.1356685, 43.4113927], [-4.1352785, 43.4115707], [-4.1351149, 43.4114363], [-4.1346779, 43.4113914], [-4.1341819, 43.4116572], [-4.1339624, 43.4118817], [-4.133873, 43.4121593], [-4.1335315, 43.4121888], [-4.1329597, 43.4128568], [-4.1326271, 43.4130029], [-4.1328584, 43.4132289], [-4.1335578, 43.4135953], [-4.1337423, 43.4141503], [-4.1319062, 43.4137183], [-4.1311116, 43.4128347], [-4.1310558, 43.4124931], [-4.1312242, 43.4122483], [-4.1323784, 43.4112194], [-4.1325593, 43.4109835], [-4.1326164, 43.4107308], [-4.1324422, 43.4100031], [-4.131619, 43.4095701], [-4.1313286, 43.4092308], [-4.131754, 43.4075337], [-4.1322815, 43.4060158], [-4.1319849, 43.404677], [-4.1319618, 43.404101], [-4.1315221, 43.4030338], [-4.1286348, 43.398515], [-4.1279132, 43.3975587], [-4.1272045, 43.3952965], [-4.1266095, 43.3938436], [-4.1266629, 43.3913939], [-4.1293746, 43.3891431], [-4.1344949, 43.3856347], [-4.1384431, 43.3835155], [-4.138305, 43.3827335], [-4.1418641, 43.3816085], [-4.1436981, 43.3806627], [-4.1441952, 43.3795232], [-4.1453776, 43.3793763], [-4.1516275, 43.3743342], [-4.1510717, 43.3743217], [-4.1498783, 43.3738745], [-4.1483803, 43.3729891], [-4.1455409, 43.3716578], [-4.1444233, 43.3706425], [-4.143562, 43.3701289], [-4.1428403, 43.3698209], [-4.1416845, 43.3687429], [-4.1411672, 43.3681447], [-4.1396711, 43.3673402], [-4.1376196, 43.3665412], [-4.1372319, 43.3662659], [-4.1368257, 43.3656667], [-4.1368157, 43.3651265], [-4.1372784, 43.3641314], [-4.1372561, 43.362934], [-4.1395562, 43.3612003], [-4.1395801, 43.3618214], [-4.1394452, 43.3631824], [-4.1398775, 43.3645198], [-4.1402186, 43.3649396], [-4.1407449, 43.3653666], [-4.1415147, 43.365611], [-4.1426652, 43.3657526], [-4.1434166, 43.3656731], [-4.1437688, 43.3653724], [-4.1445538, 43.3644551], [-4.1451417, 43.3635578], [-4.1463952, 43.3626178], [-4.1482156, 43.3616361], [-4.150121, 43.3599331], [-4.1510654, 43.3589691], [-4.1521125, 43.3575629], [-4.152816, 43.3562682], [-4.1529084, 43.3559341], [-4.1528905, 43.3556371], [-4.152045, 43.3553034], [-4.1495797, 43.3534823], [-4.1485156, 43.3533309], [-4.1481352, 43.3527854], [-4.1481676, 43.352542], [-4.1483349, 43.3522522], [-4.1497237, 43.3506534], [-4.15129, 43.349305], [-4.1517531, 43.3483459], [-4.1517978, 43.349408], [-4.1529491, 43.3496035], [-4.1547934, 43.3486124], [-4.1578335, 43.3482125], [-4.1612623, 43.3494384], [-4.1662621, 43.3489284], [-4.1686336, 43.3451944], [-4.1693666, 43.3441694], [-4.1760817, 43.3424258], [-4.1781601, 43.3427195], [-4.179134, 43.3426825], [-4.1814965, 43.3417217], [-4.1825802, 43.3416205], [-4.1832468, 43.3416406], [-4.1861312, 43.3434116], [-4.1867828, 43.3439272], [-4.1875662, 43.3442432], [-4.1945314, 43.3489882], [-4.195348, 43.3503573], [-4.2056571, 43.3462963], [-4.2092564, 43.3467446], [-4.2135834, 43.3465547], [-4.2148917, 43.3465769], [-4.2170967, 43.3464004], [-4.2167732, 43.348736], [-4.2183434, 43.3526002], [-4.2220256, 43.3534614], [-4.2256517, 43.35399], [-4.2296609, 43.3551536], [-4.2324808, 43.3560777], [-4.2351641, 43.3581739], [-4.2398859, 43.3579427], [-4.2431384, 43.3564668], [-4.2514339, 43.3554039], [-4.2541342, 43.3553023], [-4.2551552, 43.3557414], [-4.2563424, 43.3564667], [-4.2600093, 43.3601363], [-4.2608195, 43.3611178], [-4.2623795, 43.3625504], [-4.2635427, 43.3632939], [-4.2650884, 43.3646275]]]}, "properties": {"nombre": "Alfoz de Lloredo", "ine": "39001"}}, {"type": "Feature", "geometry": {"type": "Polygon", "coordinates": [[[-4.0265664, 43.220022], [-4.0255152, 43.2204816], [-4.0243682, 43.2211042], [-4.0235807, 43.2218766], [-4.0221956, 43.223726], [-4.0209023, 43.2251783], [-4.0203436, 43.2256425], [-4.0201781, 43.2260582], [-4.019297, 43.2271286], [-4.0181491, 43.2284445], [-4.01759, 43.2288907], [-4.0169787, 43.2291572], [-4.0161671, 43.2292275], [-4.0146862, 43.2290335], [-4.0131395, 43.2285879], [-4.0113877, 43.2283963], [-4.0085705, 43.2278178], [-4.0078688, 43.227833], [-4.0057705, 43.2282836], [-4.0047415, 43.2286168], [-4.0037085, 43.2294543], [-4.0019784, 43.2328462], [-3.9898454, 43.2235507], [-3.9802664, 43.2059026], [-3.9776209, 43.1967042], [-3.9788925, 43.1961801], [-3.979366, 43.1957709], [-3.979578, 43.1951747], [-3.9795741, 43.1949316], [-3.9794462, 43.1946266], [-3.9790687, 43.1941075], [-3.978884, 43.1933347], [-3.9791096, 43.1920451], [-3.9789489, 43.191227], [-3.9783878, 43.1899981], [-3.9780828, 43.188623], [-3.9781738, 43.188154], [-3.9784951, 43.1874668], [-3.9785734, 43.1869799], [-3.9782013, 43.1844797], [-3.9782768, 43.1830383], [-3.9781906, 43.1822646], [-3.9766782, 43.1796913], [-3.9819934, 43.1776847], [-4.0097492, 43.1730492], [-4.0229706, 43.186061], [-4.0284819, 43.1925672], [-4.0302945, 43.1978998], [-4.0322892, 43.2059862], [-4.0295184, 43.209586], [-4.0277244, 43.2163917], [-4.0265664, 43.220022]]]}, "properties": {"nombre": "Anievas", "ine": "39003"}}, {"type": "Feature", "geometry": {"type": "Polygon", "coordinates": [[[-3.4737107, 43.3036528], [-3.4734572, 43.3043472], [-3.4729815, 43.3050155], [-3.4731346, 43.3056723], [-3.4731116, 43.3058975], [-3.4726973, 43.3065295], [-3.4726641, 43.3070159], [-3.47214, 43.3078014], [-3.4720681, 43.3080719], [-3.4723551, 43.3085119], [-3.4726401, 43.3086908], [-3.473579, 43.3089211], [-3.4749845, 43.3088973], [-3.4758958, 43.3087495], [-3.4758368, 43.3090919], [-3.475642, 43.3094078], [-3.4748586, 43.3101495], [-3.4738168, 43.312549], [-3.4732816, 43.3135057], [-3.4736376, 43.3148819], [-3.4711287, 43.3173594], [-3.4705688, 43.3183162], [-3.4703161, 43.3191367], [-3.4691273, 43.3217168], [-3.4683042, 43.3237372], [-3.4650998, 43.3256682], [-3.4647997, 43.3267499], [-3.4645328, 43.3273363], [-3.4620161, 43.330525], [-3.4589884, 43.3330584], [-3.4583003, 43.3334123], [-3.4577489, 43.3339098], [-3.4580933, 43.3354212], [-3.45713, 43.3369198], [-3.4560893, 43.3379774], [-3.4534368, 43.3412926], [-3.4513831, 43.3421831], [-3.4489684, 43.3443356], [-3.4467669, 43.3452807], [-3.4481202, 43.3481209], [-3.4478081, 43.3509946], [-3.4465331, 43.3521251], [-3.4443935, 43.3548437], [-3.4442677, 43.3562219], [-3.4320461, 43.3537831], [-3.4311543, 43.3550561], [-3.4291714, 43.3556038], [-3.4286019, 43.3553448], [-3.4245187, 43.35554], [-3.4176418, 43.3568257], [-3.4136577, 43.3589202], [-3.4082959, 43.3580298], [-3.4039326, 43.3588286], [-3.3986413, 43.3592612], [-3.3969628, 43.35924], [-3.3890515, 43.3626081], [-3.3803642, 43.3611689], [-3.3718569, 43.3563971], [-3.3707995, 43.3549868], [-3.3730373, 43.3496218], [-3.3734662, 43.3430559], [-3.3689666, 43.3333993], [-3.3682031, 43.3315738], [-3.3667579, 43.3291922], [-3.3649311, 43.3269108], [-3.3645544, 43.3257955], [-3.3638184, 43.3244021], [-3.3624553, 43.3212458], [-3.3613455, 43.3192053], [-3.3611827, 43.3187826], [-3.3611135, 43.3175132], [-3.3606583, 43.3135257], [-3.3604221, 43.3131932], [-3.3602286, 43.3117531], [-3.3599388, 43.3107005], [-3.3591394, 43.3068761], [-3.361253, 43.307743], [-3.3650197, 43.3087396], [-3.3661366, 43.3099427], [-3.3675125, 43.3111269], [-3.3706131, 43.3120444], [-3.3722827, 43.3128495], [-3.3747833, 43.3144352], [-3.3758659, 43.3140084], [-3.3767278, 43.3137985], [-3.3778858, 43.3136146], [-3.3790577, 43.3136738], [-3.3796533, 43.3142662], [-3.3798411, 43.3147248], [-3.3847841, 43.3202822], [-3.3926338, 43.3231372], [-3.3931688, 43.3238647], [-3.3959489, 43.3265385], [-3.3974456, 43.3271907], [-3.4033425, 43.3292323], [-3.4078911, 43.330657], [-3.4122255, 43.331362], [-3.4168532, 43.3316605], [-3.4189767, 43.331923], [-3.4272417, 43.3319737], [-3.4316811, 43.3317951], [-3.4317146, 43.3313088], [-3.4318961, 43.3308038], [-3.4322015, 43.3303885], [-3.4327419, 43.3300533], [-3.435505, 43.3300609], [-3.4365402, 43.3299399], [-3.4379932, 43.3295832], [-3.4413035, 43.3285171], [-3.4418559, 43.3281548], [-3.4419282, 43.3279204], [-3.4417289, 43.327651], [-3.4396449, 43.3260112], [-3.4385051, 43.3253041], [-3.4379465, 43.324802], [-3.4374611, 43.3241915], [-3.4373468, 43.3237327], [-3.4373796, 43.3231473], [-3.4375355, 43.3225254], [-3.438338, 43.3209286], [-3.4376455, 43.3206791], [-3.4378369, 43.3198499], [-3.4386623, 43.3180099], [-3.4397832, 43.3161146], [-3.4415963, 43.3144509], [-3.444539, 43.3155111], [-3.4454918, 43.3159486], [-3.4476152, 43.3145897], [-3.4480319, 43.3142369], [-3.4481903, 43.3139752], [-3.4476267, 43.3127888], [-3.4457945, 43.3101305], [-3.4458482, 43.3090408], [-3.4464066, 43.307832], [-3.4467489, 43.3074345], [-3.4471918, 43.3072977], [-3.447611, 43.307287], [-3.4489223, 43.3078762], [-3.4501362, 43.3086279], [-3.4504817, 43.3086626], [-3.4509498, 43.3085887], [-3.4511575, 43.3083357], [-3.4512999, 43.3075788], [-3.4507879, 43.3067074], [-3.4477357, 43.3041169], [-3.4458214, 43.3019903], [-3.4452107, 43.3010922], [-3.4446854, 43.3000677], [-3.4444625, 43.2982496], [-3.4472536, 43.2972213], [-3.4485516, 43.2977115], [-3.4492185, 43.297862], [-3.449687, 43.2978601], [-3.4540512, 43.2962042], [-3.4546322, 43.296418], [-3.4550609, 43.2960381], [-3.4550589, 43.295768], [-3.4555359, 43.2952709], [-3.4561376, 43.2949443], [-3.4582381, 43.2939365], [-3.4628234, 43.2922433], [-3.4653989, 43.2921248], [-3.4673964, 43.2921798], [-3.4673486, 43.2923781], [-3.4653494, 43.2953307], [-3.4633936, 43.2991475], [-3.4643622, 43.3000711], [-3.4730814, 43.3035924], [-3.4737107, 43.3036528]]]}, "properties": {"nombre": "Ampuero", "ine": "39002"}}, {"type": "Feature", "geometry": {"type": "Polygon", "coordinates": [[[-3.5529986, 43.4231233], [-3.5475444, 43.4265711], [-3.543236, 43.4269427], [-3.5417743, 43.4265084], [-3.5405687, 43.4257036], [-3.5383273, 43.4237061], [-3.5365314, 43.4217785], [-3.5244759, 43.4248416], [-3.5222865, 43.4259591], [-3.5208773, 43.4258664], [-3.5154725, 43.4251704], [-3.4973701, 43.423233], [-3.4914729, 43.4226911], [-3.4915697, 43.4232152], [-3.4895358, 43.4237007], [-3.4884259, 43.4244769], [-3.4870695, 43.427701], [-3.4857542, 43.4301786], [-3.4843155, 43.4316115], [-3.4822603, 43.4321487], [-3.4790541, 43.4323577], [-3.4732995, 43.4318801], [-3.4619675, 43.4328085], [-3.4570417, 43.4324422], [-3.4577799, 43.4222505], [-3.4586416, 43.4167257], [-3.4610959, 43.4111744], [-3.4627422, 43.403627], [-3.4641266, 43.400226], [-3.4652767, 43.396722], [-3.4653672, 43.3960318], [-3.4653183, 43.394714], [-3.4648969, 43.3928026], [-3.4640714, 43.3908184], [-3.4661335, 43.3852023], [-3.4666701, 43.3827149], [-3.4669185, 43.3796884], [-3.466917, 43.3778695], [-3.4671039, 43.376482], [-3.4677648, 43.3757409], [-3.4710162, 43.3731704], [-3.4723213, 43.3727418], [-3.4751915, 43.3719916], [-3.4755912, 43.3710175], [-3.4758758, 43.3707016], [-3.476873, 43.3703743], [-3.4777096, 43.3704144], [-3.4781212, 43.3725378], [-3.4783701, 43.3728069], [-3.4792142, 43.3734067], [-3.4794886, 43.3737657], [-3.4794529, 43.373937], [-3.4790842, 43.3741366], [-3.4782955, 43.374302], [-3.4779649, 43.3746455], [-3.4776984, 43.375295], [-3.4776056, 43.3760607], [-3.4777573, 43.3765193], [-3.4787503, 43.3772086], [-3.4792584, 43.3774586], [-3.4796071, 43.3778533], [-3.4807716, 43.3783797], [-3.4806987, 43.3785241], [-3.4802442, 43.3788052], [-3.4803819, 43.3790567], [-3.4806677, 43.3792896], [-3.480609, 43.3796681], [-3.4808089, 43.3799734], [-3.4812939, 43.3804306], [-3.4816898, 43.380537], [-3.482625, 43.3801459], [-3.4834673, 43.3805025], [-3.4850237, 43.380622], [-3.48521, 43.3807563], [-3.4854423, 43.382025], [-3.4859148, 43.3824552], [-3.4857948, 43.3828879], [-3.4862103, 43.3839037], [-3.4864587, 43.3840917], [-3.4880783, 43.384373], [-3.491977, 43.3840503], [-3.4927925, 43.3841368], [-3.4933992, 43.3843504], [-3.4937008, 43.3850064], [-3.4940118, 43.3852932], [-3.4941753, 43.3856707], [-3.4969332, 43.3877569], [-3.497478, 43.3879436], [-3.4982065, 43.3879495], [-3.4989138, 43.3883876], [-3.4997094, 43.3890505], [-3.5002158, 43.3890753], [-3.5015206, 43.3885834], [-3.5039904, 43.3871499], [-3.5053715, 43.3869367], [-3.506954, 43.3871909], [-3.5080451, 43.3877534], [-3.5085523, 43.3878682], [-3.5090832, 43.3878659], [-3.5098706, 43.3875292], [-3.5110381, 43.3868847], [-3.5115308, 43.3867475], [-3.5120368, 43.3867182], [-3.5140653, 43.3857006], [-3.5149601, 43.3849313], [-3.5168404, 43.3839053], [-3.5176299, 43.3838297], [-3.5177563, 43.3827216], [-3.5180294, 43.3814507], [-3.519827, 43.3808754], [-3.523219, 43.3805358], [-3.5237485, 43.3818121], [-3.5305128, 43.3774409], [-3.5320987, 43.3780999], [-3.5348392, 43.37951], [-3.5399553, 43.3828898], [-3.5425864, 43.3844442], [-3.5451699, 43.3861879], [-3.547993, 43.387093], [-3.562359, 43.3905265], [-3.565276, 43.3921961], [-3.5612014, 43.396241], [-3.5575836, 43.4016794], [-3.5553065, 43.4038695], [-3.5553863, 43.4044904], [-3.5548212, 43.4048263], [-3.5532074, 43.4161798], [-3.5536452, 43.416781], [-3.5543484, 43.4180382], [-3.5532798, 43.4200784], [-3.553058, 43.4215022], [-3.5529986, 43.4231233]]]}, "properties": {"nombre": "Bárcena de Cicero", "ine": "39009"}}, {"type": "Feature", "geometry": {"type": "Polygon", "coordinates": [[[-3.8610704, 43.3900484], [-3.858247, 43.3978991], [-3.8549641, 43.4006791], [-3.8505773, 43.404899], [-3.8459075, 43.4092469], [-3.8438501, 43.4123357], [-3.84179, 43.4132041], [-3.8414476, 43.4131922], [-3.8406419, 43.4127456], [-3.8402963, 43.4118935], [-3.8394587, 43.4110881], [-3.837315, 43.4101026], [-3.8366879, 43.4096727], [-3.8356741, 43.4083621], [-3.8353822, 43.4071509], [-3.8351392, 43.4069424], [-3.8340529, 43.4068017], [-3.8324216, 43.4068847], [-3.8319201, 43.4068017], [-3.8301793, 43.4061749], [-3.8296366, 43.4062093], [-3.8292845, 43.4063504], [-3.8282913, 43.4076767], [-3.8275126, 43.4074154], [-3.8265729, 43.408332], [-3.8263152, 43.4088648], [-3.8262532, 43.4094778], [-3.8260579, 43.4100296], [-3.8254652, 43.4105432], [-3.8233269, 43.4118124], [-3.8220488, 43.4122514], [-3.8216167, 43.4122839], [-3.8214488, 43.4122138], [-3.8211296, 43.41192], [-3.8206113, 43.409456], [-3.8203586, 43.4088008], [-3.8199045, 43.4081127], [-3.8193164, 43.4068576], [-3.8192281, 43.4068881], [-3.8191707, 43.4067926], [-3.8194137, 43.406472], [-3.8189178, 43.4063276], [-3.8189324, 43.4062498], [-3.8185549, 43.406099], [-3.8175401, 43.407492], [-3.8173673, 43.4074989], [-3.8173475, 43.4074318], [-3.818288, 43.4061753], [-3.8175843, 43.4058716], [-3.8168833, 43.4059795], [-3.8169459, 43.4060972], [-3.8168936, 43.4061073], [-3.8167631, 43.4057898], [-3.8169326, 43.40592], [-3.8175883, 43.4058022], [-3.8178029, 43.4055177], [-3.8182704, 43.4052116], [-3.818181, 43.4050508], [-3.8166537, 43.4055192], [-3.8166182, 43.405449], [-3.8184777, 43.4048745], [-3.8183262, 43.4046045], [-3.8170551, 43.4049539], [-3.8166073, 43.4043284], [-3.8170871, 43.404182], [-3.816967, 43.4039796], [-3.8164931, 43.4040458], [-3.8160868, 43.4034102], [-3.8167415, 43.4032081], [-3.8166675, 43.4030834], [-3.8160356, 43.403278], [-3.8159006, 43.4030136], [-3.8164311, 43.4028189], [-3.8163761, 43.4027419], [-3.8164458, 43.4026572], [-3.8161686, 43.4024012], [-3.815751, 43.4024155], [-3.8154798, 43.402783], [-3.8157489, 43.4023259], [-3.8161193, 43.4023217], [-3.8160011, 43.4018511], [-3.8160528, 43.4012567], [-3.8149684, 43.3993237], [-3.8145845, 43.3991876], [-3.8141096, 43.3993023], [-3.8138122, 43.3991582], [-3.8136008, 43.3983125], [-3.8135075, 43.3982567], [-3.8135239, 43.3981531], [-3.8133589, 43.3978387], [-3.8133738, 43.3974778], [-3.8135267, 43.3973876], [-3.8134427, 43.3971961], [-3.8125624, 43.3964767], [-3.8109269, 43.3955692], [-3.8100308, 43.394997], [-3.8097574, 43.3947411], [-3.8085107, 43.3946767], [-3.8101033, 43.3931385], [-3.8113564, 43.392454], [-3.8122509, 43.392329], [-3.8143253, 43.3922507], [-3.8162037, 43.3919854], [-3.8168292, 43.3921043], [-3.8186745, 43.3930161], [-3.8200784, 43.3933731], [-3.8213605, 43.393433], [-3.8227349, 43.393385], [-3.8233303, 43.3934515], [-3.825305, 43.3939101], [-3.8278587, 43.3941818], [-3.8290367, 43.3938284], [-3.8306627, 43.393799], [-3.8329793, 43.3946731], [-3.8333843, 43.3947692], [-3.8347667, 43.3948353], [-3.8356551, 43.3945008], [-3.8368503, 43.393785], [-3.8399903, 43.3912636], [-3.8402752, 43.3909054], [-3.8405042, 43.3904238], [-3.840736, 43.3901936], [-3.8416573, 43.3895217], [-3.8423885, 43.3891237], [-3.8429297, 43.38908], [-3.8433104, 43.389213], [-3.8442966, 43.3900725], [-3.8445399, 43.3901928], [-3.8450884, 43.3902653], [-3.8458893, 43.3899874], [-3.8463791, 43.3895876], [-3.8468093, 43.3887526], [-3.8470295, 43.388506], [-3.8485201, 43.387459], [-3.848775, 43.3870836], [-3.8498087, 43.3860158], [-3.8575979, 43.3877736], [-3.8610704, 43.3900484]]]}, "properties": {"nombre": "El Astillero", "ine": "39008"}}, {"type": "Feature", "geometry": {"type": "Polygon", "coordinates": [[[-3.7668841, 43.2826194], [-3.7634189, 43.285452], [-3.7642878, 43.2879045], [-3.7653546, 43.2894282], [-3.7661031, 43.2901436], [-3.7663928, 43.290637], [-3.7667638, 43.2919311], [-3.7619086, 43.2954097], [-3.748334, 43.2995737], [-3.7455241, 43.3007867], [-3.7447381, 43.3009433], [-3.7445427, 43.3012053], [-3.7447415, 43.3014945], [-3.744822, 43.3018864], [-3.7447396, 43.3020858], [-3.7441415, 43.302578], [-3.743445, 43.3028002], [-3.7432796, 43.3030016], [-3.743279, 43.3032608], [-3.7426356, 43.3043376], [-3.7417657, 43.3050985], [-3.7416593, 43.306103], [-3.7410688, 43.3083672], [-3.7408234, 43.3087182], [-3.7402508, 43.3091619], [-3.7400306, 43.3095977], [-3.7400452, 43.3100078], [-3.739831, 43.3102736], [-3.7395626, 43.3103896], [-3.7376192, 43.3106358], [-3.7360976, 43.3100286], [-3.7352867, 43.3096373], [-3.7345408, 43.309112], [-3.7342297, 43.3090255], [-3.7336595, 43.3096547], [-3.7335982, 43.3098436], [-3.7330039, 43.3101234], [-3.7324962, 43.3101429], [-3.7317466, 43.3099058], [-3.7308835, 43.3098305], [-3.7300754, 43.3099211], [-3.7299261, 43.3100801], [-3.7297992, 43.3104665], [-3.728393, 43.3114524], [-3.7279286, 43.311562], [-3.7276357, 43.3119454], [-3.7269038, 43.3121055], [-3.7261611, 43.3121], [-3.7255306, 43.3119146], [-3.7250823, 43.3116748], [-3.7246108, 43.311374], [-3.7245875, 43.3111631], [-3.7238113, 43.3113678], [-3.72289, 43.3118471], [-3.720941, 43.3119389], [-3.7206017, 43.3121616], [-3.7204917, 43.3124307], [-3.7200998, 43.3128182], [-3.719307, 43.3127599], [-3.7180353, 43.3131239], [-3.7179695, 43.3132304], [-3.7175351, 43.3133971], [-3.7173049, 43.3135739], [-3.7166661, 43.3136911], [-3.7160703, 43.3136472], [-3.7156152, 43.3138067], [-3.714037, 43.3137175], [-3.7114602, 43.3156877], [-3.7099452, 43.3166483], [-3.7081111, 43.3152613], [-3.7077965, 43.314714], [-3.7050791, 43.3143345], [-3.7025775, 43.3134224], [-3.7017825, 43.312923], [-3.7009666, 43.3127478], [-3.6996611, 43.3118103], [-3.6992614, 43.3113625], [-3.6982094, 43.3110267], [-3.6973732, 43.3101493], [-3.6964323, 43.3098219], [-3.695797, 43.3092584], [-3.694325, 43.3088531], [-3.6934821, 43.308462], [-3.6931081, 43.3081041], [-3.6927193, 43.3075301], [-3.6921234, 43.3071735], [-3.6883447, 43.3055844], [-3.6822328, 43.3089457], [-3.6776459, 43.3048106], [-3.6766846, 43.3037357], [-3.6755065, 43.3020047], [-3.6750236, 43.3018275], [-3.6758042, 43.3001662], [-3.675272, 43.2975217], [-3.6757175, 43.2965556], [-3.6762414, 43.2948686], [-3.6793041, 43.2931306], [-3.6808411, 43.2927793], [-3.6811724, 43.2924853], [-3.6800224, 43.2923159], [-3.6783839, 43.2912991], [-3.6774454, 43.2911515], [-3.6787344, 43.2873349], [-3.6799298, 43.2862022], [-3.6771791, 43.2837962], [-3.677127, 43.2824278], [-3.6792272, 43.2795338], [-3.6820167, 43.2787879], [-3.6830114, 43.2773592], [-3.6825605, 43.2767135], [-3.6824357, 43.2721488], [-3.6838757, 43.2719782], [-3.6862823, 43.2689922], [-3.6880022, 43.2674241], [-3.6887514, 43.2672035], [-3.6887569, 43.264403], [-3.6876281, 43.2637344], [-3.686955, 43.263045], [-3.6863524, 43.2620491], [-3.6873664, 43.2611821], [-3.6918101, 43.2619803], [-3.6949504, 43.2618353], [-3.6976156, 43.2621703], [-3.6985147, 43.2610572], [-3.6999261, 43.2605714], [-3.7023513, 43.2603945], [-3.7031936, 43.2607765], [-3.7059091, 43.2601295], [-3.7075413, 43.2595702], [-3.7081766, 43.259098], [-3.7108577, 43.2565601], [-3.7119078, 43.2557431], [-3.7127032, 43.2552789], [-3.7146987, 43.2563021], [-3.7158316, 43.2573126], [-3.7168214, 43.256613], [-3.7197089, 43.2559466], [-3.7207598, 43.2552196], [-3.7219892, 43.2549958], [-3.7230161, 43.2553585], [-3.7261709, 43.2554376], [-3.7270325, 43.2553691], [-3.728752, 43.2559526], [-3.729749, 43.2569097], [-3.7301963, 43.2572311], [-3.7329923, 43.2581948], [-3.7364962, 43.2596221], [-3.7378057, 43.2599109], [-3.7378264, 43.2606131], [-3.7402192, 43.2618404], [-3.7409206, 43.2627813], [-3.7415396, 43.2630205], [-3.7418273, 43.2633788], [-3.7418674, 43.2636397], [-3.7415872, 43.2639026], [-3.7415426, 43.2642901], [-3.7426426, 43.2655797], [-3.7435215, 43.2659162], [-3.7452812, 43.2677418], [-3.7456585, 43.2683696], [-3.7459134, 43.2690614], [-3.7458072, 43.2694493], [-3.7459963, 43.2697992], [-3.7463578, 43.270139], [-3.7478202, 43.2708229], [-3.7475044, 43.2711941], [-3.7478662, 43.271561], [-3.7486445, 43.271718], [-3.7485303, 43.2724571], [-3.7495929, 43.2726843], [-3.7497747, 43.2734395], [-3.7500637, 43.2738969], [-3.7525394, 43.2747812], [-3.7539766, 43.2754021], [-3.7549452, 43.275999], [-3.7569629, 43.2767151], [-3.7582745, 43.2781292], [-3.7588602, 43.2786476], [-3.7592445, 43.2788252], [-3.7608383, 43.2791388], [-3.7616453, 43.2796107], [-3.7624867, 43.2798752], [-3.7649576, 43.280354], [-3.7664141, 43.2815059], [-3.7667294, 43.2820801], [-3.7668841, 43.2826194]]]}, "properties": {"nombre": "Miera", "ine": "39045"}}, {"type": "Feature", "geometry": {"type": "MultiPolygon", "coordinates": [[[[-4.0351779, 43.4349085], [-4.0341293, 43.4350588], [-4.0345406, 43.4363144], [-4.0348026, 43.4368691], [-4.0356884, 43.4382863], [-4.0364014, 43.4391073], [-4.036298, 43.4391405], [-4.0356135, 43.4383085], [-4.0347363, 43.4368742], [-4.0340904, 43.435142], [-4.0329031, 43.4352604], [-4.0318515, 43.4356252], [-4.0309849, 43.4363308], [-4.0307266, 43.4371109], [-4.0308636, 43.437568], [-4.031204, 43.4378805], [-4.0319542, 43.4375795], [-4.0318579, 43.4379611], [-4.0319421, 43.4380647], [-4.032271, 43.4380967], [-4.0322521, 43.4381891], [-4.0323443, 43.4382401], [-4.0326292, 43.4381327], [-4.032817, 43.4384085], [-4.0326629, 43.4385877], [-4.033168, 43.4390389], [-4.0337229, 43.4387321], [-4.0338836, 43.438772], [-4.033916, 43.4390189], [-4.0340547, 43.4391355], [-4.0341022, 43.4390378], [-4.0342645, 43.4391907], [-4.0340376, 43.4392195], [-4.0337688, 43.4391332], [-4.0335858, 43.4392221], [-4.0331592, 43.4392384], [-4.0330999, 43.4393631], [-4.0333457, 43.4394431], [-4.0332066, 43.43959], [-4.033188, 43.4397802], [-4.0332891, 43.4400678], [-4.0338253, 43.4402341], [-4.034072, 43.4404024], [-4.033084, 43.440818], [-4.03245, 43.4406948], [-4.0321909, 43.4403273], [-4.0317647, 43.4404815], [-4.0315021, 43.4404656], [-4.031466, 43.4406536], [-4.0311032, 43.4407489], [-4.0308657, 43.4406638], [-4.0304296, 43.4409678], [-4.0299719, 43.4409444], [-4.029567, 43.4410355], [-4.0281428, 43.4408957], [-4.027429, 43.4409927], [-4.026746, 43.440875], [-4.0257058, 43.4408422], [-4.0252328, 43.4409942], [-4.0250022, 43.4409838], [-4.0248636, 43.4410758], [-4.0246734, 43.4409878], [-4.0244545, 43.441069], [-4.0244107, 43.4411685], [-4.0236421, 43.4413381], [-4.0235135, 43.4414931], [-4.024245, 43.4415786], [-4.0236716, 43.4415966], [-4.0235507, 43.4417085], [-4.0231502, 43.4426238], [-4.0230527, 43.443333], [-4.0243763, 43.4435472], [-4.0244232, 43.4435843], [-4.0241986, 43.4439716], [-4.0244845, 43.4441461], [-4.0244588, 43.4442481], [-4.0246356, 43.4444939], [-4.0238603, 43.4443883], [-4.0237434, 43.4442277], [-4.0231445, 43.4441734], [-4.0232063, 43.4443269], [-4.0231128, 43.4443412], [-4.0228598, 43.4441746], [-4.0225631, 43.4442419], [-4.0223171, 43.4445855], [-4.0222842, 43.4448745], [-4.0217666, 43.44561], [-4.0208772, 43.4462177], [-4.0203024, 43.4464776], [-4.0198035, 43.4469203], [-4.0198871, 43.4473162], [-4.0204668, 43.4476162], [-4.0205956, 43.4477895], [-4.0209989, 43.4477698], [-4.0211004, 43.4479059], [-4.021348, 43.447799], [-4.0221422, 43.4483963], [-4.0219258, 43.4485319], [-4.0218298, 43.4487057], [-4.0219153, 43.4488635], [-4.0215062, 43.4488578], [-4.0211755, 43.4489751], [-4.0199218, 43.4483362], [-4.0197791, 43.4484448], [-4.0196013, 43.4484531], [-4.0196028, 43.4482107], [-4.019467, 43.4480244], [-4.0192786, 43.447974], [-4.0191482, 43.4481185], [-4.018754, 43.4478497], [-4.0184475, 43.4478645], [-4.0182772, 43.448002], [-4.0176511, 43.448011], [-4.0167442, 43.4477404], [-4.0165501, 43.4478793], [-4.0158507, 43.4478206], [-4.0148535, 43.448111], [-4.0141558, 43.4479311], [-4.0134443, 43.4475558], [-4.0134673, 43.4474506], [-4.0133522, 43.4474797], [-4.0132784, 43.4472503], [-4.013003, 43.4469736], [-4.0124159, 43.4466071], [-4.0121868, 43.4463636], [-4.0116741, 43.4461689], [-4.0115164, 43.4460154], [-4.0109212, 43.4460215], [-4.0104981, 43.445919], [-4.0102764, 43.4457211], [-4.0100685, 43.4452045], [-4.0097004, 43.4449869], [-4.008829, 43.4449586], [-4.0087878, 43.4448877], [-4.0090354, 43.4447646], [-4.0090683, 43.4446024], [-4.0088554, 43.4444412], [-4.0084758, 43.4439205], [-4.0080553, 43.4436655], [-4.0076417, 43.4435593], [-4.0072835, 43.4433278], [-4.0065163, 43.4431513], [-4.0061704, 43.4432548], [-4.0059169, 43.443038], [-4.0056877, 43.442588], [-4.0054753, 43.4424753], [-4.0052856, 43.4424752], [-4.0049853, 43.4421204], [-4.0048355, 43.4421127], [-4.0047716, 43.4419788], [-4.0044895, 43.4420029], [-4.004424, 43.4425223], [-4.0043086, 43.4425999], [-4.0041386, 43.4425762], [-4.0037748, 43.4423184], [-4.0037841, 43.4420745], [-4.0036636, 43.4420375], [-4.0035894, 43.441871], [-4.003645, 43.4417576], [-4.0034955, 43.4416467], [-4.003269, 43.4416085], [-4.0031434, 43.4418095], [-4.003084, 43.4415409], [-4.0029341, 43.4417541], [-4.0028573, 43.4417357], [-4.0027078, 43.4413459], [-4.0025208, 43.441157], [-4.0025068, 43.4409205], [-4.002718, 43.4403742], [-4.0026655, 43.4402659], [-4.0019124, 43.43985], [-4.0010672, 43.4396258], [-3.9994467, 43.439636], [-3.9988963, 43.4397375], [-3.9987936, 43.4398085], [-3.998816, 43.4402694], [-3.9985473, 43.4404997], [-3.9983259, 43.4405165], [-3.9981969, 43.440676], [-3.9981212, 43.4407031], [-3.9980024, 43.4405231], [-3.9978008, 43.4406035], [-3.9975285, 43.4409006], [-3.9972193, 43.4409326], [-3.9969368, 43.4411816], [-3.9962343, 43.4414776], [-3.9959667, 43.4416795], [-3.9941224, 43.4422889], [-3.9936996, 43.4426222], [-3.9929046, 43.4427439], [-3.9926663, 43.4428768], [-3.9920162, 43.4430406], [-3.9908512, 43.4432251], [-3.9907452, 43.4432892], [-3.990804, 43.4433818], [-3.9905081, 43.4434283], [-3.9901385, 43.4436904], [-3.9900947, 43.4438135], [-3.9898869, 43.4438457], [-3.9896704, 43.4440468], [-3.9892481, 43.4440819], [-3.9887812, 43.4443283], [-3.9876203, 43.4446632], [-3.9872619, 43.4450546], [-3.98726, 43.4452386], [-3.9869775, 43.4453608], [-3.9869303, 43.4456154], [-3.9867958, 43.445756], [-3.9864659, 43.4456017], [-3.986028, 43.4457735], [-3.9852796, 43.4458283], [-3.985104, 43.4460919], [-3.9851111, 43.4462379], [-3.9850237, 43.4462872], [-3.9848803, 43.446207], [-3.9847988, 43.4454235], [-3.9847276, 43.4453581], [-3.9845003, 43.4454314], [-3.9844385, 43.4453541], [-3.984344, 43.4450693], [-3.9843388, 43.4446489], [-3.9841912, 43.4446643], [-3.9839157, 43.444952], [-3.9841283, 43.4443167], [-3.9839112, 43.4437991], [-3.9833063, 43.4435774], [-3.9828526, 43.4435741], [-3.9826809, 43.4434648], [-3.982028, 43.4435774], [-3.9818555, 43.4434601], [-3.9818106, 43.4427953], [-3.9819414, 43.4425433], [-3.9818938, 43.4423697], [-3.9819557, 43.4421201], [-3.9821752, 43.441809], [-3.981899, 43.4417361], [-3.9820536, 43.4412697], [-3.9831324, 43.4392074], [-3.9831735, 43.4386937], [-3.9830049, 43.4381999], [-3.982566, 43.4378075], [-3.9819324, 43.4375968], [-3.9810446, 43.4377125], [-3.9786246, 43.4385977], [-3.977976, 43.4389904], [-3.9756142, 43.4416523], [-3.974863, 43.4420469], [-3.9740639, 43.4422789], [-3.9732328, 43.4422557], [-3.972162, 43.4420933], [-3.9711392, 43.4416175], [-3.9701664, 43.4413171], [-3.9685037, 43.4401156], [-3.9679514, 43.4398678], [-3.9670642, 43.439798], [-3.9663975, 43.4398719], [-3.9657025, 43.4401509], [-3.9651205, 43.4405612], [-3.9644598, 43.4414824], [-3.9637914, 43.4421904], [-3.9630455, 43.442692], [-3.9612293, 43.4434996], [-3.9605442, 43.4439376], [-3.9586001, 43.4444762], [-3.9573535, 43.4445767], [-3.9564491, 43.4444312], [-3.9554549, 43.4440793], [-3.9547156, 43.4434371], [-3.9534437, 43.441926], [-3.9530224, 43.4410651], [-3.9520885, 43.4398212], [-3.9519852, 43.4395429], [-3.9523126, 43.4383516], [-3.9523217, 43.437361], [-3.9526855, 43.4369167], [-3.9532371, 43.436633], [-3.9584663, 43.4367784], [-3.9599084, 43.4365502], [-3.9605729, 43.4363735], [-3.9611232, 43.4360087], [-3.9614982, 43.4355013], [-3.961628, 43.435113], [-3.9615605, 43.4347534], [-3.9608451, 43.4332736], [-3.9579542, 43.4285975], [-3.956568, 43.4260878], [-3.9561556, 43.4250017], [-3.9560312, 43.4241653], [-3.9561052, 43.4233723], [-3.9568295, 43.4207278], [-3.9573181, 43.4195892], [-3.9575732, 43.4185335], [-3.9591806, 43.4186281], [-3.9625023, 43.416205], [-3.9715247, 43.4126619], [-3.9735608, 43.4117712], [-3.9766228, 43.4101603], [-3.9780211, 43.409554], [-3.9782271, 43.4077693], [-3.9783718, 43.4044814], [-3.9803529, 43.4032668], [-3.9827933, 43.4029668], [-3.9854302, 43.4010711], [-3.9870708, 43.3994733], [-3.9874405, 43.3992902], [-3.9897178, 43.3997014], [-3.9937169, 43.3995768], [-3.998044, 43.3991249], [-4.0018546, 43.3980561], [-4.002741, 43.3978952], [-4.0038645, 43.397129], [-4.0059007, 43.3985428], [-4.0074043, 43.4006007], [-4.0067241, 43.401291], [-4.0098343, 43.4026683], [-4.0139658, 43.4023256], [-4.0154499, 43.4017182], [-4.0155811, 43.4006995], [-4.0183447, 43.4012782], [-4.0171032, 43.4023608], [-4.0148913, 43.4059823], [-4.0208972, 43.4084051], [-4.0297071, 43.4122792], [-4.0304262, 43.4117054], [-4.0313707, 43.4120481], [-4.0326917, 43.4127385], [-4.0329426, 43.4129704], [-4.0334734, 43.413677], [-4.0339074, 43.4145015], [-4.0340319, 43.4152837], [-4.0335437, 43.4163597], [-4.0324978, 43.4173236], [-4.0321063, 43.4175432], [-4.0313636, 43.4181802], [-4.026849, 43.4207601], [-4.025557, 43.4217982], [-4.025275, 43.4226562], [-4.0251664, 43.4235396], [-4.0254443, 43.4246357], [-4.0261509, 43.4255118], [-4.0266139, 43.4258588], [-4.0276745, 43.4264796], [-4.0306178, 43.4273806], [-4.0318636, 43.4279907], [-4.0324263, 43.4283818], [-4.0333679, 43.4292647], [-4.0339298, 43.4303402], [-4.0351779, 43.4349085]]], [[[-4.0220422, 43.4511256], [-4.0218488, 43.4512159], [-4.0212658, 43.4511453], [-4.0213071, 43.4507425], [-4.0207488, 43.4505948], [-4.0216792, 43.4505713], [-4.0217326, 43.4505537], [-4.0216321, 43.4505042], [-4.0216949, 43.4504718], [-4.0220369, 43.450472], [-4.0223878, 43.4505778], [-4.0221911, 43.4506895], [-4.0225387, 43.4507064], [-4.0227361, 43.4508407], [-4.0224662, 43.4510036], [-4.0227763, 43.4511497], [-4.0227438, 43.4512094], [-4.0220422, 43.4511256]]], [[[-4.0159089, 43.4524245], [-4.0156156, 43.4523771], [-4.015539, 43.4522686], [-4.015918, 43.4520724], [-4.0163464, 43.4521764], [-4.0162363, 43.4523616], [-4.0159089, 43.4524245]]], [[[-4.0129409, 43.4525211], [-4.0131508, 43.4522848], [-4.0133105, 43.4522667], [-4.0135899, 43.4524853], [-4.0138412, 43.4524972], [-4.0139736, 43.4526442], [-4.0136774, 43.4528496], [-4.0130708, 43.4529742], [-4.0129522, 43.4528877], [-4.0129991, 43.4526954], [-4.0129409, 43.4525211]]], [[[-4.0264144, 43.4530767], [-4.0243785, 43.4531521], [-4.0239776, 43.4530435], [-4.0235792, 43.4531005], [-4.0233311, 43.4528285], [-4.0231925, 43.4528402], [-4.0229999, 43.4530956], [-4.0220542, 43.453039], [-4.0216571, 43.4529296], [-4.0210997, 43.4529607], [-4.0209593, 43.4526969], [-4.0210547, 43.452611], [-4.0218316, 43.4525285], [-4.0246702, 43.4526039], [-4.0262077, 43.4527167], [-4.0263066, 43.4527721], [-4.0264144, 43.4530767]]], [[[-4.0160568, 43.453175], [-4.0157953, 43.4531277], [-4.0158646, 43.4529711], [-4.0154474, 43.4529001], [-4.0154065, 43.4526875], [-4.0158519, 43.4526756], [-4.0159553, 43.4525881], [-4.0162732, 43.4526805], [-4.0161833, 43.4527801], [-4.0161737, 43.4529578], [-4.0160826, 43.4529891], [-4.0161584, 43.4530772], [-4.0160568, 43.453175]]]]}, "properties": {"nombre": "Miengo", "ine": "39044"}}, {"type": "Feature", "geometry": {"type": "Polygon", "coordinates": [[[-3.4640714, 43.3908184], [-3.4648969, 43.3928026], [-3.4653183, 43.394714], [-3.4653672, 43.3960318], [-3.4651096, 43.3973705], [-3.4641266, 43.400226], [-3.4627422, 43.403627], [-3.4529124, 43.4020847], [-3.451115, 43.4008691], [-3.4506662, 43.4008293], [-3.4475286, 43.3994776], [-3.4400332, 43.3953902], [-3.438751, 43.3956742], [-3.4377134, 43.3956241], [-3.4351511, 43.3947424], [-3.433366, 43.3937586], [-3.431313, 43.3932981], [-3.4308226, 43.3920393], [-3.4233149, 43.3866193], [-3.422593, 43.3804358], [-3.4194403, 43.3779531], [-3.4146216, 43.3773132], [-3.4128294, 43.3769774], [-3.4109859, 43.3763537], [-3.4083397, 43.3756697], [-3.4048115, 43.3741424], [-3.4064492, 43.3735423], [-3.4070038, 43.3734143], [-3.4121171, 43.3738644], [-3.4243597, 43.3735228], [-3.4275581, 43.3807687], [-3.4287305, 43.3807103], [-3.4296179, 43.3805089], [-3.4302331, 43.3802184], [-3.4310192, 43.3796572], [-3.4319052, 43.3792487], [-3.4327636, 43.3784351], [-3.4333786, 43.3781266], [-3.434426, 43.3778615], [-3.4350281, 43.377472], [-3.4362686, 43.3783138], [-3.4372592, 43.3787423], [-3.4386323, 43.3791422], [-3.4412561, 43.3800597], [-3.4447858, 43.3816309], [-3.4504826, 43.3847906], [-3.4523271, 43.386401], [-3.4551633, 43.3885894], [-3.4562614, 43.3891499], [-3.4590459, 43.3900032], [-3.4624812, 43.3903857], [-3.4635819, 43.3906154], [-3.4640714, 43.3908184]]]}, "properties": {"nombre": "Colindres", "ine": "39023"}}, {"type": "Feature", "geometry": {"type": "Polygon", "coordinates": [[[-4.7334977, 43.1942414], [-4.7338889, 43.1946224], [-4.7344699, 43.1946504], [-4.7351328, 43.1950807], [-4.7361777, 43.1954876], [-4.7365222, 43.1957637], [-4.7371275, 43.1959957], [-4.7375956, 43.1968711], [-4.7375665, 43.1971059], [-4.7374101, 43.1972438], [-4.7375771, 43.1975012], [-4.7376169, 43.1980711], [-4.7375379, 43.1982486], [-4.7370581, 43.1987454], [-4.7369601, 43.1991574], [-4.736931, 43.1998802], [-4.7365264, 43.2003259], [-4.736417, 43.2008608], [-4.7359243, 43.2012636], [-4.7356173, 43.2017088], [-4.7357697, 43.2023463], [-4.7356328, 43.2026891], [-4.7356148, 43.2038088], [-4.7360231, 43.20441], [-4.7364834, 43.2053699], [-4.7364754, 43.2055057], [-4.7362473, 43.2057435], [-4.7361928, 43.2059504], [-4.7364659, 43.2069392], [-4.7363693, 43.2070476], [-4.7360292, 43.2071515], [-4.7357439, 43.2074976], [-4.7357423, 43.2078577], [-4.7355763, 43.2080951], [-4.7356694, 43.208364], [-4.7355647, 43.2090227], [-4.7346043, 43.209297], [-4.7329457, 43.2099992], [-4.7328894, 43.2101707], [-4.7329562, 43.2112429], [-4.7326881, 43.2117495], [-4.7310979, 43.2129894], [-4.7298315, 43.2134852], [-4.7295169, 43.2144965], [-4.72968, 43.2150941], [-4.72955, 43.2157516], [-4.7289992, 43.2162807], [-4.7277587, 43.2167852], [-4.7278142, 43.2170103], [-4.7282724, 43.2175866], [-4.728126, 43.218004], [-4.7283467, 43.2184507], [-4.729097, 43.2193113], [-4.7292685, 43.2196809], [-4.7294975, 43.2208108], [-4.7300924, 43.2214219], [-4.7307121, 43.2224122], [-4.7308257, 43.2229436], [-4.7306671, 43.2234413], [-4.7304268, 43.2237067], [-4.7299806, 43.2239547], [-4.7295598, 43.2243222], [-4.7292178, 43.224435], [-4.728627, 43.224444], [-4.7276545, 43.2249573], [-4.7271469, 43.226095], [-4.7260434, 43.2265349], [-4.7251704, 43.2267836], [-4.7246722, 43.2274588], [-4.723269, 43.2285852], [-4.722475, 43.2289908], [-4.7210105, 43.2295085], [-4.7247964, 43.2369985], [-4.7249189, 43.2370614], [-4.7248679, 43.2379141], [-4.724694, 43.2381544], [-4.7245321, 43.2391981], [-4.7239737, 43.2397941], [-4.7231562, 43.2403988], [-4.7226021, 43.2405756], [-4.7215854, 43.2396237], [-4.72074, 43.2392358], [-4.7198813, 43.2389533], [-4.7190283, 43.2388401], [-4.7171595, 43.2389582], [-4.7158995, 43.2392652], [-4.715521, 43.2385055], [-4.7154403, 43.2378224], [-4.7154957, 43.2371642], [-4.7159907, 43.2359322], [-4.7170904, 43.2343039], [-4.7182899, 43.232728], [-4.7175209, 43.2312178], [-4.7171423, 43.2308903], [-4.714592, 43.2295329], [-4.7137522, 43.2290052], [-4.7124446, 43.2284845], [-4.7108715, 43.2281569], [-4.7085006, 43.2288046], [-4.7073717, 43.2289476], [-4.7058481, 43.2290694], [-4.7051387, 43.2288008], [-4.7053452, 43.2300223], [-4.7053728, 43.2314537], [-4.7053137, 43.2319858], [-4.7049087, 43.2329193], [-4.7020919, 43.2334835], [-4.7007596, 43.2338455], [-4.6985045, 43.2364544], [-4.6975936, 43.2373593], [-4.6963008, 43.2400349], [-4.6951426, 43.2422402], [-4.6940957, 43.2440206], [-4.6921592, 43.2479302], [-4.6915426, 43.2487948], [-4.6909596, 43.2490915], [-4.6893698, 43.2486198], [-4.6886518, 43.2484953], [-4.6878579, 43.2487411], [-4.686698, 43.2486682], [-4.6845704, 43.2483484], [-4.6826595, 43.2487367], [-4.6808373, 43.2487725], [-4.6802693, 43.2491681], [-4.6776799, 43.2481796], [-4.6760355, 43.2479606], [-4.6753024, 43.2477282], [-4.6745633, 43.2472798], [-4.6735901, 43.2468258], [-4.6723435, 43.246736], [-4.6715092, 43.2468562], [-4.669318, 43.2460058], [-4.668149, 43.2460498], [-4.6670135, 43.2464176], [-4.6657012, 43.2466258], [-4.664156, 43.2473326], [-4.663477, 43.2477297], [-4.6626598, 43.24848], [-4.6614468, 43.249173], [-4.6597664, 43.2494405], [-4.6592189, 43.2496915], [-4.6587248, 43.2500949], [-4.6583443, 43.2510549], [-4.656316, 43.2530293], [-4.6556137, 43.2534807], [-4.6555539, 43.2540038], [-4.6551944, 43.2548284], [-4.6540425, 43.2555114], [-4.6525173, 43.2560558], [-4.6508178, 43.2560803], [-4.6498242, 43.2562387], [-4.6489687, 43.2564942], [-4.6482684, 43.2565673], [-4.645751, 43.2564145], [-4.6447801, 43.2565005], [-4.6440948, 43.2566724], [-4.6432054, 43.2570454], [-4.6419117, 43.2584147], [-4.641089, 43.2589757], [-4.6400566, 43.2595308], [-4.6357722, 43.2545857], [-4.6298324, 43.2512848], [-4.6283895, 43.250156], [-4.6150608, 43.2447138], [-4.6120259, 43.2440633], [-4.6051109, 43.241063], [-4.6045853, 43.2407462], [-4.6079998, 43.2380419], [-4.6038272, 43.2334451], [-4.6008335, 43.2319923], [-4.5987145, 43.2314906], [-4.5950394, 43.2322353], [-4.595284, 43.2274504], [-4.5874926, 43.2299541], [-4.5839611, 43.2310115], [-4.5817399, 43.2317896], [-4.579344, 43.2324801], [-4.5781002, 43.2329565], [-4.5734143, 43.2317604], [-4.5720938, 43.2311752], [-4.5664719, 43.2270832], [-4.565076, 43.226427], [-4.5624712, 43.2256882], [-4.5601981, 43.2249178], [-4.5596206, 43.2244844], [-4.5574299, 43.22211], [-4.5570407, 43.2213319], [-4.5569636, 43.2207207], [-4.5570961, 43.2196383], [-4.5576693, 43.2174874], [-4.558433, 43.215568], [-4.5577897, 43.2144782], [-4.5572082, 43.2138828], [-4.5542255, 43.213266], [-4.5533715, 43.2126022], [-4.5520592, 43.2113414], [-4.5513405, 43.2101895], [-4.5508298, 43.2084946], [-4.5504462, 43.2079325], [-4.5499412, 43.2074351], [-4.5492521, 43.2069581], [-4.5487802, 43.2063072], [-4.5485291, 43.2056262], [-4.5473489, 43.2037422], [-4.5468378, 43.203488], [-4.545861, 43.2033121], [-4.5434346, 43.2032548], [-4.5420353, 43.2029225], [-4.541385, 43.202517], [-4.5390743, 43.2016747], [-4.5370742, 43.1999636], [-4.5367195, 43.1995632], [-4.5337148, 43.198523], [-4.5318735, 43.1977372], [-4.5301036, 43.1968514], [-4.5266361, 43.1959972], [-4.525116, 43.1957474], [-4.5237064, 43.1930107], [-4.5231811, 43.1921803], [-4.5224803, 43.1882455], [-4.5213986, 43.1853244], [-4.5209142, 43.1836559], [-4.5199138, 43.1820214], [-4.5186746, 43.1806781], [-4.5185185, 43.180338], [-4.5184734, 43.1800054], [-4.5180078, 43.1790931], [-4.5164227, 43.1781866], [-4.5158243, 43.1773751], [-4.515544, 43.1764874], [-4.5148806, 43.1755326], [-4.5134233, 43.1748135], [-4.5128591, 43.1743888], [-4.5124999, 43.1737902], [-4.5122987, 43.1731175], [-4.5121922, 43.1722905], [-4.5144552, 43.1702705], [-4.5164364, 43.1682992], [-4.5170178, 43.1679313], [-4.5195624, 43.1673573], [-4.5209244, 43.1672131], [-4.5228035, 43.1665938], [-4.5233457, 43.1666316], [-4.5237301, 43.1667526], [-4.5248306, 43.1674763], [-4.5264591, 43.1676617], [-4.5286618, 43.1676863], [-4.5295381, 43.1678007], [-4.5302684, 43.16798], [-4.5309791, 43.1683577], [-4.532829, 43.1685401], [-4.5353064, 43.1692182], [-4.5360077, 43.1692178], [-4.5371555, 43.1693645], [-4.53848, 43.1696889], [-4.546833, 43.1701616], [-4.5497637, 43.1697797], [-4.5507286, 43.1699918], [-4.5524579, 43.169293], [-4.5579757, 43.1676061], [-4.5596755, 43.1672048], [-4.5625435, 43.1667874], [-4.5626353, 43.1655616], [-4.5665497, 43.1637341], [-4.5690107, 43.1613591], [-4.5699369, 43.1600587], [-4.5711673, 43.1591144], [-4.5759617, 43.1580489], [-4.5791352, 43.1580502], [-4.5817061, 43.1575824], [-4.5825696, 43.156724], [-4.5876001, 43.1567174], [-4.5995143, 43.1579651], [-4.6014439, 43.1569656], [-4.6060896, 43.155883], [-4.6099306, 43.1569546], [-4.6114508, 43.1591033], [-4.6121412, 43.1591656], [-4.6141963, 43.1596679], [-4.6139816, 43.1641283], [-4.6129086, 43.1668269], [-4.6181825, 43.1727495], [-4.6304495, 43.1709275], [-4.6332422, 43.1718511], [-4.6347946, 43.171937], [-4.637165, 43.1731638], [-4.6375117, 43.1737081], [-4.6381558, 43.1743292], [-4.6400242, 43.1742664], [-4.6411328, 43.1743135], [-4.6419373, 43.1744911], [-4.642359, 43.1750793], [-4.643294, 43.1759934], [-4.6444504, 43.1778227], [-4.6450553, 43.1783543], [-4.6471613, 43.1793415], [-4.6479381, 43.1794024], [-4.6486218, 43.1792034], [-4.6511418, 43.180941], [-4.6535695, 43.181077], [-4.6537028, 43.1819125], [-4.6537425, 43.1852077], [-4.6571559, 43.1853834], [-4.6584398, 43.1855359], [-4.6595984, 43.1924167], [-4.6599686, 43.1929065], [-4.660682, 43.1933464], [-4.6616551, 43.1938275], [-4.6627721, 43.1941715], [-4.6604598, 43.1983112], [-4.661168, 43.1990123], [-4.6617162, 43.1997067], [-4.662472, 43.200344], [-4.6658493, 43.2027802], [-4.6669364, 43.2038269], [-4.6688036, 43.2050423], [-4.6705855, 43.2067362], [-4.6726768, 43.2062374], [-4.6736206, 43.206989], [-4.675366, 43.2086923], [-4.6768621, 43.2084813], [-4.6798191, 43.2085729], [-4.6821661, 43.2097631], [-4.6831002, 43.2101545], [-4.6859971, 43.2111924], [-4.6877065, 43.2115724], [-4.6893468, 43.2103416], [-4.6917263, 43.2082443], [-4.6933068, 43.2066361], [-4.6946282, 43.205455], [-4.696448, 43.2040503], [-4.6974759, 43.2033867], [-4.6981836, 43.2027188], [-4.6994187, 43.2010977], [-4.7003539, 43.2002013], [-4.7005159, 43.1998297], [-4.7005649, 43.1993788], [-4.7004678, 43.198984], [-4.7000865, 43.1985484], [-4.699956, 43.1982802], [-4.7012327, 43.1981622], [-4.701984, 43.198178], [-4.7035053, 43.1980023], [-4.7040644, 43.1981921], [-4.7054288, 43.1981267], [-4.7061991, 43.1983854], [-4.7068984, 43.1987441], [-4.7080692, 43.1983575], [-4.7100367, 43.1978508], [-4.7112044, 43.1973561], [-4.7121207, 43.1979907], [-4.7131659, 43.1979571], [-4.7141585, 43.1982393], [-4.7182317, 43.2008436], [-4.7186789, 43.2009899], [-4.719267, 43.2008911], [-4.7202888, 43.2004615], [-4.721986, 43.1995355], [-4.7234332, 43.1984781], [-4.7253709, 43.1977916], [-4.72697, 43.196885], [-4.7290152, 43.1952153], [-4.7304744, 43.1945899], [-4.7334977, 43.1942414]]]}, "properties": {"nombre": "Cillorigo de Liébana", "ine": "39022"}}, {"type": "Feature", "geometry": {"type": "Polygon", "coordinates": [[[-4.1868541, 43.1915066], [-4.1867143, 43.1925239], [-4.1847817, 43.1956866], [-4.1845367, 43.1963825], [-4.184238, 43.1987628], [-4.1840646, 43.1993409], [-4.1836693, 43.1999033], [-4.1822841, 43.2014754], [-4.1822943, 43.2020066], [-4.1851012, 43.2033013], [-4.1854155, 43.2049098], [-4.1847666, 43.205727], [-4.1828568, 43.2075477], [-4.1826715, 43.2094316], [-4.1820615, 43.2103563], [-4.181774, 43.2126825], [-4.1819563, 43.2131939], [-4.1819532, 43.2143105], [-4.1816188, 43.2148453], [-4.1811351, 43.2153005], [-4.1809115, 43.2158341], [-4.1806235, 43.2162242], [-4.1801987, 43.2165438], [-4.1795767, 43.2168473], [-4.1796173, 43.220872], [-4.1793407, 43.221217], [-4.1792157, 43.2217586], [-4.1792235, 43.2221638], [-4.1805834, 43.2237256], [-4.1806311, 43.2242834], [-4.1804227, 43.2249699], [-4.1800315, 43.2257573], [-4.1789878, 43.2271908], [-4.1778245, 43.2275269], [-4.177393, 43.2281437], [-4.1770536, 43.2284263], [-4.1775352, 43.2297721], [-4.1769762, 43.2314437], [-4.1770314, 43.2336763], [-4.1773573, 43.2352488], [-4.1778302, 43.2367837], [-4.1784647, 43.240316], [-4.1796189, 43.2420421], [-4.1796064, 43.2426725], [-4.1800757, 43.243379], [-4.1798409, 43.2465331], [-4.1786973, 43.2466349], [-4.1779259, 43.246877], [-4.175367, 43.2470473], [-4.1738234, 43.2474864], [-4.1729092, 43.247991], [-4.1720993, 43.2481524], [-4.1704711, 43.248043], [-4.1671838, 43.2481305], [-4.1664491, 43.2483631], [-4.165521, 43.2487868], [-4.161211, 43.2495149], [-4.1605628, 43.2497646], [-4.1578999, 43.2503048], [-4.1570457, 43.2507367], [-4.1552287, 43.2510612], [-4.154969, 43.2510097], [-4.1545409, 43.2518245], [-4.1544045, 43.2524292], [-4.1537179, 43.2532555], [-4.1535585, 43.2539505], [-4.1531953, 43.2542873], [-4.1508091, 43.2544914], [-4.1474955, 43.2545156], [-4.1467486, 43.2540999], [-4.1451257, 43.2536209], [-4.1443354, 43.2535207], [-4.1425019, 43.2529717], [-4.1417662, 43.2525018], [-4.1401005, 43.251699], [-4.1336401, 43.2500882], [-4.132176, 43.2495264], [-4.1311499, 43.2493294], [-4.1272877, 43.2483049], [-4.1270811, 43.24846], [-4.124909, 43.2475719], [-4.1246195, 43.2472325], [-4.1242227, 43.2470924], [-4.1232099, 43.2469402], [-4.1218836, 43.246494], [-4.1214578, 43.2461109], [-4.1208959, 43.2443515], [-4.1179247, 43.2421834], [-4.1171077, 43.2419572], [-4.1142849, 43.2418406], [-4.1136795, 43.2417385], [-4.1125868, 43.2412538], [-4.1078568, 43.2412366], [-4.1072963, 43.2415752], [-4.1063746, 43.2423675], [-4.1046084, 43.2441495], [-4.1041435, 43.244325], [-4.1034497, 43.244782], [-4.103404, 43.2449805], [-4.098266, 43.2435261], [-4.0977979, 43.2435216], [-4.0955028, 43.2412293], [-4.0915155, 43.2393493], [-4.0844329, 43.2393175], [-4.083104, 43.2393931], [-4.0820546, 43.23925], [-4.0813222, 43.2389237], [-4.0806491, 43.2384708], [-4.077264, 43.2378813], [-4.0764252, 43.2378082], [-4.07325, 43.237946], [-4.0721997, 43.2377487], [-4.0718516, 43.2375629], [-4.0713107, 43.2369196], [-4.0707563, 43.2355021], [-4.0701048, 43.2348688], [-4.0723927, 43.2318939], [-4.0707603, 43.2308015], [-4.0686316, 43.2287863], [-4.0679762, 43.2286304], [-4.066598, 43.2286882], [-4.0674927, 43.2277344], [-4.0674594, 43.2272394], [-4.0672143, 43.2266024], [-4.0667104, 43.2259497], [-4.0661719, 43.2254325], [-4.0658041, 43.2248146], [-4.0657462, 43.2243198], [-4.0659844, 43.2238584], [-4.0664212, 43.2234851], [-4.0672319, 43.2233695], [-4.0688816, 43.2233541], [-4.069605, 43.2231763], [-4.0699082, 43.2229123], [-4.0701792, 43.2222164], [-4.0701008, 43.221956], [-4.0697141, 43.2216715], [-4.0680719, 43.2214076], [-4.0673169, 43.2211806], [-4.066931, 43.220941], [-4.0671773, 43.2202364], [-4.068741, 43.2188261], [-4.0693729, 43.2169382], [-4.0697467, 43.2164844], [-4.0704287, 43.2160548], [-4.0701031, 43.2157427], [-4.0678339, 43.2148184], [-4.0671852, 43.2143292], [-4.0667194, 43.2137392], [-4.0663421, 43.2125721], [-4.0668453, 43.2124864], [-4.0684642, 43.2114267], [-4.0704263, 43.2102828], [-4.0725673, 43.208813], [-4.0745249, 43.2088307], [-4.078314, 43.2086871], [-4.0851838, 43.210108], [-4.0933372, 43.2034211], [-4.0950688, 43.2038818], [-4.0954741, 43.2038329], [-4.0963989, 43.2039231], [-4.0968941, 43.2040804], [-4.0981609, 43.2047076], [-4.0989389, 43.2048443], [-4.1011015, 43.2046254], [-4.1086106, 43.202599], [-4.1095399, 43.2022568], [-4.1104431, 43.2018339], [-4.1124892, 43.2006344], [-4.1157349, 43.199072], [-4.1176814, 43.1984948], [-4.1210297, 43.1978407], [-4.1221075, 43.197551], [-4.1230535, 43.1974607], [-4.1242003, 43.1975756], [-4.1260536, 43.1979626], [-4.1297318, 43.1991871], [-4.1308238, 43.1996715], [-4.1340002, 43.2003785], [-4.134645, 43.2006333], [-4.1351571, 43.2010334], [-4.1358299, 43.2021344], [-4.1361781, 43.202329], [-4.136957, 43.2025104], [-4.1385088, 43.202558], [-4.1395269, 43.2030251], [-4.1419937, 43.2039551], [-4.1437336, 43.2048382], [-4.1499355, 43.2060368], [-4.1503617, 43.2057894], [-4.1514012, 43.2047704], [-4.1532128, 43.2022669], [-4.1547213, 43.2006669], [-4.154829, 43.1998464], [-4.1549721, 43.1996018], [-4.1558911, 43.1993854], [-4.1575083, 43.1983335], [-4.1580098, 43.1981664], [-4.1588451, 43.1980769], [-4.1595962, 43.1980963], [-4.1602828, 43.1979543], [-4.1614192, 43.1975196], [-4.1621913, 43.1973406], [-4.1638406, 43.1973419], [-4.1654855, 43.1971091], [-4.1672795, 43.1963074], [-4.1675777, 43.1958091], [-4.1677038, 43.1953216], [-4.167613, 43.194431], [-4.1697849, 43.1953814], [-4.171762, 43.1957934], [-4.1750208, 43.1950036], [-4.1774987, 43.194573], [-4.1789053, 43.1941173], [-4.1838146, 43.19277], [-4.1851386, 43.1925042], [-4.1868541, 43.1915066]]]}, "properties": {"nombre": "Cieza", "ine": "39021"}}, {"type": "Feature", "geometry": {"type": "MultiPolygon", "coordinates": [[[[-3.3349749, 43.4145886], [-3.334881, 43.4150121], [-3.3344612, 43.415052], [-3.3337217, 43.4146733], [-3.3336998, 43.4151848], [-3.3328075, 43.4153108], [-3.3335418, 43.4156463], [-3.3333227, 43.415791], [-3.3337499, 43.4159815], [-3.3337738, 43.4162985], [-3.333274, 43.4163791], [-3.3324626, 43.4162728], [-3.3320577, 43.4159973], [-3.3308825, 43.4156856], [-3.3306146, 43.415716], [-3.3311939, 43.4161484], [-3.3306319, 43.416159], [-3.329874, 43.4158217], [-3.3300877, 43.4160372], [-3.3295626, 43.4160252], [-3.3288138, 43.4157365], [-3.3289987, 43.4156595], [-3.3281432, 43.4154272], [-3.3277118, 43.4154611], [-3.3279012, 43.4155881], [-3.3278372, 43.4157323], [-3.3268053, 43.4157088], [-3.3271026, 43.4155691], [-3.3263389, 43.4157004], [-3.3264788, 43.41591], [-3.3253684, 43.4163644], [-3.3255753, 43.4163961], [-3.3255757, 43.4165088], [-3.3249807, 43.4168577], [-3.3248668, 43.4172741], [-3.3250308, 43.4174627], [-3.3245726, 43.4176877], [-3.3249195, 43.4178782], [-3.3246863, 43.4180518], [-3.3247592, 43.4182572], [-3.3244298, 43.4182424], [-3.3239984, 43.4184287], [-3.3241229, 43.4186043], [-3.3237011, 43.4188966], [-3.3237448, 43.4191295], [-3.3231327, 43.4187357], [-3.3230161, 43.417965], [-3.3227945, 43.4178292], [-3.3232668, 43.4176538], [-3.3239138, 43.4171345], [-3.3247416, 43.4167111], [-3.3249515, 43.4163157], [-3.3251394, 43.4163408], [-3.3250419, 43.4162395], [-3.3253013, 43.4159388], [-3.3249387, 43.4158837], [-3.324903, 43.4158138], [-3.3251624, 43.415502], [-3.3256219, 43.4155238], [-3.325619, 43.4153629], [-3.325826, 43.415257], [-3.3257627, 43.4150249], [-3.325517, 43.414823], [-3.3260776, 43.414563], [-3.3266527, 43.4147027], [-3.3269115, 43.4145759], [-3.3268117, 43.4143898], [-3.326899, 43.4141024], [-3.3265909, 43.4135305], [-3.325732, 43.4111351], [-3.3259167, 43.4103602], [-3.3246499, 43.4097199], [-3.3251558, 43.4089424], [-3.3248242, 43.4077763], [-3.3250719, 43.4076715], [-3.3249277, 43.4075895], [-3.3249277, 43.4074938], [-3.325097, 43.4073367], [-3.3249855, 43.4071284], [-3.3253319, 43.4068597], [-3.3261944, 43.4067558], [-3.3262602, 43.4065485], [-3.3261291, 43.4059158], [-3.3260878, 43.4051607], [-3.3261094, 43.4032435], [-3.3257179, 43.4027396], [-3.3233146, 43.401243], [-3.3191518, 43.3989356], [-3.3170079, 43.3981972], [-3.3165383, 43.3987204], [-3.3167418, 43.3993787], [-3.316789, 43.400452], [-3.3158226, 43.4023363], [-3.3150468, 43.4024063], [-3.3149519, 43.4025695], [-3.3145661, 43.4026391], [-3.3129482, 43.4035203], [-3.3124988, 43.4036352], [-3.3125152, 43.4039517], [-3.3126346, 43.4041155], [-3.3134133, 43.4045411], [-3.3136437, 43.4047693], [-3.3135248, 43.4047969], [-3.3136029, 43.4048891], [-3.3134935, 43.4049399], [-3.3137397, 43.4050134], [-3.3136903, 43.4052912], [-3.313801, 43.405361], [-3.31387, 43.4055469], [-3.3136176, 43.4055694], [-3.3136094, 43.4056546], [-3.3138113, 43.405774], [-3.3138765, 43.4059255], [-3.313745, 43.406175], [-3.313394, 43.406304], [-3.313043, 43.406562], [-3.3127361, 43.406471], [-3.3125831, 43.406232], [-3.3120384, 43.4058464], [-3.3121295, 43.4057848], [-3.3121744, 43.4059003], [-3.3124268, 43.4060581], [-3.3128034, 43.405961], [-3.3128604, 43.4057693], [-3.3133288, 43.4056224], [-3.3133196, 43.4054345], [-3.3134574, 43.4052793], [-3.3134546, 43.4051338], [-3.3133131, 43.4050406], [-3.313512, 43.4049831], [-3.3134726, 43.4049464], [-3.3129382, 43.405123], [-3.3131698, 43.4052733], [-3.3131807, 43.4053425], [-3.3130706, 43.4053863], [-3.3122178, 43.4049194], [-3.3119094, 43.405082], [-3.3119778, 43.4051979], [-3.3118815, 43.4055903], [-3.3120395, 43.4056648], [-3.3118676, 43.4060617], [-3.3116554, 43.4059184], [-3.3117222, 43.4058119], [-3.3116822, 43.405671], [-3.311378, 43.4056278], [-3.3110393, 43.4058944], [-3.3108757, 43.4059315], [-3.310586, 43.4058438], [-3.3105143, 43.4061898], [-3.3107141, 43.4072883], [-3.3110277, 43.4075884], [-3.3113499, 43.4076665], [-3.3114666, 43.4078251], [-3.3113929, 43.407908], [-3.3116744, 43.4079342], [-3.3117839, 43.4083146], [-3.3115849, 43.4084583], [-3.3110953, 43.4082758], [-3.3109516, 43.4083331], [-3.3109352, 43.4084456], [-3.3107878, 43.408472], [-3.3108331, 43.4086147], [-3.3105755, 43.4087419], [-3.3109947, 43.4091114], [-3.311053, 43.4092403], [-3.3108101, 43.4092141], [-3.311192, 43.4094674], [-3.3111539, 43.4096002], [-3.3109148, 43.4095141], [-3.3107241, 43.4092489], [-3.3103395, 43.4092149], [-3.3101007, 43.4090805], [-3.3099957, 43.4092917], [-3.3097434, 43.4092134], [-3.3097251, 43.4093701], [-3.3094249, 43.4092939], [-3.3089724, 43.4089557], [-3.3081437, 43.4087391], [-3.307787, 43.4091646], [-3.3074402, 43.4091853], [-3.3069184, 43.4094492], [-3.3066315, 43.4093555], [-3.3065077, 43.4093958], [-3.3065104, 43.4094814], [-3.3053107, 43.4094136], [-3.3047553, 43.4095555], [-3.3041242, 43.4093131], [-3.3044909, 43.4096673], [-3.3042734, 43.4096236], [-3.3042044, 43.4095243], [-3.3040878, 43.4095599], [-3.303145, 43.4093706], [-3.3025369, 43.4093289], [-3.3024535, 43.4093864], [-3.3019974, 43.4091549], [-3.3016251, 43.409138], [-3.3013023, 43.4089118], [-3.3013633, 43.4091338], [-3.3012024, 43.4091897], [-3.3007252, 43.4091058], [-3.2999033, 43.4088108], [-3.2994339, 43.4088727], [-3.2989725, 43.4085422], [-3.2986754, 43.4081562], [-3.2979115, 43.4078001], [-3.2981744, 43.4081217], [-3.2980655, 43.4083389], [-3.2978094, 43.4081568], [-3.2975288, 43.4078728], [-3.2977109, 43.4074656], [-3.2970781, 43.4068735], [-3.2966539, 43.406757], [-3.2968465, 43.4069816], [-3.2962824, 43.4070442], [-3.2957526, 43.4068133], [-3.2957533, 43.4069709], [-3.2953152, 43.407026], [-3.2947031, 43.4068656], [-3.2944978, 43.4065599], [-3.2937592, 43.4063034], [-3.2931297, 43.4063635], [-3.2940862, 43.4059686], [-3.2943189, 43.4057023], [-3.2940919, 43.405611], [-3.2916257, 43.4056668], [-3.2914104, 43.4054657], [-3.2907349, 43.4053206], [-3.2909073, 43.4055199], [-3.2907819, 43.4055951], [-3.2902853, 43.4055667], [-3.2895763, 43.4052921], [-3.2899217, 43.405194], [-3.2887132, 43.4048035], [-3.2889265, 43.4046035], [-3.2877806, 43.4045824], [-3.2874223, 43.4042098], [-3.2860077, 43.4040414], [-3.2838626, 43.4041285], [-3.2833624, 43.4035985], [-3.2830225, 43.40353], [-3.2831924, 43.4034189], [-3.2827627, 43.4034361], [-3.282852, 43.4032604], [-3.2821014, 43.403309], [-3.2813159, 43.4030183], [-3.2803034, 43.4030613], [-3.2785267, 43.4034393], [-3.2785997, 43.4031916], [-3.278252, 43.4033185], [-3.2782903, 43.4030554], [-3.2780858, 43.4029046], [-3.2776176, 43.4031399], [-3.2772336, 43.4028662], [-3.2771115, 43.4023712], [-3.2766629, 43.4023093], [-3.2758739, 43.4026021], [-3.2752032, 43.4022993], [-3.2747187, 43.402476], [-3.2742978, 43.4022637], [-3.2742245, 43.4024457], [-3.2732819, 43.4022919], [-3.2736555, 43.4027769], [-3.2735847, 43.4028005], [-3.2719159, 43.4024166], [-3.2715642, 43.4022301], [-3.2711209, 43.4022787], [-3.2702034, 43.4021654], [-3.2701489, 43.4023969], [-3.2704126, 43.4025268], [-3.270141, 43.40268], [-3.2695829, 43.4027286], [-3.2686339, 43.402477], [-3.2674501, 43.4026172], [-3.2672421, 43.4027504], [-3.2667229, 43.4026283], [-3.2655492, 43.402862], [-3.265307, 43.4027504], [-3.2651521, 43.4020691], [-3.2648734, 43.4018689], [-3.26468, 43.4019319], [-3.26444, 43.4025742], [-3.2641484, 43.4027243], [-3.2636168, 43.4025949], [-3.2636013, 43.4024166], [-3.2633582, 43.4027486], [-3.2630375, 43.4028349], [-3.2589645, 43.4025352], [-3.2580728, 43.4028254], [-3.2579624, 43.4030012], [-3.2573842, 43.403], [-3.2541698, 43.4017761], [-3.2521822, 43.401255], [-3.2510925, 43.4007656], [-3.2500319, 43.400124], [-3.2502, 43.3998696], [-3.2499891, 43.3996198], [-3.2477395, 43.3991231], [-3.2467925, 43.3985354], [-3.246119, 43.398435], [-3.2455801, 43.3986028], [-3.2440941, 43.3985142], [-3.2431792, 43.3982298], [-3.2433825, 43.3985264], [-3.2432135, 43.3985533], [-3.2422335, 43.3981858], [-3.2431792, 43.39874], [-3.2430553, 43.3987579], [-3.2412249, 43.3979959], [-3.240865, 43.3981117], [-3.2413709, 43.398475], [-3.2410247, 43.3983108], [-3.2412047, 43.3985536], [-3.2408154, 43.3984689], [-3.2409952, 43.3986621], [-3.2396643, 43.3984127], [-3.2391147, 43.398505], [-3.2380665, 43.3981307], [-3.2379285, 43.398248], [-3.237436, 43.3979582], [-3.2366613, 43.3978427], [-3.2360238, 43.3974704], [-3.2354864, 43.3973886], [-3.2354177, 43.3972087], [-3.2346226, 43.3969087], [-3.2345535, 43.3965981], [-3.2340685, 43.396356], [-3.2339126, 43.3965192], [-3.2333372, 43.3965961], [-3.2298558, 43.3958395], [-3.2304586, 43.3962508], [-3.2293814, 43.3961152], [-3.2291781, 43.3962506], [-3.2294747, 43.3963311], [-3.2282034, 43.3964507], [-3.2274207, 43.3961623], [-3.227518, 43.3957749], [-3.2278016, 43.3956753], [-3.2277208, 43.3955179], [-3.2265202, 43.3954258], [-3.2252345, 43.3950384], [-3.2250026, 43.3951046], [-3.2246906, 43.3948729], [-3.2240323, 43.3948544], [-3.2239692, 43.3944763], [-3.223687, 43.3943383], [-3.2234888, 43.3946217], [-3.2232521, 43.3946739], [-3.2231479, 43.3946061], [-3.2233372, 43.3944525], [-3.2230597, 43.3942923], [-3.2228739, 43.394476], [-3.2229014, 43.3944034], [-3.2228129, 43.3944697], [-3.2226198, 43.3944336], [-3.2229712, 43.3942465], [-3.2226922, 43.3942017], [-3.2228263, 43.3940721], [-3.2223932, 43.3941237], [-3.2223583, 43.3940468], [-3.2218607, 43.3940731], [-3.2219774, 43.3939737], [-3.2217736, 43.3940253], [-3.2219452, 43.3938382], [-3.2216234, 43.3938294], [-3.2216649, 43.393656], [-3.221905, 43.3936404], [-3.2221115, 43.3937778], [-3.2222711, 43.3936969], [-3.2218983, 43.3935965], [-3.2223161, 43.3933894], [-3.2222557, 43.3933135], [-3.2220973, 43.3933288], [-3.2222108, 43.3931798], [-3.2220579, 43.3931426], [-3.2221705, 43.3929743], [-3.2220826, 43.3929483], [-3.2223847, 43.3928599], [-3.2224415, 43.3928067], [-3.2223262, 43.3927548], [-3.222447, 43.3926603], [-3.2228059, 43.3926131], [-3.2227399, 43.3924561], [-3.2224562, 43.3925193], [-3.222533, 43.392476], [-3.2223655, 43.3923902], [-3.2224854, 43.3923124], [-3.2222969, 43.3923696], [-3.2223442, 43.3922429], [-3.2228047, 43.3920706], [-3.2227232, 43.3919974], [-3.2224605, 43.3919974], [-3.222412, 43.3919635], [-3.2224697, 43.3918564], [-3.2222618, 43.3919309], [-3.2224111, 43.3918198], [-3.2221868, 43.3918138], [-3.2224303, 43.3916931], [-3.2223616, 43.391574], [-3.2222225, 43.3915554], [-3.2221209, 43.3916967], [-3.2219799, 43.391739], [-3.2219835, 43.3915188], [-3.2216911, 43.3915372], [-3.2221547, 43.3912267], [-3.2227296, 43.3912893], [-3.2226299, 43.3912141], [-3.2227177, 43.3911928], [-3.2225731, 43.3911382], [-3.2227608, 43.3909966], [-3.2225401, 43.3908848], [-3.2224578, 43.3909766], [-3.2213451, 43.3911553], [-3.2218874, 43.3909363], [-3.2219121, 43.3907594], [-3.2221904, 43.3905771], [-3.2221179, 43.3905602], [-3.2225328, 43.3903975], [-3.2224816, 43.3905392], [-3.2226926, 43.3906619], [-3.2226834, 43.390764], [-3.222774, 43.3906656], [-3.2231137, 43.3905931], [-3.2231668, 43.3905146], [-3.2230661, 43.3905259], [-3.2230807, 43.3904427], [-3.2226195, 43.3904275], [-3.2228802, 43.3902438], [-3.2232977, 43.3902052], [-3.2234304, 43.3903456], [-3.223587, 43.3902897], [-3.2237609, 43.3900868], [-3.2238726, 43.3901081], [-3.2239142, 43.3899672], [-3.2233494, 43.3898877], [-3.2237348, 43.3897254], [-3.223787, 43.3896103], [-3.2237366, 43.3895977], [-3.2239152, 43.3894194], [-3.2244836, 43.3893017], [-3.2246512, 43.3893256], [-3.2246612, 43.3894261], [-3.2250814, 43.3894014], [-3.225043, 43.3894886], [-3.2253881, 43.3895977], [-3.2255401, 43.3895338], [-3.2255804, 43.3893635], [-3.2256664, 43.3893103], [-3.2257415, 43.3893755], [-3.2261972, 43.3890969], [-3.2263474, 43.3882159], [-3.2262616, 43.3874908], [-3.2254784, 43.3864538], [-3.2245557, 43.3854558], [-3.2241802, 43.3851751], [-3.2239368, 43.3852126], [-3.2236871, 43.3854406], [-3.223565, 43.385394], [-3.2235217, 43.3854985], [-3.2234275, 43.3853693], [-3.2234728, 43.3851639], [-3.2237923, 43.3850954], [-3.2234935, 43.3849957], [-3.2224206, 43.3848866], [-3.2217013, 43.3851277], [-3.2216291, 43.3854547], [-3.2212106, 43.3857959], [-3.2211324, 43.3859915], [-3.2208274, 43.3861326], [-3.2201005, 43.3862313], [-3.2201594, 43.3863098], [-3.2198989, 43.3864192], [-3.2192564, 43.3861993], [-3.219014, 43.3862782], [-3.2184485, 43.3862791], [-3.2184119, 43.3864172], [-3.2182703, 43.3864464], [-3.2179555, 43.3863249], [-3.2175529, 43.3864561], [-3.2173881, 43.3864178], [-3.2173432, 43.3863707], [-3.2175254, 43.386272], [-3.2173797, 43.3861438], [-3.2175665, 43.3858674], [-3.2174897, 43.3857794], [-3.21719, 43.3857165], [-3.2173555, 43.3854984], [-3.2170009, 43.3856431], [-3.2167942, 43.3856579], [-3.2166895, 43.3855714], [-3.2163487, 43.3857235], [-3.2158845, 43.3857875], [-3.2153282, 43.3855648], [-3.2152782, 43.3853858], [-3.2150764, 43.3854189], [-3.2158699, 43.3849672], [-3.2161761, 43.3848781], [-3.2164622, 43.3846151], [-3.2158181, 43.3849111], [-3.2151692, 43.3849499], [-3.2145129, 43.3848587], [-3.2143769, 43.3846626], [-3.2146239, 43.3843939], [-3.2150176, 43.3842317], [-3.2150073, 43.384151], [-3.2148475, 43.3841473], [-3.2144135, 43.3843554], [-3.2142752, 43.3843366], [-3.2140472, 43.3841165], [-3.2088965, 43.3811482], [-3.208905, 43.3810373], [-3.2090636, 43.3810105], [-3.2141392, 43.383957], [-3.2144237, 43.3837555], [-3.2146825, 43.3837478], [-3.2151646, 43.3834459], [-3.2154546, 43.3837776], [-3.2157321, 43.3837198], [-3.2164615, 43.3832141], [-3.2166419, 43.3829905], [-3.216699, 43.3830596], [-3.2161857, 43.3837377], [-3.2170825, 43.3838714], [-3.2174778, 43.3837616], [-3.2178203, 43.383237], [-3.2179777, 43.3828841], [-3.2178511, 43.3826782], [-3.2169138, 43.3831619], [-3.216851, 43.3831348], [-3.2173076, 43.3828225], [-3.2171817, 43.3824887], [-3.2170994, 43.3825027], [-3.2166618, 43.3813922], [-3.2167462, 43.3813799], [-3.2163597, 43.3803969], [-3.2158788, 43.3802096], [-3.2158263, 43.3803134], [-3.215394, 43.3802638], [-3.2154113, 43.3801266], [-3.2153017, 43.3801675], [-3.2154165, 43.3800857], [-3.2154305, 43.3799617], [-3.2158289, 43.379987], [-3.2158095, 43.3801508], [-3.2163441, 43.3803629], [-3.2163591, 43.3801971], [-3.2164501, 43.3801345], [-3.2138213, 43.3771156], [-3.2115839, 43.3791644], [-3.2113874, 43.3790555], [-3.2115283, 43.3787155], [-3.2133029, 43.3770846], [-3.2134495, 43.376844], [-3.2130426, 43.3762596], [-3.2130792, 43.3760589], [-3.213009, 43.3758193], [-3.2130863, 43.3752847], [-3.2129094, 43.3750279], [-3.2119811, 43.3745245], [-3.211062, 43.3741281], [-3.2099618, 43.3740015], [-3.2097475, 43.3740533], [-3.2095881, 43.3742182], [-3.2095159, 43.3743506], [-3.2095898, 43.3744838], [-3.2094351, 43.374633], [-3.2092677, 43.3745611], [-3.2091047, 43.3743583], [-3.2093382, 43.3738181], [-3.2089597, 43.3737794], [-3.208765, 43.373942], [-3.2084859, 43.3739172], [-3.2082212, 43.374085], [-3.2080739, 43.3742865], [-3.2081418, 43.3744599], [-3.2079209, 43.375001], [-3.2079231, 43.37509], [-3.2081077, 43.3751908], [-3.2080034, 43.3752933], [-3.2079947, 43.3755772], [-3.2078392, 43.3756891], [-3.2079446, 43.3758368], [-3.20803, 43.3762292], [-3.2078401, 43.3763808], [-3.2077178, 43.3763271], [-3.2074285, 43.3763939], [-3.2073093, 43.3762134], [-3.2072202, 43.3762378], [-3.2072105, 43.3760693], [-3.2073435, 43.3759799], [-3.2068773, 43.3760015], [-3.2066527, 43.3757674], [-3.206236, 43.3756879], [-3.2061799, 43.3755955], [-3.2062715, 43.3752024], [-3.2060239, 43.3748988], [-3.2060943, 43.3746914], [-3.2058478, 43.3743791], [-3.2056928, 43.3744354], [-3.2054956, 43.3743458], [-3.2057094, 43.3742579], [-3.2055273, 43.37399], [-3.2056294, 43.3738492], [-3.2054848, 43.3737971], [-3.2053715, 43.3738756], [-3.2054111, 43.3737461], [-3.2052492, 43.3738121], [-3.2051094, 43.3735626], [-3.2046583, 43.3732193], [-3.2041762, 43.3732605], [-3.2041133, 43.3736818], [-3.2039333, 43.3737591], [-3.2039601, 43.3738478], [-3.2038555, 43.3739121], [-3.2038495, 43.3740324], [-3.2035739, 43.3738566], [-3.2033177, 43.3734881], [-3.2031072, 43.3736021], [-3.2032791, 43.3738677], [-3.2029033, 43.3736635], [-3.2028309, 43.373686], [-3.202851, 43.3737971], [-3.2027464, 43.3737006], [-3.2027424, 43.3738751], [-3.202515, 43.3740643], [-3.2023591, 43.3738556], [-3.2023242, 43.3739609], [-3.2022004, 43.3739669], [-3.2021203, 43.373877], [-3.2019701, 43.373916], [-3.2019245, 43.3737386], [-3.2017958, 43.3736977], [-3.201535, 43.3733601], [-3.2016483, 43.3739102], [-3.2015785, 43.3741129], [-3.2013479, 43.3740973], [-3.201272, 43.3739879], [-3.2008302, 43.374109], [-3.2006371, 43.3739843], [-3.2001945, 43.3740174], [-3.200023, 43.3739721], [-3.1996476, 43.3736713], [-3.1994652, 43.3737581], [-3.1991849, 43.3735417], [-3.1988188, 43.3735329], [-3.1985479, 43.3731086], [-3.1984902, 43.3731143], [-3.1985631, 43.3733815], [-3.1984143, 43.3732452], [-3.1984515, 43.3733955], [-3.1983816, 43.3734096], [-3.1982879, 43.3730408], [-3.1981822, 43.3730808], [-3.1980848, 43.3730137], [-3.198154, 43.3729472], [-3.1980781, 43.3729359], [-3.198032, 43.3726655], [-3.1979301, 43.3727174], [-3.1978311, 43.372652], [-3.1974309, 43.371982], [-3.1974963, 43.3722307], [-3.1974115, 43.3722789], [-3.1971341, 43.3718581], [-3.1971876, 43.3718295], [-3.1969726, 43.3715667], [-3.1969153, 43.3716326], [-3.1967606, 43.3714764], [-3.1967487, 43.3713298], [-3.1965987, 43.3712042], [-3.1965115, 43.3712217], [-3.1964224, 43.3711289], [-3.1964161, 43.3712308], [-3.1961498, 43.3710874], [-3.1959776, 43.3712396], [-3.1958522, 43.3712113], [-3.1957354, 43.3712522], [-3.1957577, 43.3713229], [-3.1956308, 43.3712697], [-3.1955476, 43.3713263], [-3.1955927, 43.3714151], [-3.1955176, 43.371534], [-3.1955263, 43.3713985], [-3.1953901, 43.3713341], [-3.1954002, 43.3714482], [-3.1952588, 43.3714506], [-3.1952595, 43.3712821], [-3.195071, 43.3711762], [-3.1951515, 43.3711114], [-3.1951326, 43.3710339], [-3.1950405, 43.37111], [-3.1950445, 43.3709959], [-3.1949462, 43.3710495], [-3.1948568, 43.3709189], [-3.1948662, 43.370566], [-3.1950506, 43.3704047], [-3.1954134, 43.3704385], [-3.1954361, 43.3703095], [-3.1950586, 43.3702531], [-3.1949527, 43.3700649], [-3.1948124, 43.3700667], [-3.1948772, 43.3699884], [-3.1948189, 43.3699128], [-3.1948827, 43.3699068], [-3.1947726, 43.3694746], [-3.194784, 43.3693927], [-3.1950221, 43.3694415], [-3.1948497, 43.3692704], [-3.1950597, 43.3693479], [-3.195186, 43.369249], [-3.1951776, 43.3691358], [-3.195063, 43.3691356], [-3.1950925, 43.3692431], [-3.1949382, 43.3691355], [-3.1941822, 43.3691098], [-3.194949, 43.3690189], [-3.1951737, 43.3690834], [-3.1951528, 43.368781], [-3.1950643, 43.3686416], [-3.1951112, 43.3685909], [-3.1951863, 43.3687225], [-3.1951448, 43.3680449], [-3.1949429, 43.3679635], [-3.1951998, 43.367927], [-3.1954094, 43.3677744], [-3.195295, 43.3677437], [-3.1952588, 43.3675565], [-3.1950992, 43.3673908], [-3.1948804, 43.3674315], [-3.1946565, 43.3673574], [-3.1949785, 43.3670541], [-3.1948216, 43.3669508], [-3.194877, 43.366866], [-3.1946043, 43.3667051], [-3.1946995, 43.3668299], [-3.1946378, 43.3668747], [-3.1945051, 43.3667851], [-3.1943683, 43.3668289], [-3.1941375, 43.3667491], [-3.1941072, 43.3666484], [-3.1942225, 43.366552], [-3.1945922, 43.3666057], [-3.194501, 43.3665394], [-3.1945252, 43.3664409], [-3.1943133, 43.3662664], [-3.1941627, 43.3662688], [-3.1943616, 43.3661855], [-3.1939179, 43.3659066], [-3.1940118, 43.3657857], [-3.1939894, 43.3656587], [-3.1942357, 43.3657399], [-3.1942304, 43.3655069], [-3.1941553, 43.3654669], [-3.1942022, 43.365424], [-3.1939159, 43.3652617], [-3.1937413, 43.3653174], [-3.1936863, 43.365199], [-3.1938857, 43.3650528], [-3.1937274, 43.3650518], [-3.1937905, 43.3649583], [-3.1937248, 43.3648988], [-3.1939662, 43.3648247], [-3.1940748, 43.3648734], [-3.1943071, 43.3644531], [-3.1940299, 43.3639636], [-3.1943303, 43.3644068], [-3.1944348, 43.3642257], [-3.1946898, 43.3643038], [-3.1947783, 43.3642219], [-3.1945825, 43.3636525], [-3.1941747, 43.3632375], [-3.1933804, 43.3629835], [-3.1930181, 43.363049], [-3.1927191, 43.3638116], [-3.1927391, 43.3635923], [-3.1925394, 43.3635805], [-3.1924286, 43.3637123], [-3.1923105, 43.3637068], [-3.1921993, 43.3639142], [-3.1919458, 43.3639736], [-3.1916226, 43.3642252], [-3.19164, 43.3644972], [-3.1914555, 43.3647147], [-3.1912058, 43.3647776], [-3.1908872, 43.3653173], [-3.190729, 43.3654128], [-3.1905305, 43.3652549], [-3.1901711, 43.3652597], [-3.1901389, 43.3655044], [-3.1898533, 43.3657004], [-3.1896481, 43.365366], [-3.1897152, 43.3651608], [-3.1896281, 43.3648756], [-3.1896791, 43.3647937], [-3.1896295, 43.3647164], [-3.1895772, 43.3647654], [-3.1895215, 43.3646223], [-3.1896126, 43.3641515], [-3.1896683, 43.3641697], [-3.1896172, 43.36406], [-3.1894217, 43.3640398], [-3.1891373, 43.3637066], [-3.1889511, 43.3636467], [-3.1889576, 43.3638167], [-3.1886331, 43.3643455], [-3.1883394, 43.3645541], [-3.1883354, 43.3646507], [-3.1885191, 43.3647413], [-3.188558, 43.3648866], [-3.1881047, 43.3651177], [-3.1879545, 43.3650387], [-3.1878056, 43.365065], [-3.1878901, 43.3649529], [-3.1873736, 43.3651518], [-3.1872611, 43.3650679], [-3.1873614, 43.3652256], [-3.1871111, 43.3653478], [-3.1870489, 43.3652915], [-3.1868253, 43.3653545], [-3.186553, 43.3652581], [-3.1864417, 43.3653263], [-3.1864531, 43.3656784], [-3.1858502, 43.3657328], [-3.1856658, 43.3655588], [-3.1853848, 43.3655315], [-3.1848481, 43.3652412], [-3.18449, 43.3651476], [-3.1842558, 43.3649209], [-3.1841981, 43.364641], [-3.1844007, 43.3644967], [-3.1843363, 43.3644265], [-3.1844267, 43.3643149], [-3.1842484, 43.3639225], [-3.1840685, 43.3638636], [-3.1840392, 43.3637819], [-3.184116, 43.3637526], [-3.1840888, 43.3636804], [-3.1842899, 43.3638137], [-3.1844106, 43.3637864], [-3.1844986, 43.3635666], [-3.1844635, 43.36344], [-3.1843591, 43.3633891], [-3.1844943, 43.3633478], [-3.184436, 43.3632493], [-3.1844902, 43.3631221], [-3.1842863, 43.3630578], [-3.1841093, 43.362543], [-3.1841254, 43.3623324], [-3.1839997, 43.3621694], [-3.1839836, 43.3619927], [-3.1837311, 43.361675], [-3.1837962, 43.3616217], [-3.1836864, 43.361536], [-3.1837494, 43.3614015], [-3.1836274, 43.361007], [-3.1834065, 43.3609128], [-3.1833676, 43.360587], [-3.1831797, 43.3604631], [-3.182996, 43.3605552], [-3.1829495, 43.3604594], [-3.1828176, 43.3604373], [-3.182924, 43.3601315], [-3.1829063, 43.3599076], [-3.1826676, 43.3598772], [-3.1826017, 43.3602228], [-3.1824019, 43.3603037], [-3.1825065, 43.3599185], [-3.1827709, 43.3595866], [-3.1821516, 43.3590586], [-3.1817708, 43.3588898], [-3.181671, 43.3589093], [-3.1815616, 43.3591355], [-3.1813514, 43.3587287], [-3.1810208, 43.3586931], [-3.1809175, 43.3585376], [-3.1805199, 43.3584642], [-3.1803603, 43.3586565], [-3.180311, 43.3589358], [-3.180201, 43.3589841], [-3.1803029, 43.3584557], [-3.1801937, 43.3584269], [-3.1800689, 43.3582065], [-3.1798745, 43.3581295], [-3.1799006, 43.3577341], [-3.1795868, 43.3575869], [-3.1791791, 43.3575732], [-3.1791992, 43.3579243], [-3.1788867, 43.3577058], [-3.1785863, 43.357819], [-3.1785582, 43.3577097], [-3.1786654, 43.3576366], [-3.1783597, 43.3575069], [-3.1783932, 43.3572816], [-3.1781437, 43.3571588], [-3.1779694, 43.3572281], [-3.1780315, 43.3571178], [-3.1778654, 43.3569972], [-3.1773686, 43.3569111], [-3.1770858, 43.3569995], [-3.1769175, 43.3568388], [-3.1767881, 43.3568577], [-3.176607, 43.3569532], [-3.1766128, 43.3570352], [-3.1763873, 43.3570749], [-3.1765267, 43.3572601], [-3.1762084, 43.3571046], [-3.1761427, 43.3569964], [-3.1757604, 43.3568706], [-3.1756049, 43.3569028], [-3.1753103, 43.3565889], [-3.1750689, 43.3566879], [-3.1749167, 43.3568545], [-3.1742242, 43.3569192], [-3.1739144, 43.3570762], [-3.1739157, 43.3573677], [-3.1742322, 43.357594], [-3.1742537, 43.3578602], [-3.1741437, 43.3580386], [-3.1737441, 43.3581527], [-3.1734826, 43.3580659], [-3.1735134, 43.3582609], [-3.1737213, 43.3583614], [-3.1736033, 43.3585037], [-3.1729126, 43.3583643], [-3.173274, 43.3587017], [-3.1730044, 43.3589259], [-3.1726658, 43.3590137], [-3.1719311, 43.3589544], [-3.171191, 43.358735], [-3.1706848, 43.3585154], [-3.1707209, 43.3583428], [-3.1708777, 43.3582136], [-3.1705016, 43.3580764], [-3.1704224, 43.3581615], [-3.1699534, 43.357875], [-3.1698236, 43.3579338], [-3.1692465, 43.3575778], [-3.1694463, 43.357592], [-3.1693699, 43.3575222], [-3.1694145, 43.3574723], [-3.1690252, 43.3572795], [-3.1691932, 43.3572934], [-3.1690759, 43.3572053], [-3.1691181, 43.3571456], [-3.1688787, 43.3569837], [-3.1689934, 43.3569082], [-3.1688339, 43.3567498], [-3.1689023, 43.356663], [-3.1688607, 43.3565348], [-3.1690042, 43.3564656], [-3.1690358, 43.3563529], [-3.1688509, 43.3563243], [-3.1688158, 43.3562218], [-3.1690317, 43.3561443], [-3.1693026, 43.3557469], [-3.1692691, 43.3556367], [-3.1693864, 43.3556659], [-3.1694341, 43.3555938], [-3.1694904, 43.3552945], [-3.1692587, 43.3549588], [-3.168889, 43.3548679], [-3.1688575, 43.3550581], [-3.1687326, 43.3550886], [-3.1683982, 43.3548814], [-3.1682301, 43.354902], [-3.1680407, 43.3550629], [-3.1678284, 43.354929], [-3.1677717, 43.3551092], [-3.1676054, 43.3550474], [-3.167347, 43.3546743], [-3.1674603, 43.3545752], [-3.1672727, 43.3543307], [-3.1671754, 43.3545417], [-3.1669347, 43.3541712], [-3.1668639, 43.3541686], [-3.1668498, 43.3543706], [-3.1666177, 43.3541849], [-3.166283, 43.354231], [-3.1662494, 43.3541216], [-3.1661621, 43.3541711], [-3.165477, 43.353719], [-3.1654093, 43.3535135], [-3.1652917, 43.3536823], [-3.1652034, 43.353682], [-3.164874, 43.3535012], [-3.1649452, 43.3532875], [-3.1647186, 43.3530602], [-3.164889, 43.3531421], [-3.1647025, 43.3528574], [-3.1648058, 43.3528652], [-3.1645148, 43.3525775], [-3.1643793, 43.3526789], [-3.1644298, 43.3528965], [-3.1641643, 43.3528107], [-3.1640878, 43.3526303], [-3.1640784, 43.3527609], [-3.1640016, 43.3527418], [-3.163956, 43.3523908], [-3.1638478, 43.3522685], [-3.1639443, 43.3521778], [-3.1638809, 43.3521041], [-3.1639564, 43.3519974], [-3.1635114, 43.3518598], [-3.1634933, 43.3516243], [-3.1632211, 43.3516145], [-3.1630437, 43.3514545], [-3.1628623, 43.3515779], [-3.1626042, 43.3512849], [-3.1621348, 43.3511952], [-3.1619899, 43.3510606], [-3.1614565, 43.3508901], [-3.1611745, 43.3512803], [-3.1609847, 43.3513417], [-3.1610685, 43.351468], [-3.1606622, 43.3514495], [-3.1604509, 43.3515275], [-3.1607138, 43.3521326], [-3.160581, 43.3522579], [-3.1603939, 43.3522569], [-3.1600687, 43.3520658], [-3.1600412, 43.3521516], [-3.1598508, 43.3522145], [-3.1595812, 43.3522179], [-3.1595229, 43.3523383], [-3.1594022, 43.3522472], [-3.1592694, 43.3522711], [-3.1589891, 43.3525153], [-3.1588282, 43.3524958], [-3.158794, 43.3526153], [-3.158572, 43.352532], [-3.1574638, 43.3527982], [-3.1572923, 43.3529129], [-3.1574354, 43.3531761], [-3.1571261, 43.3532437], [-3.1566725, 43.3529605], [-3.1566895, 43.3527901], [-3.1562266, 43.3527916], [-3.1557813, 43.3525547], [-3.1555802, 43.3525358], [-3.1555489, 43.3527927], [-3.1554716, 43.3528481], [-3.1547709, 43.3528338], [-3.1552881, 43.3530827], [-3.1548, 43.3530277], [-3.155141, 43.3532081], [-3.1551376, 43.3532734], [-3.1546362, 43.3532624], [-3.1544667, 43.3530507], [-3.1543143, 43.3532053], [-3.1538273, 43.3531619], [-3.1538849, 43.3533703], [-3.1537224, 43.3534556], [-3.1532327, 43.3533199], [-3.1532797, 43.3532499], [-3.1531967, 43.3532052], [-3.1528071, 43.353264], [-3.153188, 43.3525513], [-3.1504269, 43.3487437], [-3.151377, 43.3451578], [-3.1544734, 43.3409743], [-3.1519456, 43.3258373], [-3.1514034, 43.3238435], [-3.1504348, 43.3211524], [-3.1496659, 43.3194155], [-3.149652, 43.3187852], [-3.150626, 43.3136063], [-3.1515495, 43.3070606], [-3.1514133, 43.3061403], [-3.1529887, 43.3056791], [-3.1553771, 43.3026077], [-3.1575622, 43.3011506], [-3.1590576, 43.3012813], [-3.1611312, 43.3010392], [-3.1616177, 43.3007859], [-3.1655775, 43.3008208], [-3.1668718, 43.3005625], [-3.1686574, 43.3006397], [-3.1721469, 43.2996075], [-3.1733215, 43.3000812], [-3.1739456, 43.2991418], [-3.1763866, 43.2993716], [-3.1785701, 43.2991949], [-3.1802429, 43.2997236], [-3.1805657, 43.2996825], [-3.1842204, 43.2981505], [-3.1847583, 43.2985683], [-3.185292, 43.2988331], [-3.1856652, 43.2989135], [-3.1863428, 43.2987593], [-3.1875515, 43.2989195], [-3.1932089, 43.2984509], [-3.1944497, 43.297053], [-3.1949295, 43.2967371], [-3.196974, 43.2960943], [-3.1975644, 43.29567], [-3.198031, 43.2950839], [-3.1985676, 43.2933001], [-3.199084, 43.292858], [-3.2009856, 43.2917436], [-3.2049078, 43.2904855], [-3.2062972, 43.2879698], [-3.2094502, 43.2836049], [-3.2116455, 43.2844965], [-3.2183799, 43.2868259], [-3.217431, 43.288387], [-3.2180565, 43.289235], [-3.2181757, 43.2908891], [-3.2180874, 43.2925187], [-3.221996, 43.294501], [-3.2245409, 43.2965221], [-3.2250382, 43.2990119], [-3.2249479, 43.3009829], [-3.2245522, 43.3025996], [-3.224589, 43.3049473], [-3.2258803, 43.3092776], [-3.2260322, 43.3096646], [-3.2267365, 43.3100595], [-3.2276639, 43.310742], [-3.2286536, 43.3116134], [-3.2319137, 43.3161002], [-3.234407, 43.3166624], [-3.2357774, 43.3170558], [-3.2371734, 43.3176832], [-3.2378549, 43.3185282], [-3.2385352, 43.3190221], [-3.2390802, 43.3196332], [-3.2398722, 43.3203249], [-3.2404158, 43.3205669], [-3.2419266, 43.3221305], [-3.2423744, 43.3231021], [-3.2447184, 43.3232502], [-3.2458419, 43.3235359], [-3.2484124, 43.324782], [-3.2492656, 43.3253114], [-3.2506036, 43.3267582], [-3.2510975, 43.3268832], [-3.2534652, 43.326752], [-3.2555256, 43.3269005], [-3.2559721, 43.3271046], [-3.2574549, 43.3281208], [-3.2585443, 43.3290638], [-3.260004, 43.330033], [-3.2648767, 43.3301299], [-3.2659256, 43.3302265], [-3.2678791, 43.3312575], [-3.2687069, 43.3315707], [-3.2712735, 43.3317627], [-3.2720639, 43.331968], [-3.27356, 43.3327568], [-3.2744, 43.333025], [-3.2751912, 43.3334103], [-3.2755754, 43.3338055], [-3.2760102, 43.3344798], [-3.2762701, 43.3346683], [-3.2784583, 43.3357076], [-3.2792641, 43.3365791], [-3.2794144, 43.337092], [-3.2793428, 43.3376144], [-3.2779566, 43.3393467], [-3.2776384, 43.3399057], [-3.2773831, 43.3407618], [-3.2766712, 43.3415739], [-3.2766971, 43.341844], [-3.2769695, 43.3420595], [-3.2778229, 43.3425257], [-3.2797664, 43.3439527], [-3.2799293, 43.3444926], [-3.280538, 43.3454006], [-3.2805514, 43.3456436], [-3.2794362, 43.3473122], [-3.2794009, 43.3476815], [-3.2795013, 43.3480595], [-3.2799374, 43.3489859], [-3.2805701, 43.3497317], [-3.280085, 43.3515969], [-3.2803579, 43.3546128], [-3.2802601, 43.3548111], [-3.2797928, 43.3551634], [-3.2799938, 43.3586658], [-3.2828075, 43.3613422], [-3.2906813, 43.3665633], [-3.2910807, 43.3674988], [-3.2930534, 43.3696279], [-3.2933771, 43.3702123], [-3.2934057, 43.3710497], [-3.2933334, 43.3714101], [-3.2930757, 43.3717169], [-3.2928079, 43.372519], [-3.2925997, 43.3728527], [-3.2923662, 43.3730694], [-3.2909748, 43.3737933], [-3.2916471, 43.3749982], [-3.291698, 43.3753313], [-3.2915155, 43.37589], [-3.2885472, 43.3799226], [-3.2899771, 43.3794777], [-3.2909885, 43.3792951], [-3.2929115, 43.3787049], [-3.2941066, 43.3782066], [-3.2960873, 43.3768058], [-3.2971589, 43.3763168], [-3.2982072, 43.376116], [-3.2987627, 43.3761145], [-3.2997273, 43.3764632], [-3.3005814, 43.3769562], [-3.3040516, 43.3797115], [-3.3049059, 43.3802135], [-3.3096023, 43.3812635], [-3.3126917, 43.3818585], [-3.3133224, 43.3820548], [-3.3140529, 43.3824671], [-3.3146477, 43.3829157], [-3.3154431, 43.383931], [-3.3183075, 43.3863274], [-3.324607, 43.3868771], [-3.3274378, 43.3915488], [-3.3280322, 43.3949002], [-3.3285186, 43.3971352], [-3.3283974, 43.3987515], [-3.3275737, 43.4048617], [-3.3295115, 43.4104623], [-3.3352584, 43.414602], [-3.3349749, 43.4145886]]], [[[-3.1683638, 43.3560852], [-3.1682274, 43.3561355], [-3.1681483, 43.3560808], [-3.1683203, 43.3560032], [-3.1683638, 43.3560852]]]]}, "properties": {"nombre": "Castro-Urdiales", "ine": "39020"}}, {"type": "Feature", "geometry": {"type": "Polygon", "coordinates": [[[-4.1851439, 42.9502905], [-4.1847018, 42.9508894], [-4.1843825, 42.9514961], [-4.183493, 42.9543418], [-4.1823172, 42.9569654], [-4.1798242, 42.9612415], [-4.1792, 42.9619413], [-4.1776311, 42.9632542], [-4.1722763, 42.968604], [-4.1709523, 42.9705626], [-4.1695503, 42.9729452], [-4.1674836, 42.9758479], [-4.1670499, 42.9769059], [-4.1669543, 42.9783387], [-4.165826, 42.9783412], [-4.1642468, 42.9784923], [-4.1637632, 42.9795148], [-4.1635077, 42.9802738], [-4.1664966, 42.9852772], [-4.1693475, 42.9868511], [-4.1695369, 42.9871373], [-4.1697816, 42.9884045], [-4.1686881, 42.9896043], [-4.1681095, 42.9901415], [-4.1660908, 42.9917199], [-4.1653456, 42.9925379], [-4.1636112, 42.9948878], [-4.1626692, 42.9963292], [-4.1619155, 42.9980028], [-4.1615257, 43.0001049], [-4.1597456, 43.0020049], [-4.1570724, 43.011244], [-4.1567347, 43.0148314], [-4.1572443, 43.0164832], [-4.156734, 43.0187216], [-4.1568309, 43.0199633], [-4.1566362, 43.0226667], [-4.1552599, 43.0245446], [-4.1602111, 43.0280696], [-4.1611786, 43.0299148], [-4.1583806, 43.0345176], [-4.1572618, 43.0376987], [-4.1570019, 43.0382416], [-4.1559605, 43.0396569], [-4.1553758, 43.041869], [-4.1529559, 43.0444237], [-4.1549324, 43.0476906], [-4.1551887, 43.0502274], [-4.154426, 43.0521171], [-4.1535874, 43.0538905], [-4.1516902, 43.0594746], [-4.1505788, 43.061773], [-4.1442968, 43.0667166], [-4.1410866, 43.0691169], [-4.1359893, 43.073769], [-4.1360096, 43.0748674], [-4.1358834, 43.0766876], [-4.135482, 43.0782314], [-4.1352075, 43.0786664], [-4.1342095, 43.0798379], [-4.1360488, 43.0809903], [-4.1363876, 43.0813742], [-4.136533, 43.081931], [-4.1367948, 43.0821356], [-4.1375832, 43.0822538], [-4.1386133, 43.0821535], [-4.1365097, 43.0853261], [-4.1322946, 43.0879342], [-4.1314726, 43.08733], [-4.1312583, 43.0870349], [-4.1304649, 43.0866466], [-4.1299299, 43.0862826], [-4.1292134, 43.0853982], [-4.1285435, 43.0850446], [-4.127309, 43.0847236], [-4.1266036, 43.0844424], [-4.1260984, 43.0843573], [-4.1235757, 43.0834545], [-4.1209214, 43.0820667], [-4.1224216, 43.0760818], [-4.1223901, 43.0757039], [-4.1220781, 43.0747614], [-4.1212548, 43.0733918], [-4.1209925, 43.069108], [-4.1219187, 43.0666856], [-4.1219492, 43.0663341], [-4.1208806, 43.0622834], [-4.1206689, 43.0621233], [-4.1155801, 43.060516], [-4.1142564, 43.0599796], [-4.1090187, 43.0582744], [-4.1067804, 43.0580889], [-4.1057956, 43.0559012], [-4.1056203, 43.0557138], [-4.1015277, 43.0527726], [-4.1006876, 43.0517991], [-4.1006289, 43.0512594], [-4.1010891, 43.049526], [-4.1005437, 43.0478653], [-4.1009733, 43.0471678], [-4.1007655, 43.043784], [-4.1038073, 43.0422419], [-4.0999328, 43.0404601], [-4.098665, 43.0388964], [-4.0955748, 43.037017], [-4.0909895, 43.0331885], [-4.0903952, 43.032897], [-4.0861767, 43.0317394], [-4.0807149, 43.0352759], [-4.0793387, 43.0351988], [-4.0781326, 43.0350211], [-4.0794339, 43.0322173], [-4.0819108, 43.0299697], [-4.0838438, 43.025413], [-4.0838861, 43.0250254], [-4.0834695, 43.0229672], [-4.0830179, 43.0224131], [-4.0815373, 43.0212654], [-4.0813533, 43.0198714], [-4.0806993, 43.0175633], [-4.0825529, 43.0154927], [-4.0847637, 43.0135087], [-4.0869667, 43.0124793], [-4.0883462, 43.0072073], [-4.0890735, 43.0053093], [-4.0892695, 43.0045961], [-4.0893041, 43.0016871], [-4.088713, 43.0001709], [-4.0884824, 42.998228], [-4.0852291, 42.9953052], [-4.0839044, 42.9939219], [-4.082548, 42.9928181], [-4.0814581, 42.9922251], [-4.0806324, 42.9920077], [-4.0793584, 42.9914074], [-4.0774146, 42.9903811], [-4.0780276, 42.9875477], [-4.078544, 42.9826982], [-4.0788223, 42.9782651], [-4.0793915, 42.9757473], [-4.0795899, 42.9751691], [-4.0840285, 42.9702285], [-4.0855277, 42.9662161], [-4.0864761, 42.9650635], [-4.0870701, 42.9639772], [-4.0883962, 42.9599034], [-4.0833356, 42.9593749], [-4.0769847, 42.9544459], [-4.0766564, 42.9538997], [-4.0762707, 42.9528677], [-4.0736183, 42.9476696], [-4.0745688, 42.948048], [-4.0756399, 42.9483171], [-4.0763737, 42.9482201], [-4.0784355, 42.9406185], [-4.0797105, 42.9371215], [-4.0801625, 42.9363338], [-4.080525, 42.9360422], [-4.0832149, 42.9328741], [-4.0854022, 42.930413], [-4.0862944, 42.9295761], [-4.0894423, 42.9260073], [-4.0907415, 42.9253285], [-4.0941001, 42.9233064], [-4.0976337, 42.9228764], [-4.1016051, 42.922262], [-4.1040511, 42.9220044], [-4.1044154, 42.9218208], [-4.1052914, 42.9207858], [-4.1132057, 42.9207272], [-4.1167156, 42.9190002], [-4.117203, 42.9188513], [-4.1197248, 42.9187277], [-4.1213093, 42.9189463], [-4.1219217, 42.9189313], [-4.1261431, 42.9179444], [-4.1290867, 42.9194554], [-4.1307665, 42.9201953], [-4.1315972, 42.9207274], [-4.1335948, 42.921419], [-4.1356989, 42.9219025], [-4.1380454, 42.9222395], [-4.1316801, 42.9306322], [-4.1301076, 42.9331061], [-4.1288999, 42.9340815], [-4.1288556, 42.9343431], [-4.1293737, 42.937886], [-4.1301385, 42.938824], [-4.1306231, 42.9391885], [-4.1314271, 42.9395858], [-4.1332348, 42.9412519], [-4.1367049, 42.9433337], [-4.1379907, 42.9445997], [-4.1382437, 42.9450294], [-4.1396524, 42.9456458], [-4.1440223, 42.9473042], [-4.1445267, 42.9473983], [-4.1486219, 42.9474564], [-4.1501591, 42.9470627], [-4.1562912, 42.9446057], [-4.1586421, 42.9438166], [-4.1598118, 42.9440929], [-4.1647288, 42.9461412], [-4.1710749, 42.9479046], [-4.176223, 42.9491757], [-4.1796791, 42.9497796], [-4.1851439, 42.9502905]]]}, "properties": {"nombre": "Campoo de Enmedio", "ine": "39027"}}, {"type": "Feature", "geometry": {"type": "Polygon", "coordinates": [[[-4.0019784, 43.2328462], [-3.996094, 43.2435862], [-3.9966507, 43.2444908], [-3.9976637, 43.2454275], [-3.9986716, 43.2460491], [-3.9992228, 43.2466116], [-3.9991352, 43.2480351], [-3.9990321, 43.2485132], [-3.9990752, 43.2488911], [-3.9993398, 43.2492489], [-3.9980267, 43.2495575], [-3.9912263, 43.2457265], [-3.9900398, 43.246241], [-3.9894129, 43.2463185], [-3.9878194, 43.2468095], [-3.9863427, 43.2476596], [-3.985082, 43.2481657], [-3.9820398, 43.2489573], [-3.980217, 43.2497473], [-3.9796153, 43.2498695], [-3.9776576, 43.2499312], [-3.973819, 43.2517829], [-3.9732027, 43.2525355], [-3.9721054, 43.2532562], [-3.9697453, 43.2551402], [-3.9683973, 43.2563762], [-3.9630364, 43.2570517], [-3.9634229, 43.2643783], [-3.9657223, 43.2679789], [-3.9652836, 43.2698556], [-3.9527153, 43.276246], [-3.9447828, 43.2781127], [-3.943772, 43.2757077], [-3.9429008, 43.2743552], [-3.9410209, 43.2723176], [-3.9406202, 43.2711052], [-3.9405913, 43.2692235], [-3.9407076, 43.2687723], [-3.9412491, 43.2679304], [-3.9431826, 43.2662576], [-3.943497, 43.2658678], [-3.9448165, 43.2627503], [-3.9453112, 43.260477], [-3.9452118, 43.2596224], [-3.9448982, 43.2584634], [-3.9449583, 43.25677], [-3.9440407, 43.2555889], [-3.9439369, 43.2552476], [-3.9439554, 43.2548512], [-3.9446672, 43.2530804], [-3.9447465, 43.2526295], [-3.9447154, 43.2522066], [-3.9444818, 43.2514431], [-3.944205, 43.2510672], [-3.9438424, 43.250719], [-3.942622, 43.2498646], [-3.9424795, 43.2494155], [-3.9424887, 43.2492083], [-3.942632, 43.248919], [-3.9434339, 43.248192], [-3.9440728, 43.2472863], [-3.9450801, 43.245513], [-3.9456732, 43.2448328], [-3.9462049, 43.2433696], [-3.9463707, 43.2421436], [-3.9463918, 43.2411169], [-3.9462779, 43.2409197], [-3.9453006, 43.2406486], [-3.9448141, 43.2402474], [-3.9447121, 43.2400231], [-3.9447711, 43.2382577], [-3.9447172, 43.237961], [-3.9445647, 43.2376561], [-3.9435404, 43.236719], [-3.9434256, 43.2364678], [-3.9436291, 43.2352865], [-3.9439451, 43.2342124], [-3.944396, 43.2331011], [-3.9449233, 43.2321602], [-3.9449656, 43.2317096], [-3.9453172, 43.2305541], [-3.9456415, 43.2300201], [-3.9461121, 43.2285935], [-3.9461446, 43.2275127], [-3.9458723, 43.2266234], [-3.9451701, 43.2258098], [-3.9446386, 43.2248777], [-3.9440312, 43.2230187], [-3.9430309, 43.2220274], [-3.9420989, 43.2214767], [-3.9410598, 43.2211611], [-3.9395238, 43.2205614], [-3.9390746, 43.2201778], [-3.9389344, 43.2198638], [-3.9388916, 43.219486], [-3.9393606, 43.2179513], [-3.9394493, 43.2173113], [-3.9391568, 43.2167013], [-3.9388197, 43.2163979], [-3.9378887, 43.2159013], [-3.9361548, 43.2152311], [-3.9355181, 43.214651], [-3.9347865, 43.2137223], [-3.9331748, 43.2127701], [-3.9320983, 43.2115992], [-3.9313642, 43.2102814], [-3.9297777, 43.2095739], [-3.9293994, 43.2089827], [-3.929378, 43.2083795], [-3.9297588, 43.207512], [-3.929716, 43.2071251], [-3.9295379, 43.2067484], [-3.9267925, 43.2051047], [-3.9252931, 43.2044415], [-3.9246576, 43.2039333], [-3.9240245, 43.2035782], [-3.9229131, 43.203344], [-3.9210171, 43.2025038], [-3.9203571, 43.2019959], [-3.9192665, 43.2006809], [-3.9185818, 43.2001641], [-3.9172781, 43.1994091], [-3.9144279, 43.1964693], [-3.9132486, 43.1957944], [-3.9115193, 43.1953759], [-3.9098937, 43.1944793], [-3.9095447, 43.1941849], [-3.9090287, 43.1934146], [-3.9084925, 43.1929416], [-3.9077963, 43.1916414], [-3.9072342, 43.1910785], [-3.9069171, 43.1904417], [-3.906858, 43.1897758], [-3.9063341, 43.1884652], [-3.9063424, 43.188195], [-3.9064264, 43.1880503], [-3.9075834, 43.1872307], [-3.9080971, 43.1870195], [-3.9088282, 43.1865275], [-3.9094308, 43.1856672], [-3.9096229, 43.1836846], [-3.9098297, 43.1826925], [-3.9097086, 43.1819911], [-3.9089636, 43.1807093], [-3.9084883, 43.1801908], [-3.9064586, 43.1785589], [-3.9057922, 43.1784291], [-3.9046986, 43.1785278], [-3.9044755, 43.1784215], [-3.9040256, 43.1779478], [-3.9039232, 43.1776784], [-3.9039582, 43.1767147], [-3.9038806, 43.1764541], [-3.9034174, 43.1759175], [-3.9027347, 43.1755086], [-3.9023839, 43.1750792], [-3.9020554, 43.1744964], [-3.9009317, 43.1733796], [-3.9000609, 43.1727291], [-3.899898, 43.1725233], [-3.9040704, 43.173472], [-3.9049637, 43.1723033], [-3.9059018, 43.1708462], [-3.9408018, 43.161002], [-3.9536555, 43.1546194], [-3.9543042, 43.1560007], [-3.9547049, 43.1564566], [-3.9541495, 43.1587125], [-3.954008, 43.1614781], [-3.9540876, 43.1618557], [-3.9545982, 43.1630491], [-3.9545574, 43.1635897], [-3.9537676, 43.1658025], [-3.9537508, 43.1661342], [-3.9543609, 43.166779], [-3.957332, 43.1679699], [-3.9607905, 43.1696429], [-3.9625874, 43.1696909], [-3.9643421, 43.1701804], [-3.9661283, 43.1711109], [-3.9665642, 43.1714494], [-3.9684062, 43.173568], [-3.9691178, 43.1750028], [-3.9696568, 43.1756285], [-3.9705368, 43.1760353], [-3.9717106, 43.1763495], [-3.9726474, 43.1764587], [-3.9734256, 43.1766502], [-3.9739466, 43.1769159], [-3.9758664, 43.1784844], [-3.9765683, 43.1792979], [-3.9766782, 43.1796913], [-3.9781906, 43.1822646], [-3.9782768, 43.1830383], [-3.9782013, 43.1844797], [-3.9785734, 43.1869799], [-3.9784951, 43.1874668], [-3.9781738, 43.188154], [-3.9780828, 43.188623], [-3.9783878, 43.1899981], [-3.9789489, 43.191227], [-3.9791096, 43.1920451], [-3.978884, 43.1933347], [-3.9790687, 43.1941075], [-3.9794462, 43.1946266], [-3.9795741, 43.1949316], [-3.979578, 43.1951747], [-3.979366, 43.1957709], [-3.9788925, 43.1961801], [-3.9776209, 43.1967042], [-3.9802664, 43.2059026], [-3.9898454, 43.2235507], [-4.0019784, 43.2328462]]]}, "properties": {"nombre": "Corvera de Toranzo", "ine": "39026"}}, {"type": "Feature", "geometry": {"type": "Polygon", "coordinates": [[[-4.1474955, 43.2545156], [-4.1472441, 43.2549053], [-4.1470115, 43.2556371], [-4.1463262, 43.2572017], [-4.1457076, 43.2577212], [-4.1447159, 43.2593699], [-4.1437091, 43.2615321], [-4.1436231, 43.2628657], [-4.142814, 43.2644045], [-4.1444944, 43.270574], [-4.1453018, 43.2722317], [-4.1478002, 43.276655], [-4.1478921, 43.2789233], [-4.1449675, 43.2813568], [-4.1388551, 43.2906565], [-4.1382637, 43.2906714], [-4.137158, 43.2908714], [-4.1342264, 43.2916569], [-4.1326377, 43.292402], [-4.1303424, 43.2929379], [-4.1296277, 43.292954], [-4.1293605, 43.2931727], [-4.1291257, 43.293139], [-4.1289005, 43.2929611], [-4.1268682, 43.2930532], [-4.1265902, 43.2933531], [-4.1262094, 43.2934289], [-4.1255096, 43.2929135], [-4.1251005, 43.2927914], [-4.1241024, 43.2928102], [-4.1222945, 43.2930441], [-4.1211331, 43.2935687], [-4.1192843, 43.2942621], [-4.1189885, 43.294265], [-4.1179188, 43.2937442], [-4.1153203, 43.2932112], [-4.1145798, 43.2931644], [-4.1134953, 43.2925086], [-4.1130618, 43.2923957], [-4.10973, 43.292203], [-4.1092958, 43.2920541], [-4.1081354, 43.2919663], [-4.1072523, 43.2922089], [-4.1050007, 43.2924468], [-4.1029327, 43.2932951], [-4.1009323, 43.2937916], [-4.1000444, 43.2937731], [-4.099636, 43.293687], [-4.0749334, 43.3000896], [-4.0741576, 43.3001419], [-4.0738399, 43.2989022], [-4.0722484, 43.2974314], [-4.0720429, 43.2969651], [-4.0719353, 43.2964528], [-4.0721744, 43.2960273], [-4.0726734, 43.2956625], [-4.0744709, 43.2948262], [-4.076657, 43.2929597], [-4.0767987, 43.2926072], [-4.0764663, 43.2912326], [-4.0760736, 43.290633], [-4.0745936, 43.2891882], [-4.0744667, 43.2889822], [-4.0736654, 43.2882784], [-4.0715011, 43.2871641], [-4.0707626, 43.2865226], [-4.0705351, 43.2862006], [-4.0704177, 43.2858325], [-4.070103, 43.2854572], [-4.0691491, 43.285187], [-4.0689738, 43.2850265], [-4.0691022, 43.2846201], [-4.0690746, 43.2844493], [-4.0684942, 43.2836803], [-4.0684258, 43.2832938], [-4.0655733, 43.2752161], [-4.0639097, 43.2730975], [-4.062009, 43.2693872], [-4.0615904, 43.2694181], [-4.0609599, 43.2692889], [-4.0607225, 43.2691019], [-4.0601343, 43.2678647], [-4.0596059, 43.2651052], [-4.0573364, 43.2599844], [-4.0568418, 43.2584582], [-4.0550278, 43.2554313], [-4.0525022, 43.2532844], [-4.0516598, 43.2508609], [-4.0512769, 43.250081], [-4.0507458, 43.2492844], [-4.0491035, 43.248336], [-4.0468425, 43.247222], [-4.0445839, 43.2462431], [-4.0399235, 43.2445476], [-4.0382922, 43.2442292], [-4.0370712, 43.2441412], [-4.0362868, 43.243644], [-4.0315544, 43.2413005], [-4.0286674, 43.2395525], [-4.0278034, 43.2387048], [-4.0273491, 43.2373221], [-4.0265916, 43.2369507], [-4.026571, 43.2364556], [-4.0268026, 43.2355801], [-4.0267721, 43.2352292], [-4.0256244, 43.2336186], [-4.0221398, 43.2292374], [-4.0209021, 43.2281228], [-4.0195572, 43.2272253], [-4.019297, 43.2271286], [-4.0201781, 43.2260582], [-4.0203436, 43.2256425], [-4.0209023, 43.2251783], [-4.0221956, 43.223726], [-4.0235807, 43.2218766], [-4.0243682, 43.2211042], [-4.0255152, 43.2204816], [-4.0265664, 43.220022], [-4.032114, 43.2204314], [-4.0341527, 43.2208542], [-4.036267, 43.2213754], [-4.0391172, 43.2224482], [-4.045991, 43.22479], [-4.0471558, 43.2259409], [-4.0488528, 43.2279605], [-4.0545021, 43.228503], [-4.0622529, 43.229503], [-4.066598, 43.2286882], [-4.0679762, 43.2286304], [-4.0686316, 43.2287863], [-4.0707603, 43.2308015], [-4.0723927, 43.2318939], [-4.0701048, 43.2348688], [-4.0707563, 43.2355021], [-4.0713107, 43.2369196], [-4.0718516, 43.2375629], [-4.0721997, 43.2377487], [-4.07325, 43.237946], [-4.0764252, 43.2378082], [-4.077264, 43.2378813], [-4.0806491, 43.2384708], [-4.0813222, 43.2389237], [-4.0820546, 43.23925], [-4.083104, 43.2393931], [-4.0844329, 43.2393175], [-4.0915155, 43.2393493], [-4.0955028, 43.2412293], [-4.0977979, 43.2435216], [-4.098266, 43.2435261], [-4.103404, 43.2449805], [-4.1034497, 43.244782], [-4.1041435, 43.244325], [-4.1046084, 43.2441495], [-4.1063746, 43.2423675], [-4.1072963, 43.2415752], [-4.1078568, 43.2412366], [-4.1125868, 43.2412538], [-4.1136795, 43.2417385], [-4.1142849, 43.2418406], [-4.1171077, 43.2419572], [-4.1179247, 43.2421834], [-4.1208959, 43.2443515], [-4.1214578, 43.2461109], [-4.1218836, 43.246494], [-4.1232099, 43.2469402], [-4.1242227, 43.2470924], [-4.1246195, 43.2472325], [-4.124909, 43.2475719], [-4.1270811, 43.24846], [-4.1272877, 43.2483049], [-4.1311499, 43.2493294], [-4.132176, 43.2495264], [-4.1336401, 43.2500882], [-4.1401005, 43.251699], [-4.1417662, 43.2525018], [-4.1425019, 43.2529717], [-4.1443354, 43.2535207], [-4.1451257, 43.2536209], [-4.1467486, 43.2540999], [-4.1474955, 43.2545156]]]}, "properties": {"nombre": "Los Corrales de Buelna", "ine": "39025"}}, {"type": "Feature", "geometry": {"type": "Polygon", "coordinates": [[[-4.3230474, 43.3907813], [-4.3217179, 43.3907529], [-4.3190203, 43.3910662], [-4.3168916, 43.3911448], [-4.3163608, 43.391337], [-4.3162516, 43.3922883], [-4.3159441, 43.392404], [-4.3154417, 43.3922187], [-4.3147457, 43.3916073], [-4.3144874, 43.3915627], [-4.3142489, 43.3916867], [-4.314122, 43.391658], [-4.3141159, 43.3914608], [-4.3143981, 43.3912224], [-4.3144301, 43.3910647], [-4.3141044, 43.3912099], [-4.313952, 43.3911473], [-4.3138689, 43.3909119], [-4.3138959, 43.3906311], [-4.3137022, 43.3905129], [-4.3135148, 43.3905087], [-4.3131832, 43.3907057], [-4.3134191, 43.3903772], [-4.3130581, 43.390558], [-4.313285, 43.3900703], [-4.3131829, 43.3899228], [-4.3129218, 43.3898987], [-4.3126499, 43.3899865], [-4.3125072, 43.3901519], [-4.3126366, 43.3906698], [-4.3125227, 43.391095], [-4.3119636, 43.391501], [-4.3117286, 43.3920766], [-4.3114436, 43.3923299], [-4.311164, 43.3923207], [-4.3107691, 43.3921186], [-4.3108111, 43.3917955], [-4.3110346, 43.3914937], [-4.3108978, 43.3914298], [-4.3099277, 43.3920205], [-4.3091256, 43.3926805], [-4.308266, 43.39283], [-4.3069376, 43.3925351], [-4.306476, 43.3922605], [-4.3061566, 43.3917933], [-4.3062431, 43.3917096], [-4.3065326, 43.3916787], [-4.3063117, 43.391672], [-4.3063042, 43.3916169], [-4.3065835, 43.3911123], [-4.3064508, 43.3908056], [-4.3061561, 43.3905928], [-4.3057585, 43.3905835], [-4.3050499, 43.3907756], [-4.3045027, 43.390754], [-4.3036147, 43.3910883], [-4.3034966, 43.3908204], [-4.303289, 43.3908542], [-4.3021873, 43.3915858], [-4.302021, 43.3915283], [-4.3017504, 43.3910287], [-4.3014645, 43.3907418], [-4.3011357, 43.3908441], [-4.3009555, 43.3910204], [-4.3000034, 43.390904], [-4.2995373, 43.3909878], [-4.298618, 43.390892], [-4.2978688, 43.3906702], [-4.2977042, 43.390694], [-4.2977292, 43.3909404], [-4.29757, 43.3909498], [-4.2975213, 43.3908709], [-4.2971597, 43.3908662], [-4.2967769, 43.390704], [-4.2960508, 43.390585], [-4.2957557, 43.3906227], [-4.2958328, 43.3913198], [-4.2957184, 43.3913747], [-4.2955896, 43.390954], [-4.2954626, 43.3910963], [-4.2951345, 43.3911159], [-4.294748, 43.390935], [-4.2944319, 43.3909738], [-4.2941478, 43.3913668], [-4.2936958, 43.3915634], [-4.2934695, 43.3918455], [-4.2934041, 43.3920243], [-4.2934586, 43.3921031], [-4.2933518, 43.3922537], [-4.2931186, 43.3923387], [-4.2930557, 43.3925546], [-4.2930947, 43.392794], [-4.2930122, 43.393051], [-4.2931633, 43.3932618], [-4.2932327, 43.3936503], [-4.2931879, 43.3939062], [-4.2927054, 43.3941433], [-4.2925388, 43.3940054], [-4.2925493, 43.393848], [-4.2921279, 43.3937915], [-4.2920351, 43.3935629], [-4.291804, 43.3934041], [-4.291054, 43.3931807], [-4.2906279, 43.3934399], [-4.2905457, 43.3933242], [-4.2893224, 43.3934502], [-4.2892801, 43.3935191], [-4.2891517, 43.3935185], [-4.2885243, 43.3931593], [-4.2879204, 43.3932153], [-4.2877874, 43.3930127], [-4.2883706, 43.3930081], [-4.2886774, 43.3927718], [-4.2889539, 43.392269], [-4.2890337, 43.3922927], [-4.2890049, 43.3925936], [-4.288669, 43.3930475], [-4.2886922, 43.3931097], [-4.2888783, 43.3932153], [-4.2891219, 43.3932222], [-4.2893818, 43.3929104], [-4.2895771, 43.3926172], [-4.2891562, 43.3926146], [-4.2891296, 43.3925359], [-4.2897877, 43.3921863], [-4.2898903, 43.3919659], [-4.2899303, 43.3917481], [-4.2896321, 43.391481], [-4.2894846, 43.3911519], [-4.28954, 43.3909907], [-4.289804, 43.3907745], [-4.2875185, 43.3896743], [-4.2859521, 43.3893], [-4.2851797, 43.3891987], [-4.2844286, 43.3888088], [-4.2841819, 43.3885359], [-4.2838171, 43.3884658], [-4.2820433, 43.3884628], [-4.2813373, 43.3883428], [-4.2811503, 43.3878318], [-4.2811443, 43.3875748], [-4.2813153, 43.3873168], [-4.2809663, 43.3872232], [-4.2811454, 43.386933], [-4.2806305, 43.3859303], [-4.2804197, 43.3853024], [-4.2803541, 43.3845287], [-4.2799954, 43.3833261], [-4.2800663, 43.382587], [-4.2803062, 43.3816658], [-4.2803142, 43.3808734], [-4.2799786, 43.3801748], [-4.2795081, 43.3795227], [-4.279309, 43.3788586], [-4.2794294, 43.3781279], [-4.2797093, 43.3773504], [-4.2801428, 43.3768323], [-4.2803288, 43.3762809], [-4.2799185, 43.3755562], [-4.2795789, 43.3752538], [-4.2789074, 43.3744329], [-4.2774923, 43.3734672], [-4.2768919, 43.3725014], [-4.2749424, 43.3713616], [-4.2746363, 43.3708878], [-4.2745982, 43.3702489], [-4.2740552, 43.368481], [-4.2738606, 43.3674387], [-4.2735024, 43.3668394], [-4.2725758, 43.3662013], [-4.2715902, 43.365699], [-4.2707343, 43.3654924], [-4.2703232, 43.3653079], [-4.2697297, 43.3646662], [-4.2679619, 43.3639294], [-4.2664135, 43.3642527], [-4.2650884, 43.3646275], [-4.2635427, 43.3632939], [-4.2623795, 43.3625504], [-4.2608195, 43.3611178], [-4.2600093, 43.3601363], [-4.2563424, 43.3564667], [-4.2551552, 43.3557414], [-4.2541342, 43.3553023], [-4.2566625, 43.3552296], [-4.2655826, 43.3521779], [-4.2680696, 43.3530958], [-4.2689309, 43.3529782], [-4.2696477, 43.3530333], [-4.2728533, 43.3523134], [-4.2735795, 43.3522243], [-4.2761684, 43.3526997], [-4.2762062, 43.3509704], [-4.2760736, 43.3505307], [-4.2753563, 43.3498633], [-4.2740305, 43.3478251], [-4.2737442, 43.3471169], [-4.2735895, 43.3462092], [-4.2728711, 43.3448935], [-4.273709, 43.3448391], [-4.2746171, 43.3446039], [-4.2759574, 43.3443909], [-4.2776476, 43.3437958], [-4.2796906, 43.3435568], [-4.2812237, 43.3431255], [-4.2817932, 43.3432182], [-4.283359, 43.3431646], [-4.2843996, 43.3427838], [-4.284727, 43.3425099], [-4.2860147, 43.3421443], [-4.2876576, 43.3410723], [-4.2882921, 43.340741], [-4.2890145, 43.3404808], [-4.2893156, 43.3401352], [-4.2901055, 43.339568], [-4.2905204, 43.3399325], [-4.2913699, 43.3404362], [-4.2928492, 43.3409598], [-4.2934928, 43.3410606], [-4.2956911, 43.3405855], [-4.2969787, 43.3402197], [-4.2980666, 43.3397482], [-4.2994377, 43.340408], [-4.299828, 43.3407727], [-4.3023354, 43.3420679], [-4.3034773, 43.3423881], [-4.3043387, 43.3422882], [-4.3047737, 43.3424363], [-4.3054494, 43.3428788], [-4.305916, 43.3433508], [-4.3066278, 43.3437478], [-4.3068693, 43.3440783], [-4.3075213, 43.3445661], [-4.3080419, 43.3452535], [-4.3084777, 43.3460139], [-4.3085988, 43.3464807], [-4.3084222, 43.3468789], [-4.3084049, 43.3472213], [-4.3084969, 43.3474814], [-4.3088105, 43.3477209], [-4.3090774, 43.348087], [-4.3093896, 43.3494071], [-4.3102984, 43.3497839], [-4.3107246, 43.3500942], [-4.3108273, 43.3502821], [-4.3117578, 43.3505146], [-4.3120589, 43.3507452], [-4.3125904, 43.3513605], [-4.3141947, 43.3519453], [-4.3155037, 43.3531369], [-4.3165345, 43.3534402], [-4.317264, 43.3540802], [-4.3179274, 43.3545137], [-4.3179761, 43.3550534], [-4.3182533, 43.3553204], [-4.3183322, 43.3561119], [-4.3198322, 43.3581386], [-4.3197145, 43.3584011], [-4.3199817, 43.3587762], [-4.3199118, 43.3589661], [-4.3195021, 43.359421], [-4.3194875, 43.3598894], [-4.3188379, 43.3606623], [-4.318142, 43.3610125], [-4.3181204, 43.3611568], [-4.3183821, 43.3612708], [-4.3185107, 43.3615125], [-4.3187226, 43.3616091], [-4.3187502, 43.3617438], [-4.3183938, 43.361811], [-4.3182357, 43.3619209], [-4.318288, 43.3620553], [-4.3185986, 43.3621508], [-4.3185518, 43.3622684], [-4.3178011, 43.3623671], [-4.3175821, 43.3625137], [-4.3174835, 43.3630911], [-4.3169694, 43.3632861], [-4.3169353, 43.3634216], [-4.3173472, 43.3642092], [-4.3176872, 43.3645204], [-4.3176678, 43.3647638], [-4.3179359, 43.3651749], [-4.3179188, 43.3655263], [-4.3177628, 43.3657352], [-4.3171735, 43.365877], [-4.3169748, 43.3663926], [-4.3167589, 43.3666832], [-4.3168134, 43.3669167], [-4.3167487, 43.3673496], [-4.3164815, 43.3675508], [-4.3158061, 43.3677116], [-4.315545, 43.3676246], [-4.3148305, 43.3676868], [-4.3145867, 43.3678247], [-4.3144908, 43.3685282], [-4.3143327, 43.368638], [-4.3139235, 43.3685527], [-4.3135936, 43.3681332], [-4.3120735, 43.3680426], [-4.3118695, 43.3683151], [-4.311588, 43.3684264], [-4.3112161, 43.3683496], [-4.3101568, 43.3684518], [-4.3096102, 43.3682869], [-4.3094022, 43.3683704], [-4.3094805, 43.3685676], [-4.3098083, 43.368888], [-4.3097371, 43.3690239], [-4.3094314, 43.3691534], [-4.3090064, 43.3694824], [-4.3089359, 43.3696453], [-4.3090781, 43.3710934], [-4.3092721, 43.3715054], [-4.3104133, 43.3723388], [-4.311237, 43.3727615], [-4.3117304, 43.3738904], [-4.311994, 43.3740945], [-4.3123305, 43.3742437], [-4.3138805, 43.3745681], [-4.3151101, 43.3743469], [-4.3154568, 43.374397], [-4.3156826, 43.3745654], [-4.3158271, 43.374969], [-4.3155519, 43.3765119], [-4.3160072, 43.3770199], [-4.317302, 43.3775273], [-4.3174301, 43.3777419], [-4.3174647, 43.3782007], [-4.3172558, 43.3788154], [-4.3172742, 43.3790944], [-4.3178658, 43.3796188], [-4.3181212, 43.3800121], [-4.3180528, 43.380274], [-4.3175451, 43.3807751], [-4.3171417, 43.3815271], [-4.3170982, 43.3829413], [-4.3173334, 43.3840365], [-4.3177041, 43.3842707], [-4.3183246, 43.3844773], [-4.3198016, 43.384639], [-4.3201018, 43.3848156], [-4.3202332, 43.3851833], [-4.3197539, 43.3858551], [-4.3197478, 43.3867106], [-4.3195834, 43.3870997], [-4.3186826, 43.3882627], [-4.3188279, 43.3887022], [-4.3190818, 43.3890234], [-4.3196199, 43.3891576], [-4.3214218, 43.3893353], [-4.322312, 43.3895101], [-4.3227787, 43.390129], [-4.3230474, 43.3907813]]]}, "properties": {"nombre": "Comillas", "ine": "39024"}}, {"type": "Feature", "geometry": {"type": "Polygon", "coordinates": [[[-3.5766048, 43.4294547], [-3.5676078, 43.4344969], [-3.5668561, 43.4347167], [-3.5647713, 43.4350871], [-3.5636752, 43.4354797], [-3.5626392, 43.4356829], [-3.5610582, 43.4357536], [-3.5560353, 43.4364263], [-3.5557847, 43.4387597], [-3.5440069, 43.446893], [-3.5418877, 43.4476234], [-3.5403127, 43.4484052], [-3.539136, 43.4495093], [-3.5378815, 43.4502085], [-3.5360685, 43.4506492], [-3.5347395, 43.4513037], [-3.533141, 43.4508428], [-3.530004, 43.4511005], [-3.5276599, 43.4515885], [-3.5252571, 43.4524369], [-3.5229736, 43.4527984], [-3.5208775, 43.4533932], [-3.5170657, 43.4542659], [-3.5151926, 43.4549406], [-3.5073912, 43.4517246], [-3.5031542, 43.4505096], [-3.4992738, 43.4490588], [-3.4916307, 43.4453458], [-3.4748197, 43.4433003], [-3.4744624, 43.4434368], [-3.4720192, 43.4439151], [-3.4674965, 43.4444593], [-3.4642388, 43.4446273], [-3.4643055, 43.4416723], [-3.4636839, 43.4398058], [-3.4624903, 43.437516], [-3.4601563, 43.4356919], [-3.4571097, 43.4348897], [-3.4570417, 43.4324422], [-3.4619675, 43.4328085], [-3.4732995, 43.4318801], [-3.4790541, 43.4323577], [-3.4822603, 43.4321487], [-3.4843155, 43.4316115], [-3.4857542, 43.4301786], [-3.4870695, 43.427701], [-3.4884259, 43.4244769], [-3.4895358, 43.4237007], [-3.4915697, 43.4232152], [-3.4914729, 43.4226911], [-3.4973701, 43.423233], [-3.5154725, 43.4251704], [-3.5208773, 43.4258664], [-3.5222865, 43.4259591], [-3.5244759, 43.4248416], [-3.5365314, 43.4217785], [-3.5383273, 43.4237061], [-3.5405687, 43.4257036], [-3.5417743, 43.4265084], [-3.543236, 43.4269427], [-3.5475444, 43.4265711], [-3.5529986, 43.4231233], [-3.5565767, 43.4239885], [-3.5592453, 43.4240026], [-3.562379, 43.4248877], [-3.566342, 43.4245982], [-3.5713335, 43.4246365], [-3.5735495, 43.4251298], [-3.574365, 43.4264584], [-3.5766048, 43.4294547]]]}, "properties": {"nombre": "Escalante", "ine": "39029"}}, {"type": "Feature", "geometry": {"type": "Polygon", "coordinates": [[[-3.7297771, 43.3896893], [-3.7283765, 43.3911433], [-3.7267117, 43.3923514], [-3.7264433, 43.3926323], [-3.7264097, 43.3929206], [-3.7265488, 43.3931899], [-3.7268614, 43.3935211], [-3.7269814, 43.3942677], [-3.7267727, 43.3954036], [-3.7264339, 43.3959911], [-3.7257627, 43.3966617], [-3.725583, 43.397122], [-3.7254697, 43.3979782], [-3.7254983, 43.3983112], [-3.7250053, 43.3994309], [-3.7239855, 43.4029852], [-3.7232658, 43.4037461], [-3.7225432, 43.4042549], [-3.7220879, 43.4043928], [-3.7205941, 43.4044382], [-3.7197856, 43.4050016], [-3.7182576, 43.4063438], [-3.717743, 43.4066892], [-3.7146632, 43.4084193], [-3.7121086, 43.4096508], [-3.7114959, 43.4100688], [-3.7109666, 43.4102252], [-3.7102795, 43.4106166], [-3.7094742, 43.411468], [-3.7079081, 43.4084972], [-3.7069866, 43.4078455], [-3.7068348, 43.4075313], [-3.7066471, 43.4051912], [-3.7064344, 43.4049584], [-3.7056282, 43.4046572], [-3.704687, 43.4044379], [-3.7041146, 43.4040632], [-3.7039636, 43.403821], [-3.7042992, 43.4029365], [-3.7040553, 43.4021365], [-3.7036429, 43.4017159], [-3.7035543, 43.4015273], [-3.7037366, 43.4012741], [-3.7042885, 43.4009375], [-3.7042614, 43.4007306], [-3.7034058, 43.4004296], [-3.7022808, 43.4003195], [-3.7021923, 43.4001399], [-3.7022639, 43.3999234], [-3.7021149, 43.3998522], [-3.7005223, 43.4009695], [-3.6971952, 43.4016111], [-3.6937915, 43.4009383], [-3.6892858, 43.3989214], [-3.6875464, 43.3979864], [-3.6819247, 43.3932924], [-3.6791809, 43.391949], [-3.6732842, 43.386851], [-3.667265, 43.3828791], [-3.6620798, 43.3806039], [-3.6584657, 43.3797422], [-3.6549159, 43.3779615], [-3.6423563, 43.3763215], [-3.6311552, 43.3746727], [-3.627004, 43.3755328], [-3.6234975, 43.3766685], [-3.6167709, 43.3719053], [-3.614364, 43.3694599], [-3.6156093, 43.366878], [-3.6165759, 43.3636041], [-3.6165273, 43.3624518], [-3.6195804, 43.3568345], [-3.6230149, 43.3499544], [-3.6256535, 43.3425292], [-3.6255509, 43.340945], [-3.6263463, 43.3391037], [-3.6195279, 43.3334137], [-3.6168295, 43.3312761], [-3.6159609, 43.3307765], [-3.6200926, 43.328278], [-3.6231634, 43.3258031], [-3.6247829, 43.3237502], [-3.6257299, 43.3234839], [-3.6270753, 43.322378], [-3.6281708, 43.3221649], [-3.6306585, 43.3194138], [-3.6308404, 43.317918], [-3.6329023, 43.3157546], [-3.6338374, 43.3155513], [-3.6346708, 43.3138628], [-3.6356924, 43.3124885], [-3.6362211, 43.3111528], [-3.6369906, 43.3104462], [-3.6391924, 43.3122799], [-3.6396638, 43.3125474], [-3.6418422, 43.3133097], [-3.6471699, 43.3168457], [-3.6482655, 43.317821], [-3.6507132, 43.3206887], [-3.6514266, 43.3216662], [-3.6515796, 43.3221335], [-3.6514064, 43.3232421], [-3.651099, 43.3244865], [-3.6511175, 43.3250627], [-3.6512731, 43.3257822], [-3.6518036, 43.3269498], [-3.652416, 43.3276937], [-3.6535752, 43.3288307], [-3.6572729, 43.3320153], [-3.6580739, 43.3330823], [-3.657584, 43.3334093], [-3.6577377, 43.3339396], [-3.6573819, 43.336409], [-3.6578553, 43.3379911], [-3.658203, 43.3427796], [-3.6631242, 43.351729], [-3.6678334, 43.3490633], [-3.6714658, 43.3472502], [-3.6792442, 43.3499239], [-3.6849194, 43.3498534], [-3.6851742, 43.3516716], [-3.6875521, 43.3524408], [-3.6892025, 43.3532593], [-3.6938552, 43.3533123], [-3.7031571, 43.3573979], [-3.7071973, 43.3588769], [-3.7133927, 43.3634563], [-3.7136806, 43.3645277], [-3.7137578, 43.3658509], [-3.713571, 43.3667706], [-3.7129441, 43.3680441], [-3.7127251, 43.3693782], [-3.7124407, 43.3703884], [-3.7121759, 43.3709664], [-3.7119527, 43.3719403], [-3.710917, 43.3741618], [-3.7103659, 43.375597], [-3.7098204, 43.3764558], [-3.7103539, 43.3766866], [-3.7113816, 43.3769594], [-3.7126995, 43.3777617], [-3.7142244, 43.3783105], [-3.7169493, 43.3790859], [-3.7175199, 43.3793165], [-3.718235, 43.3797162], [-3.718912, 43.3805221], [-3.7196029, 43.3808583], [-3.7210848, 43.3811671], [-3.723024, 43.381245], [-3.7260026, 43.3815323], [-3.7276696, 43.3819957], [-3.7293222, 43.3821977], [-3.7298775, 43.3821734], [-3.7309369, 43.3824905], [-3.7310246, 43.3827047], [-3.7309904, 43.3830161], [-3.7303574, 43.3840143], [-3.7302205, 43.3844394], [-3.730339, 43.3848281], [-3.7309094, 43.3852054], [-3.7305374, 43.3862576], [-3.7302912, 43.3885763], [-3.730082, 43.3891552], [-3.7297771, 43.3896893]]]}, "properties": {"nombre": "Entrambasaguas", "ine": "39028"}}, {"type": "Feature", "geometry": {"type": "Polygon", "coordinates": [[[-4.6400566, 43.2595308], [-4.6389905, 43.2602034], [-4.6373512, 43.2615596], [-4.6377714, 43.2620668], [-4.6379216, 43.2630732], [-4.6377827, 43.2638676], [-4.637597, 43.2642935], [-4.6370304, 43.2647608], [-4.6363517, 43.2651847], [-4.6356939, 43.2654643], [-4.634764, 43.2657117], [-4.6320652, 43.2670829], [-4.6316492, 43.2681154], [-4.6319892, 43.2683897], [-4.6341992, 43.2685472], [-4.6348829, 43.2687715], [-4.6350118, 43.269445], [-4.6353074, 43.2699], [-4.6362066, 43.2708056], [-4.636443, 43.2713515], [-4.6364029, 43.2726127], [-4.636565, 43.2731417], [-4.6370879, 43.2742598], [-4.6365859, 43.2757617], [-4.6360375, 43.2764539], [-4.6345478, 43.2774297], [-4.6325711, 43.27771], [-4.6311928, 43.2777837], [-4.6310415, 43.2785783], [-4.6308242, 43.2792117], [-4.6303934, 43.2796951], [-4.6297527, 43.2801635], [-4.6271458, 43.2813081], [-4.6267483, 43.281656], [-4.6264472, 43.2823806], [-4.6262467, 43.2845715], [-4.6259228, 43.2853685], [-4.6239072, 43.2883687], [-4.6227888, 43.2885433], [-4.6211518, 43.2878238], [-4.6210487, 43.28795], [-4.6205177, 43.2879125], [-4.6198066, 43.2880576], [-4.6192887, 43.2885152], [-4.6188853, 43.2891062], [-4.6187023, 43.2901083], [-4.6185169, 43.2905521], [-4.6149616, 43.2912867], [-4.6140865, 43.2922265], [-4.612234, 43.2930271], [-4.611525, 43.2937214], [-4.609091, 43.294449], [-4.6081163, 43.2948859], [-4.6075954, 43.2952354], [-4.6068198, 43.2962098], [-4.6066236, 43.2967168], [-4.6066518, 43.2973197], [-4.6072758, 43.2980763], [-4.6075646, 43.2986331], [-4.6059065, 43.2983183], [-4.6053575, 43.2983129], [-4.6051647, 43.2984425], [-4.6049421, 43.2984695], [-4.6039555, 43.2984101], [-4.6035326, 43.2982481], [-4.6012997, 43.2983723], [-4.6010994, 43.2982643], [-4.5995045, 43.2982967], [-4.5993264, 43.2983939], [-4.599089, 43.2987125], [-4.598681, 43.2985775], [-4.5980059, 43.2982535], [-4.5979985, 43.2973627], [-4.5946272, 43.2962004], [-4.5926948, 43.2949036], [-4.5909378, 43.2932352], [-4.5881739, 43.2926613], [-4.5870925, 43.2927934], [-4.584319, 43.2918504], [-4.5828538, 43.2919157], [-4.5824206, 43.2918496], [-4.5818222, 43.2915878], [-4.5815185, 43.2912858], [-4.5814617, 43.2909985], [-4.5815072, 43.2903765], [-4.5802666, 43.2895923], [-4.5755541, 43.2899274], [-4.5732359, 43.2894191], [-4.5728951, 43.2900631], [-4.5721315, 43.2905688], [-4.571579, 43.2911347], [-4.5713249, 43.2917955], [-4.5695141, 43.2918474], [-4.5683494, 43.291134], [-4.5663106, 43.2909458], [-4.5624947, 43.2901966], [-4.5605542, 43.2895117], [-4.559149, 43.2885494], [-4.5583895, 43.2882536], [-4.5563683, 43.2882631], [-4.5552424, 43.2880983], [-4.5545037, 43.2876491], [-4.5540189, 43.2870074], [-4.5530249, 43.2866967], [-4.5521679, 43.2867876], [-4.5516968, 43.2866931], [-4.5503763, 43.2859263], [-4.5502688, 43.2857076], [-4.5504208, 43.2853809], [-4.5504171, 43.285065], [-4.5506731, 43.2846788], [-4.5518197, 43.2834084], [-4.5520797, 43.2829727], [-4.5521894, 43.2824399], [-4.5520612, 43.2817573], [-4.5527784, 43.2808832], [-4.5528557, 43.2805309], [-4.5528034, 43.2799284], [-4.5524689, 43.2788884], [-4.5524619, 43.2771596], [-4.552893, 43.275695], [-4.5531304, 43.2753406], [-4.5531678, 43.2748719], [-4.5523681, 43.2739552], [-4.5529436, 43.2728399], [-4.5526739, 43.2724113], [-4.5527852, 43.2719416], [-4.5477735, 43.2686868], [-4.5448888, 43.2627918], [-4.5425448, 43.2582851], [-4.5389101, 43.2499598], [-4.53398, 43.2478919], [-4.5336384, 43.243115], [-4.5335437, 43.2388481], [-4.5276763, 43.2317589], [-4.5277497, 43.2297679], [-4.5265, 43.2216354], [-4.525686, 43.2181254], [-4.5238994, 43.2091716], [-4.5235876, 43.2080231], [-4.5240804, 43.2045768], [-4.5244166, 43.2037439], [-4.5247765, 43.2018841], [-4.5248719, 43.198299], [-4.525116, 43.1957474], [-4.5266361, 43.1959972], [-4.5301036, 43.1968514], [-4.5318735, 43.1977372], [-4.5337148, 43.198523], [-4.5367195, 43.1995632], [-4.5370742, 43.1999636], [-4.5390743, 43.2016747], [-4.541385, 43.202517], [-4.5420353, 43.2029225], [-4.5434346, 43.2032548], [-4.545861, 43.2033121], [-4.5468378, 43.203488], [-4.5473489, 43.2037422], [-4.5485291, 43.2056262], [-4.5487802, 43.2063072], [-4.5492521, 43.2069581], [-4.5499412, 43.2074351], [-4.5504462, 43.2079325], [-4.5508298, 43.2084946], [-4.5513405, 43.2101895], [-4.5520592, 43.2113414], [-4.5533715, 43.2126022], [-4.5542255, 43.213266], [-4.5572082, 43.2138828], [-4.5577897, 43.2144782], [-4.558433, 43.215568], [-4.5576693, 43.2174874], [-4.5570961, 43.2196383], [-4.5569636, 43.2207207], [-4.5570407, 43.2213319], [-4.5574299, 43.22211], [-4.5596206, 43.2244844], [-4.5601981, 43.2249178], [-4.5624712, 43.2256882], [-4.565076, 43.226427], [-4.5664719, 43.2270832], [-4.5720938, 43.2311752], [-4.5734143, 43.2317604], [-4.5781002, 43.2329565], [-4.579344, 43.2324801], [-4.5817399, 43.2317896], [-4.5839611, 43.2310115], [-4.5874926, 43.2299541], [-4.595284, 43.2274504], [-4.5950394, 43.2322353], [-4.5987145, 43.2314906], [-4.6008335, 43.2319923], [-4.6038272, 43.2334451], [-4.6079998, 43.2380419], [-4.6045853, 43.2407462], [-4.6051109, 43.241063], [-4.6120259, 43.2440633], [-4.6150608, 43.2447138], [-4.6283895, 43.250156], [-4.6298324, 43.2512848], [-4.6357722, 43.2545857], [-4.6400566, 43.2595308]]]}, "properties": {"nombre": "Peñarrubia", "ine": "39049"}}, {"type": "Feature", "geometry": {"type": "Polygon", "coordinates": [[[-3.8553274, 43.3350948], [-3.8542304, 43.3378044], [-3.8522889, 43.3454189], [-3.8455226, 43.3486297], [-3.849664, 43.3553887], [-3.8487069, 43.355783], [-3.8494184, 43.3590194], [-3.8453331, 43.3589956], [-3.841771, 43.3602194], [-3.8415144, 43.3604014], [-3.8408938, 43.3610453], [-3.8402511, 43.3618695], [-3.8389082, 43.3638333], [-3.8384641, 43.3674385], [-3.8364314, 43.3677235], [-3.8350431, 43.3681928], [-3.8340822, 43.3683349], [-3.8329581, 43.368271], [-3.8320708, 43.3683675], [-3.829625, 43.3691417], [-3.8275739, 43.3698949], [-3.8272408, 43.3699063], [-3.8265345, 43.3697043], [-3.8255703, 43.3696032], [-3.8245096, 43.3696648], [-3.8234094, 43.3695467], [-3.8220286, 43.3696646], [-3.8201729, 43.3702722], [-3.8194827, 43.3703492], [-3.8165224, 43.3714329], [-3.8149345, 43.3708409], [-3.8145759, 43.3707984], [-3.8129495, 43.3700896], [-3.8095429, 43.3701047], [-3.8075993, 43.3705754], [-3.8060749, 43.3645462], [-3.8071948, 43.3605672], [-3.8082228, 43.3580476], [-3.8072786, 43.3566406], [-3.8069666, 43.3563726], [-3.8030868, 43.3541307], [-3.8021853, 43.3540829], [-3.8008419, 43.3504454], [-3.7982777, 43.3468614], [-3.7982485, 43.3436829], [-3.797746, 43.342993], [-3.7966888, 43.342343], [-3.7964534, 43.3403726], [-3.795571, 43.338938], [-3.7941117, 43.3377144], [-3.7895851, 43.3358817], [-3.7898903, 43.3337275], [-3.7899974, 43.3334206], [-3.7897451, 43.3329901], [-3.788971, 43.332275], [-3.7879044, 43.3318321], [-3.7870769, 43.3317477], [-3.7836542, 43.3303394], [-3.7810488, 43.3291686], [-3.7789819, 43.3276518], [-3.7782697, 43.3211282], [-3.7759167, 43.3193972], [-3.7754198, 43.3181399], [-3.7752161, 43.315692], [-3.7777904, 43.3076873], [-3.7782865, 43.3069456], [-3.7773464, 43.3047728], [-3.7764138, 43.3012402], [-3.7785328, 43.2974534], [-3.7787909, 43.297172], [-3.780854, 43.2965366], [-3.784707, 43.2960871], [-3.787159, 43.2959802], [-3.7903277, 43.2960035], [-3.7922632, 43.2969536], [-3.7936387, 43.2974934], [-3.7957806, 43.29819], [-3.7963784, 43.298654], [-3.7985809, 43.2973781], [-3.7998536, 43.2975943], [-3.8011703, 43.297405], [-3.8040718, 43.2977269], [-3.8190798, 43.3044733], [-3.8219613, 43.3078655], [-3.8251639, 43.3149202], [-3.8276702, 43.3169462], [-3.84429, 43.3273245], [-3.8523056, 43.3324879], [-3.8537675, 43.3338187], [-3.8553274, 43.3350948]]]}, "properties": {"nombre": "Penagos", "ine": "39048"}}, {"type": "Feature", "geometry": {"type": "Polygon", "coordinates": [[[-4.2462942, 43.2766072], [-4.2456593, 43.2775055], [-4.2453303, 43.2776892], [-4.244387, 43.2779696], [-4.2434613, 43.2778986], [-4.2406522, 43.2773348], [-4.2402078, 43.2773036], [-4.2396558, 43.2774266], [-4.2393902, 43.2776996], [-4.238495, 43.2803567], [-4.2378808, 43.2810657], [-4.236995, 43.2817506], [-4.2362249, 43.2826774], [-4.2357792, 43.2837987], [-4.2346089, 43.2862696], [-4.2336007, 43.2876132], [-4.2326505, 43.2881727], [-4.2314881, 43.2885994], [-4.2309723, 43.288695], [-4.2302051, 43.2891625], [-4.229897, 43.2897781], [-4.2299077, 43.2903092], [-4.2300781, 43.2908117], [-4.2296692, 43.2919326], [-4.2287717, 43.2932749], [-4.2277516, 43.2940423], [-4.2268261, 43.2946105], [-4.2262138, 43.2948151], [-4.2254879, 43.2948859], [-4.2246244, 43.2948591], [-4.2219712, 43.2953377], [-4.2213492, 43.2956775], [-4.2211103, 43.2960583], [-4.2203242, 43.2965165], [-4.2133717, 43.3016909], [-4.2094794, 43.3051142], [-4.2057354, 43.309701], [-4.2025264, 43.3151825], [-4.2052251, 43.318828], [-4.203585, 43.3188362], [-4.2027001, 43.3189896], [-4.2014761, 43.3194617], [-4.1994498, 43.3198971], [-4.1970184, 43.3198055], [-4.1963302, 43.3199298], [-4.1937824, 43.3208208], [-4.1932837, 43.3211772], [-4.1925466, 43.3219592], [-4.1915919, 43.321699], [-4.1912177, 43.3214868], [-4.1896334, 43.3211971], [-4.1875716, 43.3210835], [-4.1851725, 43.3213875], [-4.1844159, 43.3218005], [-4.1839324, 43.3223098], [-4.1834813, 43.3225755], [-4.1825643, 43.3229902], [-4.1823953, 43.3231811], [-4.1817076, 43.3233322], [-4.1789348, 43.3234509], [-4.1767576, 43.3237524], [-4.1742536, 43.3237421], [-4.170176, 43.3239909], [-4.1694397, 43.3241875], [-4.1691595, 43.3243705], [-4.1687626, 43.3248968], [-4.1679258, 43.3249954], [-4.1664816, 43.3249381], [-4.1652935, 43.324725], [-4.164557, 43.3242643], [-4.1640413, 43.3237383], [-4.1630544, 43.323082], [-4.1626644, 43.3226807], [-4.1626454, 43.3223297], [-4.1593085, 43.321319], [-4.1550633, 43.3231358], [-4.1504654, 43.3239205], [-4.1464776, 43.3243657], [-4.1403612, 43.3283887], [-4.1382524, 43.3317144], [-4.1320842, 43.3303528], [-4.1272733, 43.3296709], [-4.1189546, 43.3320846], [-4.1178838, 43.3268364], [-4.117026, 43.3257913], [-4.1135109, 43.3244478], [-4.1136421, 43.3242034], [-4.1138044, 43.3222838], [-4.1137138, 43.3213752], [-4.1138024, 43.3208251], [-4.1142255, 43.3203528], [-4.1152417, 43.3199467], [-4.1163282, 43.3193418], [-4.1173523, 43.3186925], [-4.1176913, 43.318347], [-4.1181103, 43.3176585], [-4.1179975, 43.3168853], [-4.1180926, 43.3159579], [-4.1179788, 43.3158679], [-4.1181443, 43.3154791], [-4.1188251, 43.3149412], [-4.1202837, 43.3144587], [-4.1206668, 43.3138336], [-4.1208625, 43.3130753], [-4.1208463, 43.3108513], [-4.1209237, 43.3103643], [-4.1211485, 43.3098489], [-4.1242885, 43.307603], [-4.1246625, 43.3071581], [-4.124828, 43.3067693], [-4.125143, 43.306469], [-4.1266724, 43.3058237], [-4.1272305, 43.3053319], [-4.1287528, 43.3029757], [-4.1296109, 43.2987081], [-4.1265902, 43.2933531], [-4.1268682, 43.2930532], [-4.1283455, 43.2929486], [-4.1289005, 43.2929611], [-4.1291257, 43.293139], [-4.1293605, 43.2931727], [-4.1296277, 43.292954], [-4.1303424, 43.2929379], [-4.1326377, 43.292402], [-4.1342264, 43.2916569], [-4.137158, 43.2908714], [-4.1382637, 43.2906714], [-4.1388551, 43.2906565], [-4.1449675, 43.2813568], [-4.1478921, 43.2789233], [-4.1478002, 43.276655], [-4.1453018, 43.2722317], [-4.1444944, 43.270574], [-4.142814, 43.2644045], [-4.1436231, 43.2628657], [-4.1437091, 43.2615321], [-4.1447159, 43.2593699], [-4.1457076, 43.2577212], [-4.1463262, 43.2572017], [-4.1470115, 43.2556371], [-4.1472441, 43.2549053], [-4.1474955, 43.2545156], [-4.1508091, 43.2544914], [-4.1531953, 43.2542873], [-4.1535585, 43.2539505], [-4.1537179, 43.2532555], [-4.1544045, 43.2524292], [-4.1545409, 43.2518245], [-4.154969, 43.2510097], [-4.1552287, 43.2510612], [-4.1570457, 43.2507367], [-4.1578999, 43.2503048], [-4.1605628, 43.2497646], [-4.161211, 43.2495149], [-4.165521, 43.2487868], [-4.1664491, 43.2483631], [-4.1671838, 43.2481305], [-4.1704711, 43.248043], [-4.1720993, 43.2481524], [-4.1729092, 43.247991], [-4.1738234, 43.2474864], [-4.175367, 43.2470473], [-4.1779259, 43.246877], [-4.1786973, 43.2466349], [-4.1798409, 43.2465331], [-4.1814861, 43.2468853], [-4.1846587, 43.2478791], [-4.1864828, 43.2485626], [-4.1891947, 43.2492909], [-4.1906758, 43.2500679], [-4.1928087, 43.2514234], [-4.1932935, 43.2516435], [-4.1938129, 43.2517461], [-4.195675, 43.2518438], [-4.1959572, 43.2517868], [-4.1980781, 43.2518907], [-4.2001711, 43.2524541], [-4.202602, 43.2526537], [-4.2036055, 43.2529403], [-4.2043644, 43.2533195], [-4.2058246, 43.2536464], [-4.2065936, 43.2539084], [-4.2070801, 43.2542184], [-4.2079842, 43.2550824], [-4.2088562, 43.2561897], [-4.2092635, 43.2574731], [-4.2093786, 43.2583093], [-4.2092732, 43.2585896], [-4.2092532, 43.2594452], [-4.2094124, 43.2600198], [-4.2103134, 43.261343], [-4.2114219, 43.2625649], [-4.2123504, 43.2634105], [-4.2144115, 43.2648204], [-4.2147025, 43.2652046], [-4.2148752, 43.2658331], [-4.2157692, 43.2667961], [-4.2158344, 43.2669755], [-4.217917, 43.2694566], [-4.2182949, 43.2704881], [-4.2184454, 43.2706216], [-4.2199504, 43.271317], [-4.2215437, 43.2714981], [-4.2223269, 43.2718409], [-4.2245839, 43.2725462], [-4.2265631, 43.2735335], [-4.2274308, 43.2737853], [-4.2282956, 43.2738931], [-4.2312655, 43.2738883], [-4.2325987, 43.274], [-4.2330658, 43.2739409], [-4.234412, 43.2734762], [-4.2373837, 43.2729489], [-4.240401, 43.2728532], [-4.2408342, 43.2729476], [-4.2419952, 43.2736824], [-4.2449186, 43.2756316], [-4.2454102, 43.2761666], [-4.2462942, 43.2766072]]]}, "properties": {"nombre": "Mazcuerras", "ine": "39041"}}, {"type": "Feature", "geometry": {"type": "Polygon", "coordinates": [[[-3.8117885, 43.4006952], [-3.8134954, 43.4029306], [-3.8135091, 43.403338], [-3.8138563, 43.4033344], [-3.8135109, 43.4034139], [-3.8134003, 43.4038878], [-3.8138039, 43.4040722], [-3.8137569, 43.4042096], [-3.8134874, 43.404112], [-3.8133691, 43.4042419], [-3.8135272, 43.4044176], [-3.8138332, 43.4044745], [-3.8131159, 43.404567], [-3.8125091, 43.4048354], [-3.8122288, 43.4052324], [-3.8118062, 43.4055296], [-3.8114327, 43.406002], [-3.810575, 43.406556], [-3.8104415, 43.4068284], [-3.809701, 43.4072985], [-3.8089581, 43.4081156], [-3.8089568, 43.4084647], [-3.8088714, 43.4084853], [-3.8089049, 43.4089732], [-3.8091283, 43.4091502], [-3.8092535, 43.4095755], [-3.8090107, 43.4097619], [-3.8087652, 43.4098214], [-3.8086452, 43.4099968], [-3.808243, 43.4102771], [-3.8081467, 43.4110656], [-3.8078574, 43.4119843], [-3.807658, 43.412222], [-3.8071588, 43.4125725], [-3.8064192, 43.4127322], [-3.8062644, 43.4136697], [-3.8062801, 43.4132419], [-3.8061854, 43.4129493], [-3.805269, 43.4132444], [-3.8052436, 43.4134163], [-3.8039628, 43.4132025], [-3.8038921, 43.41334], [-3.8038066, 43.4137305], [-3.8046558, 43.413807], [-3.8061837, 43.4141944], [-3.8065945, 43.4147387], [-3.8071417, 43.4151756], [-3.8073193, 43.4155641], [-3.8074011, 43.4156381], [-3.8075827, 43.4156164], [-3.8075506, 43.4162948], [-3.8073754, 43.4167954], [-3.8069139, 43.4171228], [-3.807153, 43.4174373], [-3.8067975, 43.4171292], [-3.8065556, 43.4172412], [-3.8047803, 43.4166119], [-3.8040312, 43.4160404], [-3.8037134, 43.4159583], [-3.8033972, 43.4157297], [-3.8030795, 43.4156308], [-3.8029943, 43.4153809], [-3.8027198, 43.4151237], [-3.8002483, 43.414702], [-3.7999911, 43.4147088], [-3.799726, 43.4148908], [-3.7995028, 43.4149022], [-3.7993006, 43.4146372], [-3.7992469, 43.4142382], [-3.7982763, 43.4143619], [-3.7978603, 43.4145033], [-3.797131, 43.4150243], [-3.7954584, 43.4157161], [-3.7951443, 43.4160444], [-3.7949424, 43.4160163], [-3.7946123, 43.4161146], [-3.7944406, 43.4163862], [-3.7948809, 43.4164763], [-3.7946317, 43.4166904], [-3.7946562, 43.4167817], [-3.7941454, 43.4169643], [-3.7939066, 43.4171363], [-3.7938856, 43.4173347], [-3.7936748, 43.4174767], [-3.7937451, 43.4176542], [-3.793649, 43.417709], [-3.7935485, 43.4175296], [-3.7927555, 43.4178747], [-3.7922028, 43.4179857], [-3.7918534, 43.4181837], [-3.7923151, 43.4194814], [-3.7925749, 43.4196095], [-3.7924363, 43.4198026], [-3.7922477, 43.419758], [-3.7917261, 43.4182456], [-3.7915927, 43.4182508], [-3.7904459, 43.4187439], [-3.7892485, 43.4190106], [-3.7889629, 43.4191707], [-3.7890367, 43.4192638], [-3.7889594, 43.419327], [-3.7888442, 43.4192289], [-3.7874655, 43.4198624], [-3.7876516, 43.4201556], [-3.7876059, 43.4202152], [-3.7874203, 43.4201641], [-3.7864125, 43.4192241], [-3.7851312, 43.4196154], [-3.7841237, 43.4196958], [-3.7834327, 43.4207526], [-3.7825735, 43.4215436], [-3.7823126, 43.4214888], [-3.7823126, 43.4215676], [-3.7822362, 43.4215711], [-3.7821105, 43.4214512], [-3.7815433, 43.4213021], [-3.7811229, 43.4211192], [-3.7807087, 43.4207528], [-3.7800637, 43.4208186], [-3.7798412, 43.4209536], [-3.7792528, 43.4208104], [-3.7788796, 43.4213401], [-3.7789485, 43.4217161], [-3.778748, 43.422431], [-3.7790468, 43.4228039], [-3.7794024, 43.4242095], [-3.7796611, 43.4244418], [-3.7804959, 43.4247063], [-3.782127, 43.4248396], [-3.7829741, 43.4252648], [-3.7844563, 43.4255454], [-3.784675, 43.426211], [-3.7851497, 43.4267618], [-3.7856628, 43.426715], [-3.7876628, 43.4281475], [-3.7886629, 43.4285861], [-3.7888161, 43.4287886], [-3.7886788, 43.428931], [-3.7887851, 43.4291363], [-3.7891766, 43.4292201], [-3.7899894, 43.4297586], [-3.7899003, 43.4299336], [-3.7902236, 43.4302198], [-3.7904833, 43.4302713], [-3.7904674, 43.4305545], [-3.7905796, 43.4306336], [-3.7904867, 43.4311879], [-3.7906348, 43.4312863], [-3.7904749, 43.4315801], [-3.7907528, 43.4319107], [-3.7912002, 43.4321673], [-3.7912014, 43.4323186], [-3.7909771, 43.4323315], [-3.7905228, 43.4321361], [-3.7902001, 43.4321529], [-3.789258, 43.431982], [-3.7861476, 43.4320761], [-3.784883, 43.4316078], [-3.784592, 43.4316915], [-3.7842313, 43.43185], [-3.7839353, 43.4321065], [-3.784138, 43.4322378], [-3.7816976, 43.4328991], [-3.7805692, 43.4334418], [-3.7797937, 43.434119], [-3.779258, 43.434745], [-3.7777851, 43.4374982], [-3.7769374, 43.4373281], [-3.7761674, 43.4381424], [-3.7756718, 43.4382743], [-3.775141, 43.438625], [-3.7744882, 43.4388108], [-3.7737296, 43.4396015], [-3.7735379, 43.4396034], [-3.7730721, 43.4402354], [-3.7727935, 43.4407695], [-3.7726032, 43.4409551], [-3.7725284, 43.4418914], [-3.7727071, 43.4424133], [-3.7725071, 43.4430339], [-3.7725552, 43.4430974], [-3.772395, 43.4432765], [-3.7724202, 43.4434254], [-3.7721618, 43.4437386], [-3.7719011, 43.4437202], [-3.7715442, 43.4439038], [-3.7712101, 43.4439484], [-3.7707487, 43.4448249], [-3.770836, 43.4454044], [-3.770592, 43.445582], [-3.7710322, 43.4459892], [-3.7712228, 43.4464438], [-3.7714905, 43.4466395], [-3.7713905, 43.4466673], [-3.7713455, 43.4468535], [-3.7714117, 43.4472487], [-3.7716323, 43.4477491], [-3.7723098, 43.4484822], [-3.77273, 43.448614], [-3.7731669, 43.4483107], [-3.7738137, 43.4482426], [-3.7743913, 43.4483246], [-3.7750034, 43.4485286], [-3.7757332, 43.4489172], [-3.7761029, 43.4493059], [-3.7761053, 43.4494087], [-3.7759768, 43.449384], [-3.7756828, 43.4490444], [-3.7751859, 43.4487604], [-3.7746289, 43.4485547], [-3.7740168, 43.4484432], [-3.7731333, 43.4485686], [-3.7728917, 43.448739], [-3.7728699, 43.448854], [-3.7724551, 43.4488994], [-3.7722656, 43.4488729], [-3.7724354, 43.4488104], [-3.771818, 43.4484402], [-3.7711952, 43.4486011], [-3.7712364, 43.4489014], [-3.7721159, 43.4488796], [-3.7707242, 43.4489988], [-3.7711689, 43.448912], [-3.7711237, 43.4486545], [-3.7703796, 43.4486781], [-3.7696091, 43.4487932], [-3.7696764, 43.4490726], [-3.7704361, 43.449026], [-3.7694518, 43.449101], [-3.7692427, 43.4490104], [-3.7691923, 43.4490655], [-3.7683233, 43.4486973], [-3.7683674, 43.4486472], [-3.7688336, 43.4488443], [-3.7690442, 43.4487123], [-3.7690388, 43.4485411], [-3.767688, 43.4477376], [-3.7675775, 43.4478648], [-3.767167, 43.4476844], [-3.7669256, 43.4474595], [-3.7664132, 43.447189], [-3.7666602, 43.4470371], [-3.7659547, 43.4464109], [-3.7655014, 43.4466189], [-3.7652328, 43.4462859], [-3.7640071, 43.4467852], [-3.7640443, 43.4468286], [-3.7639486, 43.4468767], [-3.7642612, 43.4472807], [-3.7657386, 43.447125], [-3.7660984, 43.4472714], [-3.7656869, 43.4471601], [-3.7641383, 43.4473117], [-3.7637469, 43.4468148], [-3.7609101, 43.4480189], [-3.7601846, 43.4482239], [-3.7594614, 43.4482713], [-3.7570006, 43.4479518], [-3.754878, 43.4484215], [-3.7528666, 43.4455055], [-3.7514493, 43.4444555], [-3.7502584, 43.4440006], [-3.7492306, 43.4429038], [-3.749134, 43.4419028], [-3.7496812, 43.4411495], [-3.7508882, 43.4407086], [-3.7574735, 43.439329], [-3.7582213, 43.4388226], [-3.7585711, 43.4382578], [-3.7584103, 43.4375304], [-3.7580301, 43.436681], [-3.7568103, 43.4356952], [-3.7552534, 43.4347385], [-3.7536261, 43.4345589], [-3.7506251, 43.4346436], [-3.7481879, 43.4350178], [-3.7453211, 43.43497], [-3.7448794, 43.4347019], [-3.7439595, 43.4330521], [-3.7432658, 43.4323998], [-3.7411467, 43.4320328], [-3.7387351, 43.4318592], [-3.7382667, 43.4319523], [-3.7378121, 43.4321623], [-3.7374462, 43.4325518], [-3.7371095, 43.4333194], [-3.736508, 43.4356915], [-3.7362531, 43.4360713], [-3.7284726, 43.4426222], [-3.7273415, 43.4431156], [-3.72681, 43.443101], [-3.7262884, 43.4428881], [-3.7234912, 43.4404475], [-3.722053, 43.4390068], [-3.7214465, 43.4378761], [-3.7212169, 43.4351761], [-3.7202884, 43.4339843], [-3.7199574, 43.433158], [-3.7199115, 43.4324109], [-3.7203469, 43.4316157], [-3.7203053, 43.4312288], [-3.7201287, 43.4309238], [-3.7180343, 43.429343], [-3.7176713, 43.4289401], [-3.7171982, 43.4275834], [-3.7170229, 43.4263328], [-3.7170415, 43.4258194], [-3.7172181, 43.42508], [-3.7172583, 43.4242963], [-3.7170634, 43.4234781], [-3.7167093, 43.4227779], [-3.7162464, 43.4222856], [-3.715799, 43.4220633], [-3.7152928, 43.4220844], [-3.7135493, 43.4230047], [-3.7129077, 43.4230717], [-3.7124618, 43.4229754], [-3.7121135, 43.4227705], [-3.7119132, 43.4225466], [-3.7118236, 43.422277], [-3.7120289, 43.4218706], [-3.7132901, 43.4209083], [-3.7135704, 43.4205823], [-3.7136279, 43.4202218], [-3.7134875, 43.4198355], [-3.7130625, 43.4194059], [-3.711878, 43.4184678], [-3.711552, 43.4180556], [-3.7111462, 43.4171576], [-3.7112911, 43.415806], [-3.710881, 43.4145389], [-3.7105037, 43.4139559], [-3.7094516, 43.4137733], [-3.7092026, 43.4136038], [-3.7090264, 43.4133257], [-3.7089733, 43.4130019], [-3.7090665, 43.4125241], [-3.7094742, 43.411468], [-3.7102795, 43.4106166], [-3.7109666, 43.4102252], [-3.7114959, 43.4100688], [-3.7121086, 43.4096508], [-3.7146632, 43.4084193], [-3.717743, 43.4066892], [-3.7182576, 43.4063438], [-3.7197856, 43.4050016], [-3.7205941, 43.4044382], [-3.7220879, 43.4043928], [-3.7225432, 43.4042549], [-3.7232658, 43.4037461], [-3.7239855, 43.4029852], [-3.7250053, 43.3994309], [-3.7254983, 43.3983112], [-3.7254697, 43.3979782], [-3.725583, 43.397122], [-3.7257627, 43.3966617], [-3.7264339, 43.3959911], [-3.7267727, 43.3954036], [-3.7269814, 43.3942677], [-3.7268614, 43.3935211], [-3.7265488, 43.3931899], [-3.7264097, 43.3929206], [-3.7264433, 43.3926323], [-3.7267117, 43.3923514], [-3.7283765, 43.3911433], [-3.7297771, 43.3896893], [-3.7304862, 43.3899683], [-3.7318972, 43.3902474], [-3.7376099, 43.3919578], [-3.7410408, 43.3928272], [-3.742901, 43.3934815], [-3.7449193, 43.3939366], [-3.7480057, 43.3938806], [-3.7538062, 43.3936175], [-3.756145, 43.3960064], [-3.7571001, 43.4023214], [-3.7590482, 43.4040465], [-3.7611328, 43.4048251], [-3.7621203, 43.4057641], [-3.7636106, 43.4064205], [-3.7640816, 43.4065525], [-3.7672588, 43.4058109], [-3.7676054, 43.4058716], [-3.7681428, 43.4063723], [-3.7684839, 43.4069733], [-3.7689822, 43.4073122], [-3.7704006, 43.4071586], [-3.7709045, 43.4069571], [-3.7726784, 43.4056215], [-3.7738299, 43.4048753], [-3.7750576, 43.4042908], [-3.7773534, 43.4041852], [-3.7786711, 43.4038881], [-3.7796789, 43.4035031], [-3.7810951, 43.4031783], [-3.7817958, 43.4029304], [-3.7830963, 43.4022552], [-3.7843319, 43.4019195], [-3.784804, 43.4014479], [-3.7853244, 43.4003893], [-3.7857857, 43.399807], [-3.7863328, 43.3994328], [-3.7884458, 43.3994118], [-3.7884145, 43.3995625], [-3.7886409, 43.4001391], [-3.789732, 43.4000094], [-3.7908474, 43.4000833], [-3.792506, 43.4000419], [-3.793726, 43.4001923], [-3.7944153, 43.4004384], [-3.7953757, 43.4009258], [-3.7959346, 43.4010998], [-3.7964002, 43.4011768], [-3.7973163, 43.4011135], [-3.8003246, 43.4005566], [-3.8014652, 43.4000548], [-3.8024343, 43.3994608], [-3.8029215, 43.3990368], [-3.8037195, 43.3981652], [-3.8043729, 43.3972888], [-3.804668, 43.397057], [-3.8051276, 43.396759], [-3.8066183, 43.3963697], [-3.8081479, 43.3964968], [-3.8086917, 43.3967044], [-3.8096386, 43.3972541], [-3.8100813, 43.3977077], [-3.8115628, 43.4001399], [-3.8118554, 43.399742], [-3.8120552, 43.3998488], [-3.8117308, 43.4003437], [-3.8117885, 43.4006952]]]}, "properties": {"nombre": "Marina de Cudeyo", "ine": "39040"}}, {"type": "Feature", "geometry": {"type": "Polygon", "coordinates": [[[-3.6121213, 43.4326568], [-3.6093963, 43.4332296], [-3.6091641, 43.4334829], [-3.6089947, 43.433844], [-3.6088884, 43.4343308], [-3.6089054, 43.434799], [-3.609417, 43.4365341], [-3.6089453, 43.4375631], [-3.6089856, 43.4378781], [-3.6101915, 43.4398437], [-3.6104477, 43.4407518], [-3.6104016, 43.4410852], [-3.6100502, 43.4417804], [-3.6101681, 43.4424461], [-3.6099738, 43.4427893], [-3.6099148, 43.4430688], [-3.6099884, 43.4454816], [-3.6091431, 43.4462244], [-3.6074424, 43.4491869], [-3.6070035, 43.4497925], [-3.6047998, 43.4519112], [-3.6043454, 43.4534534], [-3.6071344, 43.4592106], [-3.6000289, 43.4606976], [-3.5960971, 43.4618796], [-3.593522, 43.4627573], [-3.5916017, 43.4635956], [-3.5917292, 43.4640002], [-3.5917194, 43.4642614], [-3.591268, 43.464876], [-3.5909727, 43.4650216], [-3.5890481, 43.4654366], [-3.5881203, 43.4653694], [-3.5877718, 43.465128], [-3.5875639, 43.4640756], [-3.5872148, 43.4637712], [-3.5869421, 43.4636915], [-3.5864359, 43.4637661], [-3.5861061, 43.464182], [-3.5859512, 43.4647861], [-3.5862174, 43.4654691], [-3.5811553, 43.4648645], [-3.5788279, 43.464516], [-3.5759791, 43.463945], [-3.5752864, 43.4638944], [-3.5727044, 43.4640784], [-3.5715669, 43.464057], [-3.5709477, 43.4639431], [-3.5696931, 43.463301], [-3.5690608, 43.463106], [-3.5650678, 43.4630897], [-3.5635954, 43.4602785], [-3.554719, 43.4479404], [-3.5549321, 43.4428339], [-3.5553876, 43.4399322], [-3.5557847, 43.4387597], [-3.5560353, 43.4364263], [-3.5610582, 43.4357536], [-3.5626392, 43.4356829], [-3.5636752, 43.4354797], [-3.5647713, 43.4350871], [-3.5668561, 43.4347167], [-3.5676078, 43.4344969], [-3.5710613, 43.4325168], [-3.5785348, 43.4284185], [-3.5841451, 43.4259499], [-3.5861388, 43.4251473], [-3.588008, 43.4242464], [-3.590006, 43.4226243], [-3.5912382, 43.4222938], [-3.5945673, 43.4216284], [-3.5975956, 43.4218018], [-3.6026429, 43.4225048], [-3.6056572, 43.422507], [-3.6091852, 43.4232177], [-3.6096315, 43.4233774], [-3.612479, 43.4264418], [-3.6131632, 43.4269064], [-3.6142805, 43.4274407], [-3.6146546, 43.4277899], [-3.6148574, 43.4282931], [-3.6148729, 43.4298328], [-3.6147458, 43.4307069], [-3.6121213, 43.4326568]]]}, "properties": {"nombre": "Meruelo", "ine": "39043"}}, {"type": "Feature", "geometry": {"type": "Polygon", "coordinates": [[[-3.8150865, 43.3921398], [-3.8113564, 43.392454], [-3.8101033, 43.3931385], [-3.8085107, 43.3946767], [-3.8072202, 43.3946906], [-3.8070459, 43.3948634], [-3.8049672, 43.3952064], [-3.8047916, 43.3951768], [-3.8026339, 43.3974694], [-3.8019366, 43.3971767], [-3.8016292, 43.3974959], [-3.8008893, 43.3978915], [-3.7994898, 43.3984429], [-3.7980915, 43.3986041], [-3.7937103, 43.3984823], [-3.7888138, 43.3985645], [-3.7885223, 43.3986424], [-3.7884458, 43.3994118], [-3.7863328, 43.3994328], [-3.7857857, 43.399807], [-3.7853244, 43.4003893], [-3.784804, 43.4014479], [-3.7843319, 43.4019195], [-3.7830963, 43.4022552], [-3.7817958, 43.4029304], [-3.7810951, 43.4031783], [-3.7796789, 43.4035031], [-3.7786711, 43.4038881], [-3.7773534, 43.4041852], [-3.7750576, 43.4042908], [-3.7738299, 43.4048753], [-3.7726784, 43.4056215], [-3.7709045, 43.4069571], [-3.7704006, 43.4071586], [-3.7689822, 43.4073122], [-3.7684839, 43.4069733], [-3.7681428, 43.4063723], [-3.7676054, 43.4058716], [-3.7672588, 43.4058109], [-3.7640816, 43.4065525], [-3.7636106, 43.4064205], [-3.7621203, 43.4057641], [-3.7611328, 43.4048251], [-3.7590482, 43.4040465], [-3.7571001, 43.4023214], [-3.756145, 43.3960064], [-3.7538062, 43.3936175], [-3.7480057, 43.3938806], [-3.7449193, 43.3939366], [-3.742901, 43.3934815], [-3.7410408, 43.3928272], [-3.7376099, 43.3919578], [-3.7318972, 43.3902474], [-3.7304862, 43.3899683], [-3.7297771, 43.3896893], [-3.730082, 43.3891552], [-3.7302912, 43.3885763], [-3.7305374, 43.3862576], [-3.7309094, 43.3852054], [-3.730339, 43.3848281], [-3.7302205, 43.3844394], [-3.7303574, 43.3840143], [-3.7309904, 43.3830161], [-3.7310246, 43.3827047], [-3.7309369, 43.3824905], [-3.7298775, 43.3821734], [-3.7293222, 43.3821977], [-3.7276696, 43.3819957], [-3.7260026, 43.3815323], [-3.723024, 43.381245], [-3.7210848, 43.3811671], [-3.7196029, 43.3808583], [-3.718912, 43.3805221], [-3.718235, 43.3797162], [-3.7175199, 43.3793165], [-3.7169493, 43.3790859], [-3.7142244, 43.3783105], [-3.7126995, 43.3777617], [-3.7113816, 43.3769594], [-3.7103539, 43.3766866], [-3.7098204, 43.3764558], [-3.7103659, 43.375597], [-3.710917, 43.3741618], [-3.7119527, 43.3719403], [-3.7121759, 43.3709664], [-3.7124407, 43.3703884], [-3.7127251, 43.3693782], [-3.7129441, 43.3680441], [-3.713571, 43.3667706], [-3.7137578, 43.3658509], [-3.7136806, 43.3645277], [-3.7133927, 43.3634563], [-3.7136465, 43.3617516], [-3.7147767, 43.360754], [-3.7167726, 43.3599248], [-3.7185471, 43.3588108], [-3.7204653, 43.3579569], [-3.7208691, 43.3576136], [-3.7212626, 43.355874], [-3.7217185, 43.3551173], [-3.7230448, 43.3547245], [-3.7253543, 43.3544439], [-3.7332314, 43.3558112], [-3.7381138, 43.3540759], [-3.7398863, 43.3549744], [-3.741722, 43.3564078], [-3.7455557, 43.3580393], [-3.7536217, 43.3598463], [-3.7612544, 43.3602216], [-3.76656, 43.3633046], [-3.767281, 43.3633749], [-3.771259, 43.3657095], [-3.7786443, 43.3729512], [-3.7785124, 43.3789468], [-3.7925306, 43.3759636], [-3.8075993, 43.3705754], [-3.8052827, 43.3793285], [-3.8068743, 43.3848552], [-3.8142847, 43.3915024], [-3.8150865, 43.3921398]]]}, "properties": {"nombre": "Medio Cudeyo", "ine": "39042"}}, {"type": "Feature", "geometry": {"type": "MultiPolygon", "coordinates": [[[[-3.5309009, 43.4927502], [-3.5311878, 43.4930538], [-3.5311369, 43.4931822], [-3.5309572, 43.4931491], [-3.5307882, 43.4929059], [-3.5308043, 43.492793], [-3.5309009, 43.4927502]]], [[[-3.5397907, 43.4945514], [-3.5397169, 43.4945638], [-3.5396843, 43.4944456], [-3.5399639, 43.4943573], [-3.540084, 43.494198], [-3.5400086, 43.494183], [-3.5400137, 43.4941034], [-3.5401458, 43.4940511], [-3.5403637, 43.4940748], [-3.5406757, 43.4942519], [-3.5404649, 43.4943674], [-3.5405932, 43.4944335], [-3.5405362, 43.494504], [-3.5402213, 43.494713], [-3.5400566, 43.4947007], [-3.5400086, 43.494814], [-3.5399296, 43.4947182], [-3.5397776, 43.4947165], [-3.5397907, 43.4945514]]], [[[-3.5401777, 43.4948734], [-3.540553, 43.4946182], [-3.5406836, 43.494696], [-3.5408445, 43.4950217], [-3.5406099, 43.4951505], [-3.5403553, 43.4951116], [-3.5402179, 43.4950241], [-3.5401777, 43.4948734]]], [[[-3.5264992, 43.495765], [-3.5265125, 43.4960127], [-3.5264094, 43.4961527], [-3.5261815, 43.4960862], [-3.5263774, 43.4960808], [-3.5263156, 43.4960316], [-3.5260097, 43.4960105], [-3.5259993, 43.4957089], [-3.5259231, 43.4959658], [-3.5257164, 43.4959398], [-3.5255134, 43.4958372], [-3.5255128, 43.4957201], [-3.5252592, 43.4954466], [-3.5250644, 43.495443], [-3.5248728, 43.4953313], [-3.5248049, 43.4952551], [-3.5248307, 43.4951019], [-3.525274, 43.4950143], [-3.5259836, 43.4951372], [-3.5261819, 43.4953221], [-3.5261171, 43.4954879], [-3.5260196, 43.4954135], [-3.525987, 43.4956188], [-3.5260635, 43.4956475], [-3.5261992, 43.4954618], [-3.5263808, 43.4954307], [-3.5264854, 43.4955536], [-3.5263659, 43.4955991], [-3.5264992, 43.495765]]], [[[-3.529259, 43.4962594], [-3.5291214, 43.4964825], [-3.5290087, 43.4965145], [-3.5288466, 43.4964837], [-3.5287372, 43.4962636], [-3.5286288, 43.4962416], [-3.528671, 43.4965205], [-3.5285371, 43.4965437], [-3.5284142, 43.4964632], [-3.5283567, 43.4967831], [-3.5281572, 43.4968651], [-3.5280292, 43.4968161], [-3.5280509, 43.49669], [-3.5267576, 43.4961511], [-3.5268641, 43.4960381], [-3.5271888, 43.4962257], [-3.5272266, 43.4960319], [-3.527111, 43.4959379], [-3.5271621, 43.495591], [-3.5274778, 43.4953149], [-3.5277187, 43.4952328], [-3.5286924, 43.495647], [-3.529183, 43.4960995], [-3.529259, 43.4962594]]], [[[-3.5250087, 43.4965238], [-3.5253232, 43.4967745], [-3.5249578, 43.4969337], [-3.5247325, 43.4966286], [-3.5250087, 43.4965238]]], [[[-3.5409547, 43.4940119], [-3.5396361, 43.4929346], [-3.5383712, 43.4924618], [-3.537079, 43.4921743], [-3.5362818, 43.4922206], [-3.5358205, 43.4924054], [-3.5356551, 43.4927039], [-3.5357812, 43.4927857], [-3.5359662, 43.4927195], [-3.536248, 43.4928702], [-3.5363487, 43.4930363], [-3.5363139, 43.4932481], [-3.5361472, 43.4933254], [-3.535616, 43.4933549], [-3.5358102, 43.4936827], [-3.5357158, 43.4937956], [-3.5351284, 43.4937714], [-3.5349155, 43.4936823], [-3.5346274, 43.4939358], [-3.5344412, 43.4938106], [-3.5338794, 43.4936961], [-3.5338331, 43.4933542], [-3.5331355, 43.4930963], [-3.5324341, 43.4922621], [-3.532564, 43.4919644], [-3.5321695, 43.4918182], [-3.5309343, 43.4920709], [-3.5294025, 43.4922311], [-3.5286482, 43.4924903], [-3.5280601, 43.4929801], [-3.5269057, 43.494237], [-3.5268785, 43.4943992], [-3.5269687, 43.4945024], [-3.5268362, 43.494602], [-3.5264833, 43.494606], [-3.5257986, 43.4944042], [-3.5255113, 43.4941578], [-3.5251039, 43.4940336], [-3.5246949, 43.4936954], [-3.5246169, 43.4937336], [-3.5246372, 43.4939347], [-3.5245309, 43.4940002], [-3.523924, 43.4937689], [-3.5231673, 43.4941325], [-3.5227932, 43.4941162], [-3.5228187, 43.4942461], [-3.5225096, 43.4942886], [-3.5224476, 43.4942122], [-3.5225629, 43.4941037], [-3.5224143, 43.4939018], [-3.5218961, 43.4939087], [-3.5217516, 43.4937427], [-3.521768, 43.4935805], [-3.5216363, 43.4935046], [-3.5215889, 43.4936084], [-3.5213591, 43.4935779], [-3.5209502, 43.4944352], [-3.520536, 43.4946847], [-3.5202033, 43.4947312], [-3.5200757, 43.4946012], [-3.5200944, 43.4944797], [-3.5196558, 43.4946211], [-3.5194295, 43.4945546], [-3.5193791, 43.4947169], [-3.5188798, 43.4947732], [-3.5180811, 43.4946192], [-3.5178214, 43.4943503], [-3.5176312, 43.4944322], [-3.5172213, 43.4942719], [-3.5172563, 43.4940737], [-3.5170481, 43.4940386], [-3.5169722, 43.4937508], [-3.5163156, 43.4934431], [-3.5163629, 43.4931817], [-3.5162928, 43.493173], [-3.5162194, 43.493358], [-3.5160678, 43.4932551], [-3.5159463, 43.4930575], [-3.5160053, 43.4927241], [-3.5154908, 43.4926184], [-3.5152746, 43.4924212], [-3.5152211, 43.4922639], [-3.5149349, 43.4923327], [-3.5142665, 43.4922277], [-3.5140721, 43.4923636], [-3.5138589, 43.492243], [-3.5135917, 43.4922757], [-3.5132791, 43.4921915], [-3.51306, 43.492053], [-3.5131352, 43.4919491], [-3.5135302, 43.4919428], [-3.5136343, 43.491825], [-3.5130302, 43.4913642], [-3.5137584, 43.4911809], [-3.5142853, 43.4906923], [-3.514338, 43.490485], [-3.5145608, 43.4903714], [-3.5144875, 43.4902907], [-3.5148443, 43.4902531], [-3.5148707, 43.4900369], [-3.5147874, 43.4898301], [-3.514407, 43.4895977], [-3.5145605, 43.4892819], [-3.515062, 43.4889465], [-3.5149893, 43.4885686], [-3.5153307, 43.4881709], [-3.5154253, 43.4879454], [-3.5152729, 43.4877435], [-3.5150017, 43.4876546], [-3.5151299, 43.4875145], [-3.515102, 43.4873705], [-3.5148898, 43.4871374], [-3.5146774, 43.487066], [-3.5150517, 43.4867222], [-3.5149072, 43.4864935], [-3.5145043, 43.4863287], [-3.514847, 43.4860435], [-3.5147737, 43.4855576], [-3.514624, 43.4852744], [-3.5147369, 43.4849587], [-3.514676, 43.4848377], [-3.5144715, 43.4847396], [-3.5144795, 43.4845414], [-3.5143325, 43.4844295], [-3.5144084, 43.4842266], [-3.5142171, 43.4840383], [-3.5141064, 43.4837867], [-3.5139242, 43.4836705], [-3.5138347, 43.4834638], [-3.513952, 43.4831166], [-3.5141858, 43.482985], [-3.514273, 43.4827865], [-3.5146836, 43.4824875], [-3.5147531, 43.4821884], [-3.5152273, 43.4819853], [-3.5154588, 43.4817096], [-3.5154433, 43.4812055], [-3.5151977, 43.4809994], [-3.5152776, 43.4807605], [-3.5149242, 43.4800912], [-3.5152083, 43.4791895], [-3.5148435, 43.4784078], [-3.5144461, 43.4782024], [-3.5135786, 43.4773734], [-3.5131947, 43.477213], [-3.5128782, 43.4773], [-3.512572, 43.4771933], [-3.5118151, 43.4771472], [-3.5115647, 43.4769637], [-3.5114566, 43.4767525], [-3.5111948, 43.4765871], [-3.5102286, 43.4762312], [-3.509368, 43.4758073], [-3.5083817, 43.4755461], [-3.5066938, 43.4753914], [-3.5058422, 43.4754852], [-3.5053648, 43.4753613], [-3.5043374, 43.474812], [-3.5035236, 43.4740502], [-3.5021309, 43.473516], [-3.5014547, 43.4734154], [-3.5007038, 43.4734412], [-3.5004385, 43.4731227], [-3.4997389, 43.4728646], [-3.4995606, 43.4726537], [-3.4996006, 43.4724825], [-3.499498, 43.4723163], [-3.4988542, 43.4718734], [-3.4982562, 43.4716599], [-3.4967304, 43.4713693], [-3.4956793, 43.4710092], [-3.4940732, 43.4707775], [-3.4900925, 43.4704838], [-3.4874254, 43.4705177], [-3.4859156, 43.470335], [-3.4851978, 43.4703965], [-3.4811873, 43.469639], [-3.479319, 43.4691695], [-3.4785491, 43.4694158], [-3.478212, 43.4693902], [-3.4777907, 43.4695766], [-3.4773825, 43.4696458], [-3.4763949, 43.4694878], [-3.4756047, 43.4688723], [-3.4771397, 43.4681431], [-3.4781073, 43.4669865], [-3.4793981, 43.4660536], [-3.4838629, 43.4647383], [-3.4844693, 43.4648258], [-3.4859457, 43.4654859], [-3.4844893, 43.4642314], [-3.4921261, 43.4650655], [-3.4995819, 43.4655356], [-3.5029488, 43.4660612], [-3.511503, 43.4656687], [-3.5138719, 43.4620122], [-3.5145109, 43.4604255], [-3.5169211, 43.4620013], [-3.5256254, 43.4664912], [-3.5269964, 43.4677725], [-3.5274761, 43.4689139], [-3.5333287, 43.4708859], [-3.533112, 43.4715533], [-3.5342468, 43.4712509], [-3.5397408, 43.4689741], [-3.542896, 43.4734255], [-3.5395777, 43.4756922], [-3.5374885, 43.4785384], [-3.5405712, 43.4831432], [-3.5461435, 43.4881324], [-3.5458126, 43.4884671], [-3.5472053, 43.4893069], [-3.5460665, 43.4905729], [-3.5453672, 43.4912066], [-3.5409547, 43.4940119]]], [[[-3.5137702, 43.4866006], [-3.5138753, 43.4864755], [-3.5140492, 43.4864897], [-3.513899, 43.4867135], [-3.5137702, 43.4866006]]], [[[-3.5249195, 43.4940257], [-3.5249185, 43.4941245], [-3.524801, 43.4942151], [-3.524659, 43.4941122], [-3.5247271, 43.4939683], [-3.5249195, 43.4940257]]], [[[-3.5231701, 43.4943852], [-3.5229045, 43.4942611], [-3.5229092, 43.4942188], [-3.523215, 43.4943249], [-3.5231701, 43.4943852]]], [[[-3.5235622, 43.4949321], [-3.5237122, 43.495026], [-3.5234878, 43.4951305], [-3.5235015, 43.4954636], [-3.5234293, 43.4955675], [-3.5231807, 43.4956452], [-3.5226887, 43.4953413], [-3.5226597, 43.4950623], [-3.5232172, 43.494632], [-3.5237238, 43.4948053], [-3.5239468, 43.4950249], [-3.5235622, 43.4949321]]], [[[-3.5247653, 43.4979084], [-3.5247948, 43.4981536], [-3.5245775, 43.4980757], [-3.5247653, 43.4979084]]]]}, "properties": {"nombre": "Noja", "ine": "39047"}}, {"type": "Feature", "geometry": {"type": "MultiPolygon", "coordinates": [[[[-4.0894723, 43.1020865], [-4.0853693, 43.1041894], [-4.0776171, 43.1086651], [-4.0731331, 43.1110251], [-4.0725798, 43.1117155], [-4.0724521, 43.112149], [-4.0724883, 43.1135174], [-4.0717886, 43.1142713], [-4.0695935, 43.1159758], [-4.0681907, 43.1165922], [-4.0675604, 43.1171023], [-4.0674061, 43.1174189], [-4.0662288, 43.1182854], [-4.0649014, 43.1190001], [-4.0623016, 43.1200688], [-4.0618999, 43.1202977], [-4.0614703, 43.120688], [-4.0620853, 43.1118954], [-4.0626056, 43.1093602], [-4.0668386, 43.1016604], [-4.0810988, 43.09888], [-4.0901525, 43.0966528], [-4.0894723, 43.1020865]]], [[[-4.09961, 43.141354], [-4.0979081, 43.1431442], [-4.0966835, 43.1441195], [-4.095746, 43.1446417], [-4.0929441, 43.1454429], [-4.0894475, 43.1459084], [-4.0893252, 43.1466389], [-4.0882164, 43.1499993], [-4.0878305, 43.1518219], [-4.0878214, 43.1540822], [-4.087646, 43.1545971], [-4.0862745, 43.1563301], [-4.0859885, 43.1568461], [-4.0856857, 43.1585058], [-4.0819435, 43.1590364], [-4.0828222, 43.1642239], [-4.0804246, 43.1642916], [-4.0792464, 43.1644467], [-4.0735545, 43.1667694], [-4.0616011, 43.1719865], [-4.059507, 43.1732575], [-4.0540942, 43.1732984], [-4.0521271, 43.1726591], [-4.0502984, 43.1714872], [-4.0432437, 43.1697327], [-4.0289095, 43.1718343], [-4.0220806, 43.1710489], [-4.0117268, 43.1713659], [-3.9985312, 43.1656464], [-3.9940805, 43.1642804], [-3.9917717, 43.1637601], [-3.9868475, 43.1620016], [-3.9839111, 43.1606851], [-3.9833306, 43.160537], [-3.9795587, 43.160047], [-3.9749289, 43.1597443], [-3.9687946, 43.1584186], [-3.9672778, 43.1581702], [-3.9640796, 43.1573777], [-3.9614673, 43.1547252], [-3.9606566, 43.1540026], [-3.9566288, 43.1520462], [-3.9554749, 43.1513985], [-3.9518228, 43.149853], [-3.9522381, 43.1488771], [-3.9532556, 43.1470767], [-3.9515038, 43.1443447], [-3.9518606, 43.1427659], [-3.952085, 43.1421697], [-3.9514784, 43.1411122], [-3.9506088, 43.1381568], [-3.9497962, 43.1364976], [-3.9497302, 43.136201], [-3.949691, 43.1328695], [-3.9497472, 43.1325269], [-3.9492691, 43.131027], [-3.9484463, 43.129494], [-3.9482233, 43.1285864], [-3.9482561, 43.1275235], [-3.9478963, 43.1257165], [-3.9488997, 43.1238172], [-3.9480242, 43.1220505], [-3.945419, 43.1181098], [-3.9454543, 43.1164076], [-3.9453711, 43.115796], [-3.9443189, 43.1145079], [-3.9442538, 43.1142743], [-3.9444416, 43.1120936], [-3.9445931, 43.1115521], [-3.9454094, 43.1102846], [-3.9457253, 43.1068512], [-3.9456583, 43.1056901], [-3.9457595, 43.1050769], [-3.945951, 43.1047422], [-3.9465807, 43.1041337], [-3.9468063, 43.1036185], [-3.9468325, 43.1029249], [-3.9476963, 43.1015581], [-3.9498354, 43.0992261], [-3.9508896, 43.0982628], [-3.9515825, 43.0977708], [-3.9527789, 43.0972656], [-3.9527239, 43.0968879], [-3.9528782, 43.095743], [-3.9536271, 43.0949083], [-3.9537091, 43.0946465], [-3.9533585, 43.0934337], [-3.9568895, 43.0913512], [-3.9595821, 43.0906804], [-3.9607477, 43.0905715], [-3.9605796, 43.0900327], [-3.9611311, 43.089947], [-3.9625393, 43.0904304], [-3.9630478, 43.0907323], [-3.9645469, 43.0907378], [-3.96477, 43.0908619], [-3.9651574, 43.0912819], [-3.9657364, 43.0913761], [-3.967096, 43.0918869], [-3.9691185, 43.0931395], [-3.9697096, 43.0932246], [-3.9708016, 43.0931253], [-3.9736222, 43.0935606], [-3.9749713, 43.0941795], [-3.9759278, 43.0948287], [-3.9765709, 43.0950934], [-3.9774054, 43.0965721], [-3.9793952, 43.0988423], [-3.9808995, 43.0991626], [-3.9842987, 43.0996378], [-3.9855203, 43.0999515], [-3.9862993, 43.1002509], [-3.9872738, 43.0997203], [-3.9900304, 43.0999666], [-3.9912746, 43.100154], [-3.9942758, 43.1010915], [-3.9947236, 43.1006644], [-3.9961283, 43.1008953], [-3.9990912, 43.101734], [-4.0003775, 43.1022451], [-4.0044473, 43.1008678], [-4.0062888, 43.1000052], [-4.0079421, 43.0989101], [-4.0088247, 43.0980288], [-4.0091128, 43.0983595], [-4.0092674, 43.0987993], [-4.0092671, 43.0995287], [-4.0089383, 43.1004591], [-4.0088552, 43.1013874], [-4.008945, 43.1016207], [-4.0091191, 43.1017452], [-4.0095262, 43.1018407], [-4.0107157, 43.1016861], [-4.0110733, 43.101764], [-4.0113463, 43.1019237], [-4.011573, 43.1022549], [-4.0115878, 43.1031552], [-4.0117352, 43.1039013], [-4.0127881, 43.1059001], [-4.0130251, 43.1061142], [-4.0153417, 43.1072283], [-4.016104, 43.1072485], [-4.0174782, 43.1071103], [-4.0185112, 43.1071461], [-4.019313, 43.1073281], [-4.0228385, 43.1087015], [-4.0238006, 43.108909], [-4.0253214, 43.1094537], [-4.0266859, 43.1102069], [-4.0287254, 43.1116294], [-4.029605, 43.1120448], [-4.0298923, 43.1123213], [-4.0304486, 43.1125144], [-4.0310859, 43.1131391], [-4.0315312, 43.1133062], [-4.0305124, 43.1163229], [-4.0333632, 43.1169997], [-4.0363027, 43.1178286], [-4.0371566, 43.1181721], [-4.0377643, 43.1184908], [-4.0451828, 43.123196], [-4.0474101, 43.1247695], [-4.047758, 43.1257118], [-4.0486396, 43.1305484], [-4.0500217, 43.1308419], [-4.0503317, 43.1310012], [-4.0562145, 43.1349183], [-4.0595396, 43.133798], [-4.0598056, 43.1306889], [-4.0601402, 43.1301275], [-4.0609875, 43.1279315], [-4.0621806, 43.1265427], [-4.0626908, 43.1261868], [-4.0632912, 43.1260731], [-4.0647571, 43.1262396], [-4.0720249, 43.1277748], [-4.0771317, 43.1329587], [-4.0786308, 43.1343044], [-4.0838593, 43.1372627], [-4.0902986, 43.1411998], [-4.0984071, 43.1394115], [-4.1003489, 43.1407256], [-4.09961, 43.141354]]]]}, "properties": {"nombre": "Molledo", "ine": "39046"}}, {"type": "Feature", "geometry": {"type": "MultiPolygon", "coordinates": [[[[-3.7119078, 43.2557431], [-3.7108577, 43.2565601], [-3.7081766, 43.259098], [-3.7075413, 43.2595702], [-3.7059091, 43.2601295], [-3.7031936, 43.2607765], [-3.7023513, 43.2603945], [-3.6999261, 43.2605714], [-3.6985147, 43.2610572], [-3.6976156, 43.2621703], [-3.6949504, 43.2618353], [-3.6918101, 43.2619803], [-3.6863283, 43.2609957], [-3.6840142, 43.260091], [-3.6832902, 43.2603564], [-3.6806204, 43.2584903], [-3.6789839, 43.2564559], [-3.6781609, 43.2555693], [-3.6765309, 43.2541111], [-3.6753106, 43.2540553], [-3.6735669, 43.2545788], [-3.6727183, 43.2547098], [-3.6675598, 43.2550371], [-3.6662753, 43.2547384], [-3.6620966, 43.2533938], [-3.6613992, 43.2527045], [-3.6618915, 43.251513], [-3.6610872, 43.2500408], [-3.6562846, 43.2467546], [-3.6554298, 43.2451566], [-3.6568852, 43.2395743], [-3.6609154, 43.2383502], [-3.6574644, 43.2346864], [-3.6586296, 43.2345576], [-3.6602636, 43.234179], [-3.6610142, 43.2341207], [-3.6638244, 43.2343206], [-3.665503, 43.2335184], [-3.6663516, 43.2334144], [-3.6692461, 43.2334426], [-3.669987, 43.2336184], [-3.6723155, 43.2348205], [-3.6730724, 43.2353293], [-3.6743535, 43.2364744], [-3.6765397, 43.2381545], [-3.6783338, 43.2388913], [-3.6802743, 43.2395011], [-3.6828228, 43.2405125], [-3.6845524, 43.2409795], [-3.6853527, 43.2409477], [-3.6863031, 43.2411221], [-3.6868203, 43.24111], [-3.6874961, 43.2409709], [-3.6878603, 43.2404915], [-3.6884951, 43.2399834], [-3.6890484, 43.239899], [-3.6892411, 43.2395107], [-3.6897413, 43.2390844], [-3.6906352, 43.2386198], [-3.6914103, 43.2385431], [-3.6937538, 43.2388351], [-3.6952944, 43.2389249], [-3.6967354, 43.2389251], [-3.6982362, 43.2387629], [-3.6994927, 43.2387733], [-3.7006032, 43.2389466], [-3.7013533, 43.238843], [-3.7016545, 43.2393364], [-3.7015682, 43.2403995], [-3.7016576, 43.2406781], [-3.7033647, 43.241325], [-3.7035414, 43.2416931], [-3.7037021, 43.2428177], [-3.7038031, 43.2430332], [-3.7047589, 43.2436667], [-3.7054517, 43.2439326], [-3.7056387, 43.2441296], [-3.705635, 43.244877], [-3.7058532, 43.2456411], [-3.7070933, 43.2463628], [-3.7075179, 43.2468555], [-3.7077548, 43.2481777], [-3.708743, 43.2484058], [-3.7094741, 43.2487794], [-3.7097857, 43.2490927], [-3.7099372, 43.2494159], [-3.7096031, 43.2503455], [-3.7104155, 43.251358], [-3.7106307, 43.2518519], [-3.7113918, 43.2526847], [-3.7115187, 43.2529991], [-3.7116402, 43.2539168], [-3.7117673, 43.2542492], [-3.7122185, 43.2549127], [-3.7127032, 43.2552789], [-3.7119078, 43.2557431]]], [[[-3.6462999, 43.3021998], [-3.6448173, 43.3030816], [-3.643606, 43.3039709], [-3.6432999, 43.3053413], [-3.643025, 43.3061713], [-3.6424322, 43.3072552], [-3.6411312, 43.3078298], [-3.6405554, 43.3081932], [-3.6392476, 43.309299], [-3.6369906, 43.3104462], [-3.6362211, 43.3111528], [-3.6356924, 43.3124885], [-3.6346708, 43.3138628], [-3.6338374, 43.3155513], [-3.6329023, 43.3157546], [-3.6308404, 43.317918], [-3.6306585, 43.3194138], [-3.6281708, 43.3221649], [-3.6270753, 43.322378], [-3.6257299, 43.3234839], [-3.6247829, 43.3237502], [-3.6231634, 43.3258031], [-3.6200926, 43.328278], [-3.6159609, 43.3307765], [-3.6114044, 43.3327638], [-3.6106584, 43.3334162], [-3.6082821, 43.3351036], [-3.5941657, 43.3385272], [-3.5883475, 43.3390344], [-3.5806599, 43.3414507], [-3.5744266, 43.3437782], [-3.5732752, 43.3433517], [-3.5704353, 43.34179], [-3.5709112, 43.3412294], [-3.5715333, 43.3391552], [-3.5713464, 43.3376344], [-3.5714709, 43.3364361], [-3.57115, 43.335096], [-3.5716771, 43.3334276], [-3.5720641, 43.3325972], [-3.5688263, 43.3293085], [-3.568514, 43.3275632], [-3.5679671, 43.3271157], [-3.568185, 43.3266643], [-3.5678245, 43.3237126], [-3.5667995, 43.3235736], [-3.5632311, 43.3217992], [-3.5629053, 43.3199008], [-3.5617496, 43.3189519], [-3.5599665, 43.3181682], [-3.5553539, 43.3181455], [-3.5535555, 43.3170196], [-3.5542178, 43.3152605], [-3.5556021, 43.3128856], [-3.5561277, 43.3123698], [-3.5562676, 43.3114866], [-3.5340122, 43.307549], [-3.529873, 43.3065686], [-3.5259546, 43.305443], [-3.5208896, 43.3043134], [-3.5192363, 43.3041768], [-3.5159992, 43.303381], [-3.512727, 43.3028013], [-3.5110464, 43.3023585], [-3.5091694, 43.3020067], [-3.5067351, 43.3013421], [-3.5033221, 43.3016092], [-3.5009916, 43.3015833], [-3.4943718, 43.301711], [-3.4930733, 43.3012213], [-3.4904184, 43.3007104], [-3.4905588, 43.3013041], [-3.4883584, 43.3021149], [-3.4856863, 43.3025404], [-3.4843518, 43.3021678], [-3.4812712, 43.3023879], [-3.4792725, 43.3022251], [-3.4784403, 43.303012], [-3.4757076, 43.3035816], [-3.4737107, 43.3036528], [-3.4748428, 43.3017842], [-3.4752091, 43.3013145], [-3.4768638, 43.300074], [-3.4776986, 43.2996203], [-3.4773728, 43.2989463], [-3.4770817, 43.297984], [-3.4772519, 43.2976682], [-3.4787716, 43.2965183], [-3.4788892, 43.2957974], [-3.47907, 43.2952744], [-3.4795462, 43.2946871], [-3.4798092, 43.2936415], [-3.4806421, 43.2929536], [-3.4808368, 43.2926377], [-3.4808584, 43.2922414], [-3.4805822, 43.2916032], [-3.4803465, 43.2914151], [-3.4816164, 43.289879], [-3.4806693, 43.2885773], [-3.4755035, 43.2805396], [-3.4741408, 43.2780599], [-3.4746722, 43.276653], [-3.4746934, 43.2762117], [-3.4751757, 43.274841], [-3.4761903, 43.2737742], [-3.4768961, 43.2726277], [-3.4778254, 43.2716963], [-3.4805678, 43.2694067], [-3.4811319, 43.2690532], [-3.4815472, 43.2685832], [-3.4845462, 43.2660583], [-3.4849612, 43.2655612], [-3.4849782, 43.2645977], [-3.4862432, 43.26407], [-3.4867921, 43.2633653], [-3.487454, 43.2629303], [-3.4880813, 43.2612528], [-3.4885195, 43.2605846], [-3.4910131, 43.2596284], [-3.4920558, 43.2590657], [-3.4930101, 43.2582241], [-3.4951679, 43.2553874], [-3.4960589, 43.254357], [-3.4965851, 43.2539225], [-3.4981188, 43.2531504], [-3.4986456, 43.252788], [-3.4994282, 43.2520732], [-3.4998916, 43.2514949], [-3.5001927, 43.2509169], [-3.5014114, 43.2505427], [-3.5048314, 43.2499695], [-3.5079342, 43.2497757], [-3.5086724, 43.2496644], [-3.5112769, 43.2488064], [-3.5142377, 43.2493154], [-3.5148413, 43.2493127], [-3.5180024, 43.2487402], [-3.5197381, 43.2485883], [-3.5344471, 43.2486289], [-3.5502509, 43.249869], [-3.5580722, 43.2497322], [-3.5573757, 43.2462868], [-3.5597199, 43.2466986], [-3.5627348, 43.2463597], [-3.5637331, 43.2464088], [-3.5664252, 43.247134], [-3.5684046, 43.246719], [-3.5693689, 43.2470924], [-3.5698286, 43.2475134], [-3.5727188, 43.2483275], [-3.5798965, 43.2492009], [-3.58118, 43.2507433], [-3.5892226, 43.255682], [-3.5883153, 43.2587032], [-3.5863502, 43.2632247], [-3.5873988, 43.2697839], [-3.5870792, 43.2737296], [-3.5863717, 43.2757773], [-3.5860642, 43.2771296], [-3.5858482, 43.2790307], [-3.5861766, 43.2798665], [-3.5911426, 43.283587], [-3.5977292, 43.2891089], [-3.5956544, 43.2950538], [-3.6002526, 43.2962905], [-3.6051035, 43.2968774], [-3.613657, 43.2954002], [-3.6143896, 43.2946939], [-3.6179381, 43.2932702], [-3.6191415, 43.2915888], [-3.6216606, 43.2920074], [-3.6253965, 43.2920772], [-3.6276445, 43.2925061], [-3.6418188, 43.2922747], [-3.6425497, 43.2926128], [-3.6434346, 43.2935263], [-3.6433885, 43.2938328], [-3.6449648, 43.2948415], [-3.6471162, 43.2966123], [-3.6477683, 43.2976532], [-3.648108, 43.2994612], [-3.6492353, 43.3011297], [-3.6462999, 43.3021998]]]]}, "properties": {"nombre": "Ruesga", "ine": "39067"}}, {"type": "Feature", "geometry": {"type": "Polygon", "coordinates": [[[-4.3237443, 43.2722983], [-4.322879, 43.2721732], [-4.3215891, 43.2723592], [-4.3201098, 43.2729075], [-4.3191775, 43.2731074], [-4.3165641, 43.2730654], [-4.3158884, 43.2731632], [-4.3129798, 43.2731516], [-4.3097193, 43.2728198], [-4.3023499, 43.2728138], [-4.299904, 43.2731207], [-4.2931788, 43.2732779], [-4.2910936, 43.2737426], [-4.2894343, 43.2739504], [-4.2861197, 43.2739697], [-4.2827, 43.2742692], [-4.2796198, 43.2743037], [-4.2780897, 43.274798], [-4.2763433, 43.2749705], [-4.2741873, 43.2750036], [-4.2718549, 43.2748494], [-4.2707846, 43.2749423], [-4.2697452, 43.275332], [-4.2659562, 43.2753889], [-4.265016, 43.2754834], [-4.2645386, 43.2756418], [-4.2629902, 43.275857], [-4.2623055, 43.2761166], [-4.2615686, 43.2762418], [-4.2565169, 43.2762974], [-4.2554306, 43.2762102], [-4.2532094, 43.2766758], [-4.2518926, 43.2773655], [-4.2510371, 43.2777171], [-4.2503691, 43.2782016], [-4.2499717, 43.2786562], [-4.2494601, 43.2789499], [-4.2481174, 43.2789825], [-4.2462942, 43.2766072], [-4.2454102, 43.2761666], [-4.2449186, 43.2756316], [-4.2408342, 43.2729476], [-4.240401, 43.2728532], [-4.2373837, 43.2729489], [-4.234412, 43.2734762], [-4.2330658, 43.2739409], [-4.2325987, 43.274], [-4.2312655, 43.2738883], [-4.2282956, 43.2738931], [-4.2274308, 43.2737853], [-4.2265631, 43.2735335], [-4.2245839, 43.2725462], [-4.2223269, 43.2718409], [-4.2215437, 43.2714981], [-4.2199504, 43.271317], [-4.2184454, 43.2706216], [-4.2182949, 43.2704881], [-4.217917, 43.2694566], [-4.2158344, 43.2669755], [-4.2157692, 43.2667961], [-4.2148752, 43.2658331], [-4.2147025, 43.2652046], [-4.2144115, 43.2648204], [-4.2123504, 43.2634105], [-4.2114219, 43.2625649], [-4.2103134, 43.261343], [-4.2094124, 43.2600198], [-4.2092532, 43.2594452], [-4.2092732, 43.2585896], [-4.2093786, 43.2583093], [-4.2092635, 43.2574731], [-4.2088562, 43.2561897], [-4.2079842, 43.2550824], [-4.2070801, 43.2542184], [-4.2065936, 43.2539084], [-4.2058246, 43.2536464], [-4.2043644, 43.2533195], [-4.2036055, 43.2529403], [-4.202602, 43.2526537], [-4.2001711, 43.2524541], [-4.1980781, 43.2518907], [-4.1959572, 43.2517868], [-4.195675, 43.2518438], [-4.1938129, 43.2517461], [-4.1932935, 43.2516435], [-4.1928087, 43.2514234], [-4.1906758, 43.2500679], [-4.1891947, 43.2492909], [-4.1864828, 43.2485626], [-4.1846587, 43.2478791], [-4.1814861, 43.2468853], [-4.1798409, 43.2465331], [-4.1800757, 43.243379], [-4.1796064, 43.2426725], [-4.1796189, 43.2420421], [-4.1784647, 43.240316], [-4.1778302, 43.2367837], [-4.1773573, 43.2352488], [-4.1770314, 43.2336763], [-4.1769762, 43.2314437], [-4.1775352, 43.2297721], [-4.1770536, 43.2284263], [-4.177393, 43.2281437], [-4.1778245, 43.2275269], [-4.1789878, 43.2271908], [-4.1800315, 43.2257573], [-4.1804227, 43.2249699], [-4.1806311, 43.2242834], [-4.1805834, 43.2237256], [-4.1792235, 43.2221638], [-4.1792157, 43.2217586], [-4.1793407, 43.221217], [-4.1796173, 43.220872], [-4.1795767, 43.2168473], [-4.1801987, 43.2165438], [-4.1806235, 43.2162242], [-4.1809115, 43.2158341], [-4.1811351, 43.2153005], [-4.1816188, 43.2148453], [-4.1819532, 43.2143105], [-4.1819563, 43.2131939], [-4.181774, 43.2126825], [-4.1820615, 43.2103563], [-4.1826715, 43.2094316], [-4.1828568, 43.2075477], [-4.1847666, 43.205727], [-4.1854155, 43.2049098], [-4.1851012, 43.2033013], [-4.1822943, 43.2020066], [-4.1822841, 43.2014754], [-4.1836693, 43.1999033], [-4.1840646, 43.1993409], [-4.184238, 43.1987628], [-4.1845367, 43.1963825], [-4.1847817, 43.1956866], [-4.1867143, 43.1925239], [-4.1868541, 43.1915066], [-4.1917523, 43.1911176], [-4.1934182, 43.1910765], [-4.1933793, 43.1916082], [-4.1945181, 43.1932082], [-4.194439, 43.1935692], [-4.1948306, 43.1947177], [-4.1949796, 43.1954185], [-4.1950563, 43.1968225], [-4.1949137, 43.1977154], [-4.1955189, 43.1984565], [-4.1960147, 43.1986314], [-4.1980035, 43.1989979], [-4.1994447, 43.1990548], [-4.2013927, 43.1985932], [-4.2029411, 43.1984689], [-4.2047292, 43.1986392], [-4.2083031, 43.1982414], [-4.2098301, 43.1982793], [-4.2112419, 43.1980933], [-4.2118329, 43.198105], [-4.214034, 43.198622], [-4.2147415, 43.1989207], [-4.2155038, 43.1994979], [-4.2170627, 43.2011382], [-4.2184808, 43.2018885], [-4.2206395, 43.2021177], [-4.2212586, 43.2023002], [-4.2230974, 43.2025417], [-4.2253137, 43.202572], [-4.2262474, 43.202481], [-4.2311845, 43.2025361], [-4.2354603, 43.2027602], [-4.2364662, 43.2025873], [-4.2370325, 43.2025902], [-4.237319, 43.2027582], [-4.2378996, 43.2034723], [-4.2384748, 43.2039163], [-4.2423736, 43.2031447], [-4.2433034, 43.2028645], [-4.2457418, 43.2017124], [-4.2469053, 43.2014206], [-4.2475081, 43.201405], [-4.2485725, 43.2016906], [-4.2520433, 43.2034806], [-4.2526748, 43.2036628], [-4.2537369, 43.2038313], [-4.2541536, 43.2037457], [-4.2570588, 43.2025522], [-4.2579998, 43.202821], [-4.2594441, 43.2030213], [-4.2606751, 43.2030257], [-4.2620575, 43.2032086], [-4.2646335, 43.2039636], [-4.2665971, 43.2036808], [-4.2673354, 43.2036636], [-4.270162, 43.2040375], [-4.2706567, 43.2041491], [-4.2736445, 43.2057638], [-4.2743019, 43.2059996], [-4.2781504, 43.2069652], [-4.2785251, 43.2072222], [-4.2788435, 43.2077319], [-4.2792953, 43.2087354], [-4.2792784, 43.2091047], [-4.2790996, 43.2093859], [-4.2777254, 43.2101936], [-4.2773398, 43.2105942], [-4.2772224, 43.2108656], [-4.2768335, 43.212878], [-4.2769772, 43.2138669], [-4.2806801, 43.2266752], [-4.2828666, 43.2281816], [-4.2863148, 43.2352206], [-4.287759, 43.2371313], [-4.2900094, 43.2375472], [-4.2899804, 43.2379258], [-4.2901024, 43.2384557], [-4.2906166, 43.2394764], [-4.2908588, 43.2404462], [-4.2904901, 43.2410716], [-4.2904587, 43.2413331], [-4.2906086, 43.2420158], [-4.2904426, 43.2423238], [-4.2904112, 43.2425853], [-4.2907757, 43.2429324], [-4.2906009, 43.2434026], [-4.2906661, 43.243573], [-4.2913438, 43.2441686], [-4.2914118, 43.244474], [-4.2909335, 43.2451548], [-4.2907937, 43.2455345], [-4.2905764, 43.2457441], [-4.2905184, 43.2459158], [-4.2908195, 43.2461736], [-4.2898525, 43.2464636], [-4.2895884, 43.2467907], [-4.2898887, 43.2475978], [-4.2898474, 43.2479764], [-4.2891472, 43.249236], [-4.2891527, 43.2500823], [-4.2882626, 43.2511009], [-4.2881807, 43.2518942], [-4.2876381, 43.2524496], [-4.2865114, 43.2533537], [-4.2859628, 43.2542153], [-4.2858586, 43.2545317], [-4.2857803, 43.255496], [-4.2855834, 43.2560925], [-4.2903852, 43.2571191], [-4.2979069, 43.2620587], [-4.3001969, 43.2619787], [-4.3007905, 43.26208], [-4.3014052, 43.262019], [-4.3023368, 43.2617923], [-4.3031138, 43.2618285], [-4.3035915, 43.2616969], [-4.3040879, 43.2618624], [-4.3048618, 43.2617545], [-4.3056102, 43.2621782], [-4.3064245, 43.262232], [-4.3067357, 43.2623815], [-4.3071249, 43.2627192], [-4.3079466, 43.2636913], [-4.308172, 43.2638598], [-4.3087057, 43.2640428], [-4.3099667, 43.2648118], [-4.3107201, 43.2648933], [-4.3110145, 43.2648359], [-4.3118162, 43.2648717], [-4.3124539, 43.2647293], [-4.3130208, 43.2647318], [-4.3148755, 43.2650347], [-4.3156508, 43.2649898], [-4.3166156, 43.2651588], [-4.3170029, 43.2654065], [-4.3179805, 43.2656023], [-4.3192276, 43.265723], [-4.3207303, 43.2656967], [-4.3213729, 43.2657793], [-4.3227483, 43.2655654], [-4.3233713, 43.265315], [-4.3237279, 43.2652839], [-4.3239621, 43.2704048], [-4.3237443, 43.2722983]]]}, "properties": {"nombre": "Ruente", "ine": "39066"}}, {"type": "Feature", "geometry": {"type": "Polygon", "coordinates": [[[-4.0774146, 42.9903811], [-4.076813, 42.9903507], [-4.0700885, 42.9909179], [-4.0656086, 42.991482], [-4.0631258, 42.9919102], [-4.0619528, 42.9950368], [-4.060619, 42.9952293], [-4.0564701, 42.9929353], [-4.0543932, 42.9919999], [-4.0512569, 42.9936766], [-4.0446959, 42.99452], [-4.0427173, 42.9964921], [-4.0361338, 42.9938233], [-4.0335216, 42.9931354], [-4.0308133, 42.9925655], [-4.0305684, 42.9918563], [-4.0302389, 42.9912199], [-4.028317, 42.9907239], [-4.0220359, 42.9899516], [-4.0220278, 42.9872321], [-4.0215699, 42.9855072], [-4.0211714, 42.9851416], [-4.0206137, 42.9847954], [-4.0198742, 42.9845768], [-4.0192242, 42.9845826], [-4.0158601, 42.9851257], [-4.0147703, 42.9852344], [-4.0118632, 42.9882228], [-4.0078986, 42.988816], [-4.0066554, 42.9908081], [-4.0063533, 42.9910899], [-4.001849, 42.9939659], [-3.995805, 42.9972513], [-3.9921314, 42.9984358], [-3.9909417, 42.9992206], [-3.98908, 43.0001822], [-3.9867729, 43.0016789], [-3.9802224, 43.0056162], [-3.9761466, 43.0085776], [-3.9741738, 43.007973], [-3.9705572, 43.0066079], [-3.966229, 43.0052307], [-3.9610804, 43.0047427], [-3.9599297, 43.0049144], [-3.9574909, 43.0050969], [-3.9563004, 43.0050708], [-3.9521095, 43.0062133], [-3.9485093, 43.0066754], [-3.9454648, 43.005773], [-3.9529968, 43.0001005], [-3.956293, 42.9974617], [-3.9608157, 42.9924531], [-3.9658588, 42.9846934], [-3.9663717, 42.9837616], [-3.9683778, 42.9787198], [-3.9686796, 42.9776277], [-3.9716661, 42.9749099], [-3.9726146, 42.9704984], [-3.9743794, 42.9680971], [-3.9744823, 42.9676279], [-3.9775454, 42.9612623], [-3.9795546, 42.9565175], [-3.9799491, 42.9543349], [-3.9805349, 42.9533933], [-3.9816416, 42.9520601], [-3.9818196, 42.9516894], [-3.9832064, 42.947157], [-3.9838304, 42.9455397], [-3.9844633, 42.9444897], [-3.9853994, 42.9432299], [-3.9860676, 42.9420895], [-3.9866091, 42.9414545], [-3.9871706, 42.9405402], [-3.9871741, 42.9369201], [-3.9872483, 42.93619], [-3.9895742, 42.9337206], [-3.9923118, 42.9332467], [-3.9944523, 42.932985], [-3.9974647, 42.9328417], [-3.9985559, 42.9328683], [-4.0018267, 42.9320293], [-4.0056468, 42.9318157], [-4.008365, 42.9339261], [-4.0085359, 42.934636], [-4.0092919, 42.9351516], [-4.0157359, 42.9320149], [-4.0182049, 42.9293815], [-4.0189793, 42.9287803], [-4.0204292, 42.9282721], [-4.0220812, 42.9273929], [-4.0252776, 42.9243117], [-4.0269247, 42.9246211], [-4.0289728, 42.9247288], [-4.0296778, 42.9251187], [-4.0303882, 42.9258417], [-4.0308258, 42.9270985], [-4.0313578, 42.9281383], [-4.0317456, 42.9286121], [-4.0327388, 42.9293866], [-4.0345668, 42.9302436], [-4.036435, 42.9327662], [-4.0400541, 42.9359122], [-4.0403759, 42.9360984], [-4.0413055, 42.9359909], [-4.0431472, 42.9354609], [-4.0438448, 42.9354005], [-4.0443115, 42.9354593], [-4.0446694, 42.9356091], [-4.048028, 42.9378117], [-4.0491451, 42.938639], [-4.049299, 42.9390428], [-4.049269, 42.9394393], [-4.0491173, 42.939891], [-4.0543492, 42.9376367], [-4.0560322, 42.9414574], [-4.0573121, 42.9460652], [-4.0621799, 42.9454349], [-4.0636417, 42.9463308], [-4.0651679, 42.9466949], [-4.0679572, 42.9477946], [-4.068622, 42.9479595], [-4.0727995, 42.9478124], [-4.0736183, 42.9476696], [-4.0762707, 42.9528677], [-4.0766564, 42.9538997], [-4.0769847, 42.9544459], [-4.0833356, 42.9593749], [-4.0883962, 42.9599034], [-4.0870701, 42.9639772], [-4.0864761, 42.9650635], [-4.0855277, 42.9662161], [-4.0840285, 42.9702285], [-4.0795899, 42.9751691], [-4.0793915, 42.9757473], [-4.0788223, 42.9782651], [-4.078544, 42.9826982], [-4.0780276, 42.9875477], [-4.0774146, 42.9903811]]]}, "properties": {"nombre": "Las Rozas de Valdearroyo", "ine": "39065"}}, {"type": "Feature", "geometry": {"type": "Polygon", "coordinates": [[[-3.7253543, 43.3544439], [-3.7230448, 43.3547245], [-3.7217185, 43.3551173], [-3.7212626, 43.355874], [-3.7208691, 43.3576136], [-3.7204653, 43.3579569], [-3.7185471, 43.3588108], [-3.7167726, 43.3599248], [-3.7147767, 43.360754], [-3.7136465, 43.3617516], [-3.7133927, 43.3634563], [-3.7071973, 43.3588769], [-3.7031571, 43.3573979], [-3.6938552, 43.3533123], [-3.6892025, 43.3532593], [-3.6875521, 43.3524408], [-3.6851742, 43.3516716], [-3.6849194, 43.3498534], [-3.6792442, 43.3499239], [-3.6714658, 43.3472502], [-3.6678334, 43.3490633], [-3.6631242, 43.351729], [-3.658203, 43.3427796], [-3.6578553, 43.3379911], [-3.6573819, 43.336409], [-3.6577377, 43.3339396], [-3.657584, 43.3334093], [-3.6580739, 43.3330823], [-3.6572729, 43.3320153], [-3.6535752, 43.3288307], [-3.652416, 43.3276937], [-3.6518036, 43.3269498], [-3.6512731, 43.3257822], [-3.6511175, 43.3250627], [-3.651099, 43.3244865], [-3.6514064, 43.3232421], [-3.6515796, 43.3221335], [-3.6514266, 43.3216662], [-3.6507132, 43.3206887], [-3.6482655, 43.317821], [-3.6471699, 43.3168457], [-3.6418422, 43.3133097], [-3.6396638, 43.3125474], [-3.6391924, 43.3122799], [-3.6369906, 43.3104462], [-3.6392476, 43.309299], [-3.6405554, 43.3081932], [-3.6411312, 43.3078298], [-3.6424322, 43.3072552], [-3.643025, 43.3061713], [-3.6432999, 43.3053413], [-3.643606, 43.3039709], [-3.6448173, 43.3030816], [-3.6462999, 43.3021998], [-3.6492353, 43.3011297], [-3.6520114, 43.3013121], [-3.6551868, 43.3019424], [-3.6576737, 43.3026065], [-3.6602247, 43.3026429], [-3.6649045, 43.3032732], [-3.6667414, 43.3032446], [-3.6698825, 43.3029742], [-3.6704877, 43.3030697], [-3.673712, 43.3013939], [-3.6755065, 43.3020047], [-3.6766846, 43.3037357], [-3.6776459, 43.3048106], [-3.6822328, 43.3089457], [-3.6883447, 43.3055844], [-3.6921234, 43.3071735], [-3.6927193, 43.3075301], [-3.6931081, 43.3081041], [-3.6934821, 43.308462], [-3.694325, 43.3088531], [-3.695797, 43.3092584], [-3.6964323, 43.3098219], [-3.6973732, 43.3101493], [-3.6982094, 43.3110267], [-3.6992614, 43.3113625], [-3.6996611, 43.3118103], [-3.7009666, 43.3127478], [-3.7017825, 43.312923], [-3.7025775, 43.3134224], [-3.7050791, 43.3143345], [-3.7077965, 43.314714], [-3.7081111, 43.3152613], [-3.7099452, 43.3166483], [-3.7119162, 43.318563], [-3.7129227, 43.3197117], [-3.7134238, 43.3198921], [-3.7138765, 43.3199023], [-3.7142158, 43.3198507], [-3.7150362, 43.3195038], [-3.7153367, 43.3195171], [-3.7157244, 43.3196722], [-3.716145, 43.319992], [-3.7167787, 43.3200275], [-3.718545, 43.3193893], [-3.7195314, 43.3212635], [-3.7191346, 43.3217115], [-3.7189588, 43.3230008], [-3.7203071, 43.3274303], [-3.7213318, 43.3274187], [-3.7231793, 43.3270967], [-3.7234872, 43.3273133], [-3.7235875, 43.3275848], [-3.7241899, 43.3280668], [-3.7239677, 43.3283571], [-3.7256936, 43.3279586], [-3.7272605, 43.3280232], [-3.7280847, 43.3275575], [-3.7283275, 43.3279135], [-3.7292121, 43.3284686], [-3.7295791, 43.3285265], [-3.7295235, 43.3288446], [-3.7298927, 43.3290761], [-3.7307772, 43.329351], [-3.7314042, 43.329441], [-3.7320167, 43.3297785], [-3.7329794, 43.3307462], [-3.7338714, 43.3312793], [-3.7344017, 43.3314366], [-3.7345646, 43.3365824], [-3.7333189, 43.3445364], [-3.7325945, 43.3470775], [-3.7323094, 43.3474005], [-3.7303344, 43.3483911], [-3.7288636, 43.3487141], [-3.7284765, 43.3490632], [-3.7284479, 43.3501451], [-3.7282216, 43.3502078], [-3.7275407, 43.3501482], [-3.7271203, 43.3500029], [-3.7260909, 43.3491968], [-3.723459, 43.3484164], [-3.7220452, 43.350053], [-3.7223628, 43.350663], [-3.7225599, 43.3507565], [-3.7230513, 43.3512322], [-3.7235905, 43.3519581], [-3.7239638, 43.3522966], [-3.7242737, 43.3527811], [-3.7242397, 43.353086], [-3.7246616, 43.3532984], [-3.7249147, 43.3535727], [-3.7249611, 43.3541962], [-3.7253543, 43.3544439]]]}, "properties": {"nombre": "Riotuerto", "ine": "39064"}}, {"type": "Feature", "geometry": {"type": "Polygon", "coordinates": [[[-4.484061, 43.1572875], [-4.4818338, 43.1597927], [-4.4814052, 43.1634362], [-4.4821006, 43.1667589], [-4.4820681, 43.1674527], [-4.4832786, 43.1696882], [-4.4835324, 43.1715309], [-4.483409, 43.172532], [-4.4827842, 43.1746743], [-4.4825145, 43.175227], [-4.4821195, 43.1756824], [-4.4808792, 43.176797], [-4.479401, 43.1777436], [-4.4780862, 43.1793455], [-4.4774801, 43.1802357], [-4.4772858, 43.1808506], [-4.4769403, 43.1813233], [-4.476408, 43.1816993], [-4.472985, 43.1836525], [-4.4717373, 43.1839657], [-4.4714479, 43.1842125], [-4.4709305, 43.1852097], [-4.4695747, 43.1856323], [-4.4687714, 43.1860028], [-4.4658391, 43.1879134], [-4.4638998, 43.1886406], [-4.4633431, 43.1890349], [-4.4626154, 43.190512], [-4.4623009, 43.1907411], [-4.4607537, 43.1914002], [-4.458835, 43.1930005], [-4.4579862, 43.1935336], [-4.4563358, 43.1950313], [-4.4561861, 43.1954655], [-4.4559128, 43.1958742], [-4.4548532, 43.1963469], [-4.4543079, 43.196705], [-4.4536689, 43.1977847], [-4.4531047, 43.1983861], [-4.4556436, 43.2011183], [-4.455949, 43.2015377], [-4.4559232, 43.2020062], [-4.4554422, 43.2030029], [-4.454941, 43.2036666], [-4.4543405, 43.2042955], [-4.4525394, 43.2056871], [-4.4521585, 43.2062322], [-4.4504034, 43.2095682], [-4.4498411, 43.2118175], [-4.4491716, 43.2131767], [-4.4482531, 43.214422], [-4.4468224, 43.2158718], [-4.4465253, 43.2163258], [-4.4466801, 43.2171433], [-4.4479346, 43.2186492], [-4.4482441, 43.2192396], [-4.4483816, 43.2198502], [-4.4482565, 43.220284], [-4.4462531, 43.22356], [-4.4464916, 43.2263574], [-4.446487, 43.2272039], [-4.4462262, 43.2281527], [-4.446621, 43.228706], [-4.4471347, 43.2290777], [-4.4478812, 43.2294014], [-4.4489982, 43.2302878], [-4.4493693, 43.2308774], [-4.4494201, 43.231462], [-4.449315, 43.232742], [-4.4489546, 43.2346826], [-4.4492247, 43.2356877], [-4.449495, 43.2361795], [-4.4496942, 43.2367893], [-4.449733, 43.2384277], [-4.4495628, 43.2390421], [-4.4496232, 43.2395096], [-4.4493848, 43.2398458], [-4.4479518, 43.2412236], [-4.447758, 43.2418834], [-4.4473593, 43.2422126], [-4.4472834, 43.2426458], [-4.4478503, 43.2437012], [-4.4485812, 43.2469967], [-4.4488182, 43.247642], [-4.4500858, 43.24967], [-4.4501821, 43.250092], [-4.4504394, 43.2541858], [-4.4505088, 43.2597048], [-4.4505862, 43.2603701], [-4.4523751, 43.2604735], [-4.4550028, 43.2611335], [-4.4575077, 43.2612907], [-4.458073, 43.2612295], [-4.4593076, 43.2608176], [-4.4609991, 43.2609671], [-4.4623161, 43.2609142], [-4.463921, 43.2605335], [-4.4663291, 43.2602506], [-4.4662533, 43.2617103], [-4.4663486, 43.2620873], [-4.4668104, 43.2623335], [-4.4673519, 43.2623085], [-4.468086, 43.262092], [-4.4683699, 43.2621154], [-4.4691591, 43.2626545], [-4.4696313, 43.2628196], [-4.4714532, 43.2627511], [-4.4725386, 43.2628002], [-4.4732624, 43.2631781], [-4.4737061, 43.2636946], [-4.4740403, 43.2647799], [-4.4743855, 43.2652977], [-4.4748521, 43.2657419], [-4.4751877, 43.2668812], [-4.474964, 43.2673163], [-4.4742473, 43.2677397], [-4.4731631, 43.2687712], [-4.4733818, 43.2701731], [-4.4736997, 43.2705832], [-4.4761133, 43.2725512], [-4.4764356, 43.2731413], [-4.4771049, 43.273808], [-4.4773482, 43.2746963], [-4.4772471, 43.2751028], [-4.4775263, 43.2759457], [-4.4775023, 43.2769905], [-4.477864, 43.2776792], [-4.4789211, 43.2790882], [-4.4791088, 43.2797161], [-4.4812628, 43.2821375], [-4.4827576, 43.2822802], [-4.4823528, 43.283375], [-4.4819681, 43.2837762], [-4.480623, 43.2842168], [-4.4803331, 43.2844637], [-4.480036, 43.2849178], [-4.4795646, 43.2853021], [-4.4791003, 43.2854702], [-4.4789192, 43.2856256], [-4.4784897, 43.2862164], [-4.478209, 43.2863281], [-4.4777172, 43.2863795], [-4.4772468, 43.2868088], [-4.476867, 43.2869037], [-4.4756978, 43.2864686], [-4.4751803, 43.2864752], [-4.4747532, 43.2866518], [-4.474441, 43.286998], [-4.4741489, 43.2876591], [-4.473955, 43.2877967], [-4.4729088, 43.2878642], [-4.4722729, 43.2880705], [-4.4708227, 43.2877524], [-4.4703295, 43.2877353], [-4.4678893, 43.2887751], [-4.4662774, 43.2888948], [-4.4659228, 43.2890164], [-4.4656241, 43.2894074], [-4.4653936, 43.2895635], [-4.4642776, 43.2898029], [-4.463925, 43.2900055], [-4.4637706, 43.2902506], [-4.4637522, 43.2905119], [-4.46411, 43.2910386], [-4.4641284, 43.2912905], [-4.4638772, 43.2916089], [-4.4635122, 43.2918117], [-4.4609087, 43.2927364], [-4.4593548, 43.2927112], [-4.4586314, 43.2928735], [-4.4578001, 43.2931632], [-4.4568314, 43.2938959], [-4.4562787, 43.293984], [-4.4421365, 43.2933526], [-4.4387719, 43.295475], [-4.4322764, 43.2971052], [-4.4241273, 43.2986836], [-4.4208905, 43.30145], [-4.4112188, 43.3007885], [-4.4037537, 43.2973055], [-4.4013137, 43.2962728], [-4.3918699, 43.2930023], [-4.38975, 43.2903087], [-4.3900642, 43.2900347], [-4.3905745, 43.2891641], [-4.3909713, 43.2881868], [-4.3917689, 43.2842421], [-4.3911276, 43.2777306], [-4.3898344, 43.277224], [-4.3886987, 43.2760582], [-4.3875052, 43.2750552], [-4.3870219, 43.2738544], [-4.3860596, 43.2732628], [-4.3854937, 43.2733056], [-4.3849365, 43.2731863], [-4.3844727, 43.2728407], [-4.3841307, 43.2724307], [-4.3837461, 43.2723182], [-4.383334, 43.2720801], [-4.3831411, 43.2717222], [-4.3830055, 43.2711746], [-4.382397, 43.2704256], [-4.3800585, 43.2700035], [-4.3780924, 43.2691538], [-4.3767328, 43.268972], [-4.3754754, 43.2684018], [-4.3746218, 43.26825], [-4.373315, 43.2682207], [-4.3725156, 43.2682933], [-4.3721487, 43.2684148], [-4.3711398, 43.2684809], [-4.3704212, 43.2688587], [-4.3693904, 43.2690511], [-4.3691315, 43.2695945], [-4.3689504, 43.2697587], [-4.3683043, 43.2700726], [-4.3676912, 43.270206], [-4.3668543, 43.2697027], [-4.366159, 43.2694679], [-4.3649112, 43.2687714], [-4.3642014, 43.2678884], [-4.36416, 43.2665832], [-4.3645546, 43.2660473], [-4.3651966, 43.2655534], [-4.3661838, 43.2645151], [-4.3671521, 43.2637381], [-4.3690346, 43.262518], [-4.3697462, 43.2618341], [-4.3727008, 43.2600789], [-4.380215, 43.2567469], [-4.3812681, 43.2548252], [-4.3811362, 43.2522605], [-4.3812062, 43.2515392], [-4.3815796, 43.250076], [-4.381675, 43.2493905], [-4.3815324, 43.2479875], [-4.3813997, 43.2475659], [-4.3777194, 43.2465927], [-4.3770297, 43.2460517], [-4.3766707, 43.2454257], [-4.3767489, 43.243975], [-4.3769703, 43.2434141], [-4.3803815, 43.2384745], [-4.3813247, 43.2376977], [-4.3780228, 43.2354593], [-4.3768301, 43.2349964], [-4.3763257, 43.2350205], [-4.3740478, 43.2355881], [-4.37337, 43.2355692], [-4.3722801, 43.2352941], [-4.3696086, 43.2336873], [-4.3684024, 43.2331704], [-4.3675112, 43.232965], [-4.3652168, 43.2327943], [-4.3635719, 43.2324807], [-4.3612153, 43.2322836], [-4.3605506, 43.2317422], [-4.3596275, 43.2306546], [-4.3591279, 43.2297871], [-4.3588024, 43.2289895], [-4.3583246, 43.228545], [-4.3577123, 43.228147], [-4.3557219, 43.2272341], [-4.3553815, 43.226878], [-4.3542489, 43.2263331], [-4.3515545, 43.2258787], [-4.3501961, 43.2251473], [-4.3482489, 43.2245129], [-4.347986, 43.2243179], [-4.3475514, 43.2241519], [-4.3463148, 43.2239143], [-4.3455901, 43.2234366], [-4.3450566, 43.2232538], [-4.3434014, 43.2224538], [-4.3428423, 43.2205424], [-4.3426908, 43.2186892], [-4.3425172, 43.2180699], [-4.3415087, 43.2175594], [-4.3405292, 43.2172467], [-4.3395574, 43.2167268], [-4.3387074, 43.2150169], [-4.3382506, 43.2138336], [-4.3452362, 43.2101408], [-4.3467727, 43.2094744], [-4.3476973, 43.2089773], [-4.3483004, 43.2084119], [-4.3488959, 43.2080627], [-4.3492452, 43.2077164], [-4.3513825, 43.2069438], [-4.3524273, 43.2068775], [-4.3527931, 43.2067201], [-4.3537383, 43.2060426], [-4.3556437, 43.2053717], [-4.3565555, 43.2048566], [-4.3576244, 43.2036553], [-4.3565658, 43.2031006], [-4.356088, 43.202647], [-4.3558528, 43.2020284], [-4.3588219, 43.201597], [-4.3608009, 43.2014745], [-4.3627865, 43.201649], [-4.3642619, 43.2015774], [-4.3648587, 43.2012911], [-4.3655131, 43.2008331], [-4.3658115, 43.2004153], [-4.3658434, 43.2001898], [-4.3672271, 43.1993178], [-4.3680927, 43.1989473], [-4.3686315, 43.1988238], [-4.3690202, 43.198594], [-4.3698779, 43.1978724], [-4.3708436, 43.1975727], [-4.3732918, 43.1975254], [-4.3758313, 43.1971617], [-4.3771017, 43.1967322], [-4.3772293, 43.1958392], [-4.3769263, 43.1938618], [-4.3768869, 43.1921064], [-4.3769812, 43.1919251], [-4.3771146, 43.1907439], [-4.3781261, 43.1886606], [-4.3782432, 43.1872995], [-4.3784309, 43.186892], [-4.3789217, 43.1862828], [-4.3790809, 43.1857046], [-4.3805307, 43.1839672], [-4.3817448, 43.1826919], [-4.3826856, 43.1818521], [-4.3834847, 43.1812752], [-4.3841804, 43.1810236], [-4.3869608, 43.1815483], [-4.3906235, 43.1813688], [-4.3923024, 43.1810692], [-4.3924355, 43.1809685], [-4.3931681, 43.1774748], [-4.3931388, 43.1767278], [-4.393612, 43.174813], [-4.393899, 43.1744493], [-4.3961541, 43.1724498], [-4.3975735, 43.171568], [-4.3978485, 43.1712225], [-4.397965, 43.1709329], [-4.397964, 43.1687358], [-4.3983022, 43.1679212], [-4.398353, 43.1674523], [-4.3981652, 43.1667703], [-4.398267, 43.1658415], [-4.3975963, 43.1639407], [-4.4000625, 43.1615063], [-4.4022555, 43.1616596], [-4.4064306, 43.1575922], [-4.4070252, 43.1572427], [-4.4078325, 43.1559721], [-4.4096153, 43.1554099], [-4.4110774, 43.1542753], [-4.4122623, 43.1523157], [-4.4124289, 43.1510079], [-4.4120637, 43.1501029], [-4.4123802, 43.1488924], [-4.4119284, 43.1479615], [-4.4123888, 43.1455245], [-4.4127059, 43.144341], [-4.4121311, 43.1434115], [-4.4131556, 43.143579], [-4.4155049, 43.1420012], [-4.422013, 43.1389489], [-4.4243523, 43.1385506], [-4.4364054, 43.1370944], [-4.4389757, 43.1376384], [-4.4440836, 43.1394201], [-4.4475299, 43.1400789], [-4.4482517, 43.1399257], [-4.4549392, 43.1434788], [-4.4594417, 43.1440699], [-4.4610993, 43.1449942], [-4.4616333, 43.1452125], [-4.4628687, 43.1454489], [-4.4633278, 43.1456231], [-4.4643554, 43.1469427], [-4.4669872, 43.1474583], [-4.4737637, 43.1505409], [-4.4756409, 43.1523987], [-4.4780918, 43.1525382], [-4.4800111, 43.153585], [-4.4823109, 43.155104], [-4.484061, 43.1572875]]]}, "properties": {"nombre": "Rionansa", "ine": "39063"}}, {"type": "Feature", "geometry": {"type": "Polygon", "coordinates": [[[-3.7180343, 43.429343], [-3.7170141, 43.4297906], [-3.7166896, 43.4295135], [-3.7163676, 43.4294525], [-3.7154951, 43.4298541], [-3.7116435, 43.4301302], [-3.7090478, 43.4300382], [-3.7057504, 43.4301665], [-3.700396, 43.4308476], [-3.6986822, 43.4311642], [-3.6981377, 43.4310954], [-3.6969778, 43.4312285], [-3.6966336, 43.4313837], [-3.6961464, 43.431999], [-3.6950491, 43.4322037], [-3.694209, 43.4322088], [-3.6875521, 43.434662], [-3.6852038, 43.4357026], [-3.6801159, 43.4392985], [-3.677325, 43.4405756], [-3.6752214, 43.4414344], [-3.672665, 43.4404679], [-3.6699582, 43.437044], [-3.6684004, 43.436972], [-3.6621815, 43.4389349], [-3.6591951, 43.4393122], [-3.6533568, 43.4387783], [-3.6506328, 43.439433], [-3.6465854, 43.4399781], [-3.6287861, 43.434737], [-3.6260802, 43.4347518], [-3.6191722, 43.4334475], [-3.6142747, 43.4330055], [-3.6121213, 43.4326568], [-3.6147458, 43.4307069], [-3.6148729, 43.4298328], [-3.6148574, 43.4282931], [-3.6146546, 43.4277899], [-3.6142805, 43.4274407], [-3.6131632, 43.4269064], [-3.612479, 43.4264418], [-3.6115044, 43.4253485], [-3.6173473, 43.4216074], [-3.6182116, 43.4203421], [-3.6205945, 43.4153588], [-3.615602, 43.4077948], [-3.6168205, 43.4061494], [-3.6164993, 43.4049175], [-3.6165408, 43.4041339], [-3.6169027, 43.4032856], [-3.6160836, 43.4016601], [-3.6160654, 43.4010839], [-3.6164801, 43.4005684], [-3.618199, 43.3995777], [-3.6200391, 43.3934987], [-3.6185835, 43.3875456], [-3.6169345, 43.3844208], [-3.6205578, 43.3789355], [-3.6234975, 43.3766685], [-3.627004, 43.3755328], [-3.6311552, 43.3746727], [-3.6423563, 43.3763215], [-3.6549159, 43.3779615], [-3.6584657, 43.3797422], [-3.6620798, 43.3806039], [-3.667265, 43.3828791], [-3.6732842, 43.386851], [-3.6791809, 43.391949], [-3.6819247, 43.3932924], [-3.6875464, 43.3979864], [-3.6892858, 43.3989214], [-3.6937915, 43.4009383], [-3.6971952, 43.4016111], [-3.7005223, 43.4009695], [-3.7021149, 43.3998522], [-3.7022639, 43.3999234], [-3.7021923, 43.4001399], [-3.7022808, 43.4003195], [-3.7034058, 43.4004296], [-3.7042614, 43.4007306], [-3.7042885, 43.4009375], [-3.7037366, 43.4012741], [-3.7035543, 43.4015273], [-3.7036429, 43.4017159], [-3.7040553, 43.4021365], [-3.7042992, 43.4029365], [-3.7039636, 43.403821], [-3.7041146, 43.4040632], [-3.704687, 43.4044379], [-3.7056282, 43.4046572], [-3.7064344, 43.4049584], [-3.7066471, 43.4051912], [-3.7068348, 43.4075313], [-3.7069866, 43.4078455], [-3.7079081, 43.4084972], [-3.7094742, 43.411468], [-3.7090665, 43.4125241], [-3.7089733, 43.4130019], [-3.7090264, 43.4133257], [-3.7092026, 43.4136038], [-3.7094516, 43.4137733], [-3.7105037, 43.4139559], [-3.710881, 43.4145389], [-3.7112911, 43.415806], [-3.7111462, 43.4171576], [-3.711552, 43.4180556], [-3.711878, 43.4184678], [-3.7130625, 43.4194059], [-3.7134875, 43.4198355], [-3.7136279, 43.4202218], [-3.7135704, 43.4205823], [-3.7132901, 43.4209083], [-3.7120289, 43.4218706], [-3.7118236, 43.422277], [-3.7119132, 43.4225466], [-3.7121135, 43.4227705], [-3.7124618, 43.4229754], [-3.7129077, 43.4230717], [-3.7135493, 43.4230047], [-3.7152928, 43.4220844], [-3.715799, 43.4220633], [-3.7162464, 43.4222856], [-3.7167093, 43.4227779], [-3.7170634, 43.4234781], [-3.7172583, 43.4242963], [-3.7172181, 43.42508], [-3.7170415, 43.4258194], [-3.7170229, 43.4263328], [-3.7171982, 43.4275834], [-3.7176713, 43.4289401], [-3.7180343, 43.429343]]]}, "properties": {"nombre": "Ribamontán al Monte", "ine": "39062"}}, {"type": "Feature", "geometry": {"type": "MultiPolygon", "coordinates": [[[[-3.7310413, 43.4703782], [-3.7310923, 43.4702552], [-3.731121, 43.4701748], [-3.7311882, 43.470281], [-3.7310413, 43.4703782]]], [[[-3.7315832, 43.4715094], [-3.7315609, 43.4714621], [-3.7316131, 43.4714986], [-3.7315832, 43.4715094]]], [[[-3.7315518, 43.4715262], [-3.7315996, 43.4715488], [-3.731605, 43.4715726], [-3.7315299, 43.4716044], [-3.7314905, 43.4715909], [-3.7315737, 43.4715777], [-3.7315518, 43.4715262]]], [[[-3.7316495, 43.4719441], [-3.7317269, 43.4718962], [-3.7317333, 43.471916], [-3.7316495, 43.4719441]]], [[[-3.7318621, 43.4722215], [-3.7318245, 43.4722819], [-3.7317791, 43.4722665], [-3.7318621, 43.4722215]]], [[[-3.7301325, 43.4699126], [-3.7307807, 43.4699614], [-3.7308599, 43.4702088], [-3.7309608, 43.4702036], [-3.7309896, 43.4704597], [-3.7311624, 43.4703709], [-3.7312512, 43.4706792], [-3.7312124, 43.4709511], [-3.7312792, 43.4710492], [-3.7313557, 43.4708672], [-3.7313834, 43.4709393], [-3.7312987, 43.4713127], [-3.731543, 43.4713872], [-3.7314542, 43.4714842], [-3.7315066, 43.4715434], [-3.7313472, 43.4715882], [-3.7314695, 43.4716145], [-3.7314433, 43.4716712], [-3.7315671, 43.4716333], [-3.7316436, 43.4717267], [-3.7314873, 43.4717917], [-3.731655, 43.4717432], [-3.7317038, 43.4718], [-3.7315589, 43.4719796], [-3.7316061, 43.4721604], [-3.7317494, 43.4722632], [-3.7316135, 43.4724103], [-3.7317974, 43.4724369], [-3.7316713, 43.4726744], [-3.7317437, 43.4726257], [-3.7316954, 43.4727046], [-3.7317785, 43.4726526], [-3.7318469, 43.4727519], [-3.7315163, 43.4731359], [-3.7316124, 43.4731312], [-3.7315326, 43.4732057], [-3.7316006, 43.473263], [-3.7315143, 43.4733079], [-3.7315973, 43.4733741], [-3.7313563, 43.4735879], [-3.7310828, 43.4736872], [-3.7313449, 43.4737522], [-3.7314671, 43.4736624], [-3.7314312, 43.4737191], [-3.7316153, 43.4737085], [-3.7313954, 43.4737451], [-3.7315023, 43.4740271], [-3.7311839, 43.4742288], [-3.7312635, 43.4743513], [-3.7312424, 43.4745167], [-3.7310844, 43.4747353], [-3.7308543, 43.4748373], [-3.7309813, 43.4748113], [-3.7309639, 43.4749622], [-3.7310356, 43.4749622], [-3.7309395, 43.475039], [-3.7309639, 43.4752494], [-3.7307578, 43.4753017], [-3.730647, 43.4753808], [-3.7307008, 43.4754269], [-3.7304353, 43.4755841], [-3.7304207, 43.4756373], [-3.7306535, 43.4755545], [-3.7307366, 43.4757448], [-3.7306812, 43.4758913], [-3.7303897, 43.4760142], [-3.7303181, 43.4761477], [-3.7299061, 43.4764065], [-3.7290683, 43.4767199], [-3.7289476, 43.4766401], [-3.7293019, 43.4763809], [-3.7291436, 43.4764393], [-3.7291341, 43.476304], [-3.7288198, 43.4762733], [-3.7288342, 43.4762124], [-3.728771, 43.4762568], [-3.728797, 43.4761941], [-3.7286374, 43.4760783], [-3.7283313, 43.4760913], [-3.7284469, 43.4758928], [-3.7283313, 43.4758786], [-3.7285137, 43.4758207], [-3.7285997, 43.4756779], [-3.728458, 43.4756649], [-3.7285331, 43.4757203], [-3.7284995, 43.4757748], [-3.7283815, 43.475646], [-3.7284629, 43.475568], [-3.7283554, 43.4754971], [-3.7284466, 43.4754487], [-3.7283815, 43.4753825], [-3.7284515, 43.4753104], [-3.7285476, 43.4753659], [-3.7284792, 43.4752537], [-3.7286127, 43.4751591], [-3.7283473, 43.4753151], [-3.7282789, 43.475269], [-3.7281446, 43.4753424], [-3.7281511, 43.4752479], [-3.7280893, 43.4752715], [-3.7280599, 43.4751391], [-3.7281593, 43.4749087], [-3.7279867, 43.4749111], [-3.7277164, 43.4744396], [-3.7277147, 43.4743368], [-3.727801, 43.4743545], [-3.7279964, 43.4741844], [-3.7278792, 43.4740981], [-3.7278075, 43.4741796], [-3.7276919, 43.4741584], [-3.7278255, 43.4740355], [-3.7277017, 43.473909], [-3.7276823, 43.473675], [-3.7280585, 43.4732803], [-3.7283972, 43.4731361], [-3.7285974, 43.4727384], [-3.7288091, 43.4726912], [-3.728643, 43.4725919], [-3.7288813, 43.4724916], [-3.7287933, 43.4723252], [-3.728991, 43.4721932], [-3.7288039, 43.4722091], [-3.7287117, 43.4719853], [-3.7284505, 43.472235], [-3.7285086, 43.4720153], [-3.728423, 43.4720197], [-3.7284819, 43.4718553], [-3.7284265, 43.4718517], [-3.7287458, 43.4717075], [-3.7287182, 43.4716566], [-3.7285382, 43.471729], [-3.7286489, 43.4715644], [-3.7285392, 43.4715601], [-3.7285748, 43.471497], [-3.7282187, 43.4715114], [-3.7285446, 43.4713829], [-3.7285204, 43.4712963], [-3.7280886, 43.4714209], [-3.7282187, 43.4712544], [-3.7281771, 43.4712321], [-3.7277122, 43.4713583], [-3.727353, 43.4715704], [-3.727342, 43.471521], [-3.727415, 43.4713967], [-3.7275136, 43.4713817], [-3.7275495, 43.4713051], [-3.727384, 43.4713143], [-3.7277705, 43.470879], [-3.7277131, 43.470846], [-3.7280658, 43.4707997], [-3.728067, 43.4707204], [-3.7281295, 43.470757], [-3.7287601, 43.4702365], [-3.7292669, 43.4700538], [-3.7301325, 43.4699126]]], [[[-3.7316289, 43.4743132], [-3.7315911, 43.4742526], [-3.7316253, 43.4742034], [-3.7316289, 43.4743132]]], [[[-3.7298151, 43.4765334], [-3.7297849, 43.4764915], [-3.7298749, 43.4764953], [-3.7298151, 43.4765334]]], [[[-3.7764063, 43.4569329], [-3.7775551, 43.4574366], [-3.777631, 43.4575564], [-3.7774746, 43.4579742], [-3.7772104, 43.4582072], [-3.7767021, 43.4584693], [-3.7760267, 43.4586834], [-3.7745126, 43.4587903], [-3.7706276, 43.458717], [-3.768166, 43.4582292], [-3.7652286, 43.4573396], [-3.7631666, 43.4568237], [-3.7590223, 43.4561625], [-3.7567087, 43.4559886], [-3.754712, 43.4559879], [-3.7525456, 43.4560893], [-3.7467551, 43.4565733], [-3.7458653, 43.4568361], [-3.7395912, 43.4574722], [-3.7353943, 43.4583033], [-3.7341059, 43.4586451], [-3.7323293, 43.4592947], [-3.731349, 43.4597867], [-3.7285666, 43.461699], [-3.7278763, 43.4622941], [-3.7268585, 43.4637343], [-3.7261272, 43.4649728], [-3.7261364, 43.4655426], [-3.7263731, 43.4663959], [-3.7264022, 43.4667758], [-3.726332, 43.4670928], [-3.7266131, 43.4671781], [-3.7266024, 43.467365], [-3.7258063, 43.4682842], [-3.7259243, 43.4687202], [-3.7262891, 43.4690161], [-3.726427, 43.4694716], [-3.7269757, 43.4699115], [-3.7269815, 43.4701478], [-3.7267777, 43.4701641], [-3.7268716, 43.4703257], [-3.7266651, 43.4703373], [-3.7266179, 43.4704885], [-3.726222, 43.4707587], [-3.7260164, 43.4710175], [-3.7236661, 43.4726405], [-3.7237245, 43.4726854], [-3.7242861, 43.4724518], [-3.7239676, 43.4727395], [-3.7239598, 43.4729151], [-3.7242664, 43.4728342], [-3.7239285, 43.4732795], [-3.7230041, 43.4736324], [-3.7234172, 43.4731135], [-3.7233903, 43.4730321], [-3.7231481, 43.4730142], [-3.722493, 43.4733678], [-3.7217459, 43.4736475], [-3.7211911, 43.4740221], [-3.7211882, 43.4737727], [-3.7201715, 43.474051], [-3.7193224, 43.4746493], [-3.7192124, 43.4746523], [-3.7203785, 43.4737841], [-3.7200761, 43.4738311], [-3.7190166, 43.47436], [-3.7185379, 43.474444], [-3.7181586, 43.4746185], [-3.7178852, 43.4748803], [-3.7171446, 43.474984], [-3.7169758, 43.4751318], [-3.7171868, 43.4752088], [-3.716682, 43.4756269], [-3.7159647, 43.4757695], [-3.7145305, 43.476432], [-3.7143201, 43.4764154], [-3.7144909, 43.4762161], [-3.7152838, 43.4758267], [-3.7148568, 43.4756898], [-3.7140772, 43.4757325], [-3.7088902, 43.4778509], [-3.7071725, 43.4780796], [-3.7060009, 43.4789581], [-3.7065716, 43.4789367], [-3.7077991, 43.4783679], [-3.7090576, 43.4781395], [-3.7098694, 43.4778794], [-3.7139602, 43.4763005], [-3.7140006, 43.4763929], [-3.7135794, 43.4767198], [-3.7121667, 43.4773021], [-3.7100139, 43.4779473], [-3.7093476, 43.4783596], [-3.7088014, 43.4783945], [-3.7069501, 43.4790138], [-3.7058993, 43.479556], [-3.7056887, 43.4795939], [-3.7056483, 43.4795402], [-3.706055, 43.4791274], [-3.7056273, 43.479323], [-3.7054869, 43.4791512], [-3.7049304, 43.4791839], [-3.7020888, 43.4796002], [-3.701556, 43.4795017], [-3.701256, 43.4792335], [-3.7007483, 43.4791672], [-3.7002237, 43.4789334], [-3.6995706, 43.4789999], [-3.6980634, 43.4793385], [-3.6975358, 43.4790911], [-3.6956392, 43.4799047], [-3.6954276, 43.47992], [-3.6953764, 43.4797673], [-3.6947365, 43.4800412], [-3.6944625, 43.4798719], [-3.6944428, 43.4793137], [-3.6946224, 43.4790398], [-3.6953127, 43.4786744], [-3.6955664, 43.4780075], [-3.6959799, 43.4773504], [-3.6951169, 43.4767883], [-3.6941728, 43.4767883], [-3.6937221, 43.4764925], [-3.6928853, 43.4755582], [-3.6916622, 43.4749821], [-3.6904391, 43.4748575], [-3.6882719, 43.4749042], [-3.6862549, 43.4756205], [-3.6856541, 43.4763835], [-3.6853397, 43.4765723], [-3.6854323, 43.4769102], [-3.6851344, 43.477053], [-3.6847655, 43.4777756], [-3.6839746, 43.47811], [-3.6838458, 43.4782579], [-3.683524, 43.4783591], [-3.6826442, 43.4781022], [-3.6819949, 43.4777867], [-3.681228, 43.4777596], [-3.6806701, 43.4780165], [-3.6805349, 43.4781295], [-3.6807559, 43.4782968], [-3.6805842, 43.4783513], [-3.6805542, 43.4786697], [-3.6802967, 43.4790901], [-3.6797581, 43.4796358], [-3.6795411, 43.4799678], [-3.679329, 43.4801107], [-3.6791442, 43.4805752], [-3.6792653, 43.4808648], [-3.6790567, 43.480925], [-3.6789841, 43.4810246], [-3.6787876, 43.4809527], [-3.6788028, 43.4808393], [-3.6780309, 43.4809249], [-3.6779491, 43.4806769], [-3.6771552, 43.4805762], [-3.6761464, 43.4798305], [-3.6760145, 43.4795737], [-3.6757002, 43.4792882], [-3.6754482, 43.4792978], [-3.6751339, 43.4794634], [-3.6745989, 43.4793506], [-3.6742582, 43.4790627], [-3.6734232, 43.4790616], [-3.6727322, 43.4794682], [-3.6725619, 43.4796961], [-3.6722428, 43.4797537], [-3.6710431, 43.4793362], [-3.6701626, 43.4793002], [-3.6700234, 43.4793818], [-3.6700306, 43.4794778], [-3.6716909, 43.4803511], [-3.6721564, 43.4803943], [-3.6728474, 43.4801304], [-3.6731737, 43.4799096], [-3.6734808, 43.4799936], [-3.6737063, 43.4797609], [-3.6739031, 43.4797609], [-3.6743158, 43.4801304], [-3.6742486, 43.4802767], [-3.6739631, 43.4804063], [-3.6739991, 43.4804879], [-3.6743613, 43.480579], [-3.6746853, 43.4805239], [-3.6751027, 43.480747], [-3.6752947, 43.4806966], [-3.6753187, 43.4808526], [-3.6751795, 43.4809797], [-3.6751843, 43.4811597], [-3.6755706, 43.4814692], [-3.6759663, 43.4814913], [-3.676731, 43.4819616], [-3.6764482, 43.4822686], [-3.6762309, 43.4823212], [-3.6760233, 43.4821346], [-3.6756399, 43.4823555], [-3.6754559, 43.4826112], [-3.6755446, 43.4828729], [-3.6752939, 43.4829914], [-3.6750804, 43.4832573], [-3.67525, 43.4834643], [-3.67504, 43.4835075], [-3.6747048, 43.4834045], [-3.6745546, 43.4834348], [-3.6744924, 43.4836902], [-3.6743508, 43.4837536], [-3.6733423, 43.4850929], [-3.6733552, 43.4852634], [-3.6727007, 43.4854346], [-3.6714991, 43.4855825], [-3.6713167, 43.4855125], [-3.6708747, 43.4857546], [-3.6704157, 43.4855817], [-3.6701753, 43.4856507], [-3.670258, 43.485869], [-3.6699481, 43.4857916], [-3.6702715, 43.4861904], [-3.6701414, 43.4867314], [-3.6695926, 43.4860799], [-3.6691111, 43.4861567], [-3.6682079, 43.4866797], [-3.6682476, 43.4869072], [-3.667308, 43.4869307], [-3.666101, 43.4873808], [-3.6657001, 43.4880386], [-3.6649052, 43.4882972], [-3.6646946, 43.4888251], [-3.6644365, 43.4886285], [-3.6633717, 43.4888625], [-3.6626565, 43.489614], [-3.6618065, 43.4899224], [-3.6609692, 43.49049], [-3.6600626, 43.4904817], [-3.6582193, 43.4900871], [-3.6567126, 43.4905164], [-3.6565306, 43.4909568], [-3.6560666, 43.4915042], [-3.6558122, 43.4914245], [-3.6555764, 43.4915817], [-3.6553202, 43.4919046], [-3.6558257, 43.4921088], [-3.6557678, 43.4924648], [-3.6554076, 43.49233], [-3.655335, 43.4924808], [-3.6527097, 43.4913595], [-3.652448, 43.4911809], [-3.651027, 43.4889919], [-3.6498173, 43.4869006], [-3.6499179, 43.4858916], [-3.6490984, 43.4844284], [-3.6466322, 43.4839381], [-3.646765, 43.4836312], [-3.6471066, 43.4820354], [-3.6471545, 43.4783973], [-3.642625, 43.4721916], [-3.6370855, 43.4686115], [-3.639491, 43.4657527], [-3.6435208, 43.4633711], [-3.644136, 43.4630975], [-3.6476983, 43.4621231], [-3.650338, 43.4604243], [-3.6510365, 43.4598531], [-3.6516233, 43.4592375], [-3.6523467, 43.4586931], [-3.6555641, 43.4567118], [-3.6551695, 43.4522118], [-3.6552203, 43.4500414], [-3.6550513, 43.4481244], [-3.6541029, 43.4472743], [-3.6530321, 43.446533], [-3.6493613, 43.4441946], [-3.6482463, 43.4427781], [-3.647284, 43.441766], [-3.6465854, 43.4399781], [-3.6506328, 43.439433], [-3.6533568, 43.4387783], [-3.6591951, 43.4393122], [-3.6621815, 43.4389349], [-3.6684004, 43.436972], [-3.6699582, 43.437044], [-3.672665, 43.4404679], [-3.6752214, 43.4414344], [-3.677325, 43.4405756], [-3.6801159, 43.4392985], [-3.6852038, 43.4357026], [-3.6875521, 43.434662], [-3.694209, 43.4322088], [-3.6950491, 43.4322037], [-3.6961464, 43.431999], [-3.6966336, 43.4313837], [-3.6969778, 43.4312285], [-3.6981377, 43.4310954], [-3.6986822, 43.4311642], [-3.700396, 43.4308476], [-3.7057504, 43.4301665], [-3.7090478, 43.4300382], [-3.7116435, 43.4301302], [-3.7154951, 43.4298541], [-3.7163676, 43.4294525], [-3.7166896, 43.4295135], [-3.7170141, 43.4297906], [-3.7180343, 43.429343], [-3.7201287, 43.4309238], [-3.7203053, 43.4312288], [-3.7203469, 43.4316157], [-3.7199115, 43.4324109], [-3.7199574, 43.433158], [-3.7202884, 43.4339843], [-3.7212169, 43.4351761], [-3.7214465, 43.4378761], [-3.722053, 43.4390068], [-3.7234912, 43.4404475], [-3.7262884, 43.4428881], [-3.72681, 43.443101], [-3.7273415, 43.4431156], [-3.7284726, 43.4426222], [-3.7290728, 43.4421772], [-3.7362531, 43.4360713], [-3.736508, 43.4356915], [-3.7371095, 43.4333194], [-3.7374462, 43.4325518], [-3.7378121, 43.4321623], [-3.7382667, 43.4319523], [-3.7387351, 43.4318592], [-3.7396622, 43.4318893], [-3.7425165, 43.432226], [-3.7432658, 43.4323998], [-3.7439595, 43.4330521], [-3.7448794, 43.4347019], [-3.7453211, 43.43497], [-3.7481879, 43.4350178], [-3.7506251, 43.4346436], [-3.7536261, 43.4345589], [-3.7552534, 43.4347385], [-3.7568103, 43.4356952], [-3.7580301, 43.436681], [-3.7584103, 43.4375304], [-3.7585711, 43.4382578], [-3.7582213, 43.4388226], [-3.7574735, 43.439329], [-3.7508882, 43.4407086], [-3.7496812, 43.4411495], [-3.749134, 43.4419028], [-3.7492306, 43.4429038], [-3.7502584, 43.4440006], [-3.7514493, 43.4444555], [-3.7528666, 43.4455055], [-3.754878, 43.4484215], [-3.7521808, 43.4491478], [-3.7520749, 43.4492628], [-3.7500745, 43.4498169], [-3.7460368, 43.4512055], [-3.7459298, 43.4513488], [-3.7462624, 43.4518951], [-3.7466985, 43.4517486], [-3.7467451, 43.4518222], [-3.7485984, 43.451275], [-3.7505321, 43.4505497], [-3.7512058, 43.450456], [-3.7516073, 43.450722], [-3.7518247, 43.4510867], [-3.7519547, 43.4511258], [-3.7519532, 43.4513477], [-3.7515762, 43.4513911], [-3.7509951, 43.4515922], [-3.7509038, 43.4515044], [-3.7509048, 43.451346], [-3.7500689, 43.4512207], [-3.7512104, 43.4511106], [-3.7513626, 43.4509659], [-3.750978, 43.4506764], [-3.7506465, 43.4506818], [-3.7492696, 43.4510742], [-3.7482906, 43.4514547], [-3.7481992, 43.4516323], [-3.7484648, 43.4515077], [-3.748831, 43.4514926], [-3.7491729, 43.4515797], [-3.7492226, 43.4516474], [-3.749051, 43.4516309], [-3.74913, 43.4518037], [-3.7492441, 43.451849], [-3.7493003, 43.4520665], [-3.7495954, 43.4520787], [-3.7495739, 43.451959], [-3.7496731, 43.451901], [-3.7498783, 43.4520208], [-3.7498033, 43.4521887], [-3.7493809, 43.4524253], [-3.7489115, 43.4525382], [-3.7487103, 43.4525022], [-3.7484944, 43.4526219], [-3.7477152, 43.4526025], [-3.7488406, 43.4533647], [-3.7492713, 43.4535598], [-3.7501084, 43.453709], [-3.7508746, 43.4540117], [-3.7518295, 43.4540896], [-3.7522068, 43.453759], [-3.7520641, 43.4533856], [-3.7527111, 43.4530789], [-3.753012, 43.4530441], [-3.7534726, 43.4531761], [-3.7537314, 43.4533946], [-3.7537679, 43.4535967], [-3.7545028, 43.4539045], [-3.7555632, 43.4541363], [-3.7565326, 43.4541128], [-3.7582536, 43.4543551], [-3.7586054, 43.4543422], [-3.7603676, 43.4549614], [-3.7618294, 43.4552612], [-3.7634119, 43.4557149], [-3.7638673, 43.4557926], [-3.7647124, 43.4557334], [-3.7655009, 43.4558697], [-3.7680167, 43.456923], [-3.7694717, 43.4574361], [-3.7710823, 43.4576451], [-3.7717434, 43.4574911], [-3.7729843, 43.4579245], [-3.7736892, 43.4579752], [-3.7744912, 43.4578593], [-3.7748077, 43.4576377], [-3.774923, 43.4573216], [-3.775137, 43.4571424], [-3.775537, 43.4569795], [-3.7764063, 43.4569329]]], [[[-3.7284205, 43.4714098], [-3.7283027, 43.4714547], [-3.7284288, 43.4714002], [-3.7284205, 43.4714098]]], [[[-3.7282008, 43.471744], [-3.7283658, 43.4716067], [-3.7285059, 43.4715819], [-3.7284033, 43.4717355], [-3.7282008, 43.471744]]], [[[-3.7274722, 43.4742887], [-3.7274369, 43.4743881], [-3.7275164, 43.4744362], [-3.7275886, 43.4743648], [-3.7276578, 43.4744715], [-3.727481, 43.4746991], [-3.7273706, 43.4743945], [-3.7273794, 43.4743048], [-3.7274722, 43.4742887]]], [[[-3.7284408, 43.4761653], [-3.728341, 43.4762062], [-3.7284262, 43.4761495], [-3.7284408, 43.4761653]]], [[[-3.7287572, 43.4763877], [-3.7284814, 43.476392], [-3.7287615, 43.4762779], [-3.7286999, 43.4763389], [-3.7287572, 43.4763877]]], [[[-3.7286285, 43.4764259], [-3.728598, 43.4764888], [-3.7285694, 43.4764694], [-3.7286285, 43.4764259]]]]}, "properties": {"nombre": "Ribamontán al Mar", "ine": "39061"}}, {"type": "Feature", "geometry": {"type": "Polygon", "coordinates": [[[-4.1742536, 43.3237421], [-4.1750037, 43.3268229], [-4.1745911, 43.3278177], [-4.17423, 43.3282806], [-4.1737669, 43.3285735], [-4.1735745, 43.3288276], [-4.1734383, 43.3294413], [-4.1735381, 43.3301426], [-4.1736922, 43.3304562], [-4.1737349, 43.3307529], [-4.1735778, 43.3322043], [-4.1734722, 43.3324845], [-4.173292, 43.3365834], [-4.173485, 43.3369956], [-4.1737963, 43.3371455], [-4.1736925, 43.3375248], [-4.1733057, 43.337934], [-4.1732401, 43.3383758], [-4.1727565, 43.3388851], [-4.1709987, 43.3392182], [-4.1697174, 43.3399517], [-4.1692455, 43.3404337], [-4.1691147, 43.3406872], [-4.1690969, 43.3410475], [-4.1691917, 43.3414878], [-4.1690214, 43.3422549], [-4.1687479, 43.342789], [-4.1685032, 43.3435389], [-4.1693666, 43.3441694], [-4.1686336, 43.3451944], [-4.1662621, 43.3489284], [-4.1612623, 43.3494384], [-4.1578335, 43.3482125], [-4.1547934, 43.3486124], [-4.1529491, 43.3496035], [-4.1517978, 43.349408], [-4.1517531, 43.3483459], [-4.15129, 43.349305], [-4.1497237, 43.3506534], [-4.1483349, 43.3522522], [-4.1481676, 43.352542], [-4.1481352, 43.3527854], [-4.1482127, 43.3529737], [-4.1485156, 43.3533309], [-4.1495797, 43.3534823], [-4.152045, 43.3553034], [-4.1528905, 43.3556371], [-4.1529084, 43.3559341], [-4.152816, 43.3562682], [-4.1521125, 43.3575629], [-4.1510654, 43.3589691], [-4.150121, 43.3599331], [-4.1482156, 43.3616361], [-4.1463952, 43.3626178], [-4.1451417, 43.3635578], [-4.1445538, 43.3644551], [-4.1437688, 43.3653724], [-4.1434166, 43.3656731], [-4.1426652, 43.3657526], [-4.1415147, 43.365611], [-4.1407449, 43.3653666], [-4.1402186, 43.3649396], [-4.1398775, 43.3645198], [-4.1394452, 43.3631824], [-4.1395801, 43.3618214], [-4.1395562, 43.3612003], [-4.1372561, 43.362934], [-4.1372784, 43.3641314], [-4.1368157, 43.3651265], [-4.1368257, 43.3656667], [-4.1372319, 43.3662659], [-4.1376196, 43.3665412], [-4.1396711, 43.3673402], [-4.1411672, 43.3681447], [-4.1416845, 43.3687429], [-4.1428403, 43.3698209], [-4.143562, 43.3701289], [-4.1444233, 43.3706425], [-4.1455409, 43.3716578], [-4.1483803, 43.3729891], [-4.1498783, 43.3738745], [-4.1510717, 43.3743217], [-4.1516275, 43.3743342], [-4.1453776, 43.3793763], [-4.1441952, 43.3795232], [-4.1422589, 43.3796236], [-4.137569, 43.379022], [-4.1312734, 43.378373], [-4.1270643, 43.3770638], [-4.1250947, 43.376696], [-4.1197329, 43.3764604], [-4.115074, 43.3755064], [-4.1114155, 43.3745785], [-4.1080846, 43.3726478], [-4.0972452, 43.3670703], [-4.0952681, 43.3683138], [-4.089917, 43.3727681], [-4.0860354, 43.3689871], [-4.0854498, 43.3679841], [-4.0820012, 43.3635325], [-4.0780799, 43.3623882], [-4.0765321, 43.3600108], [-4.077211, 43.3583359], [-4.0776289, 43.3577658], [-4.0790979, 43.3550055], [-4.0792063, 43.3534647], [-4.0805126, 43.3519757], [-4.0813152, 43.3485283], [-4.0815767, 43.3479676], [-4.0818542, 43.3469204], [-4.0800814, 43.3429662], [-4.08001, 43.3424175], [-4.0802132, 43.3420464], [-4.085685, 43.3375554], [-4.0877942, 43.3354644], [-4.0885966, 43.3334217], [-4.0885429, 43.3331791], [-4.0935612, 43.3303039], [-4.0940515, 43.3301281], [-4.0975606, 43.3297794], [-4.1016541, 43.3290017], [-4.1027093, 43.3286944], [-4.104018, 43.3287628], [-4.1046041, 43.328433], [-4.1051933, 43.3282742], [-4.1076899, 43.3278719], [-4.1080696, 43.3277242], [-4.1098884, 43.3266801], [-4.1115071, 43.3261601], [-4.1126715, 43.3250863], [-4.1135109, 43.3244478], [-4.117026, 43.3257913], [-4.1178838, 43.3268364], [-4.1189546, 43.3320846], [-4.1272733, 43.3296709], [-4.1320842, 43.3303528], [-4.1382524, 43.3317144], [-4.1403612, 43.3283887], [-4.1464776, 43.3243657], [-4.1504654, 43.3239205], [-4.1550633, 43.3231358], [-4.1593085, 43.321319], [-4.1626454, 43.3223297], [-4.1626644, 43.3226807], [-4.1630544, 43.323082], [-4.1640413, 43.3237383], [-4.164557, 43.3242643], [-4.1652935, 43.324725], [-4.1657273, 43.3248377], [-4.1679258, 43.3249954], [-4.1687626, 43.3248968], [-4.1691595, 43.3243705], [-4.1694397, 43.3241875], [-4.170176, 43.3239909], [-4.1742536, 43.3237421]]]}, "properties": {"nombre": "Reocín", "ine": "39060"}}, {"type": "Feature", "geometry": {"type": "Polygon", "coordinates": [[[-4.0741576, 43.3001419], [-4.0641843, 43.3015947], [-4.0209011, 43.304807], [-4.0200408, 43.3049768], [-4.0135009, 43.3039272], [-4.0019209, 43.2895045], [-4.003972, 43.2852994], [-4.0011621, 43.2800562], [-4.0005355, 43.278675], [-3.9999501, 43.2767891], [-3.9995556, 43.2745233], [-3.9992709, 43.2699244], [-3.999422, 43.2693648], [-4.0007224, 43.2667511], [-4.000979, 43.2658664], [-4.0011641, 43.264379], [-4.0010677, 43.2630021], [-4.0011217, 43.2625424], [-4.0035379, 43.2558578], [-3.9985893, 43.2500659], [-3.9980267, 43.2495575], [-3.9993398, 43.2492489], [-3.9990752, 43.2488911], [-3.9990321, 43.2485132], [-3.9991352, 43.2480351], [-3.9992228, 43.2466116], [-3.9986716, 43.2460491], [-3.9976637, 43.2454275], [-3.9966507, 43.2444908], [-3.996094, 43.2435862], [-4.0019784, 43.2328462], [-4.0037085, 43.2294543], [-4.0047415, 43.2286168], [-4.0057705, 43.2282836], [-4.0078688, 43.227833], [-4.0085705, 43.2278178], [-4.0113877, 43.2283963], [-4.0131395, 43.2285879], [-4.0146862, 43.2290335], [-4.0161671, 43.2292275], [-4.0169787, 43.2291572], [-4.01759, 43.2288907], [-4.0181491, 43.2284445], [-4.019297, 43.2271286], [-4.0195572, 43.2272253], [-4.0209021, 43.2281228], [-4.0221398, 43.2292374], [-4.0256244, 43.2336186], [-4.0267721, 43.2352292], [-4.0268026, 43.2355801], [-4.026571, 43.2364556], [-4.0265916, 43.2369507], [-4.0273491, 43.2373221], [-4.0278034, 43.2387048], [-4.0286674, 43.2395525], [-4.0315544, 43.2413005], [-4.0362868, 43.243644], [-4.0370712, 43.2441412], [-4.0382922, 43.2442292], [-4.0399235, 43.2445476], [-4.0445839, 43.2462431], [-4.0468425, 43.247222], [-4.0491035, 43.248336], [-4.0507458, 43.2492844], [-4.0512769, 43.250081], [-4.0516598, 43.2508609], [-4.0525022, 43.2532844], [-4.0550278, 43.2554313], [-4.0568418, 43.2584582], [-4.0573364, 43.2599844], [-4.0596059, 43.2651052], [-4.0601343, 43.2678647], [-4.0607225, 43.2691019], [-4.0609599, 43.2692889], [-4.0615904, 43.2694181], [-4.062009, 43.2693872], [-4.0639097, 43.2730975], [-4.0655733, 43.2752161], [-4.0684258, 43.2832938], [-4.0684942, 43.2836803], [-4.0690746, 43.2844493], [-4.0691022, 43.2846201], [-4.0689738, 43.2850265], [-4.0691491, 43.285187], [-4.070103, 43.2854572], [-4.0704177, 43.2858325], [-4.0705351, 43.2862006], [-4.0707626, 43.2865226], [-4.0715011, 43.2871641], [-4.0736654, 43.2882784], [-4.0744667, 43.2889822], [-4.0745936, 43.2891882], [-4.0760736, 43.290633], [-4.0764663, 43.2912326], [-4.0767987, 43.2926072], [-4.076657, 43.2929597], [-4.0744709, 43.2948262], [-4.0726734, 43.2956625], [-4.0721744, 43.2960273], [-4.0719353, 43.2964528], [-4.0720429, 43.2969651], [-4.0722484, 43.2974314], [-4.0738399, 43.2989022], [-4.0741576, 43.3001419]]]}, "properties": {"nombre": "San Felices de Buelna", "ine": "39069"}}, {"type": "Feature", "geometry": {"type": "Polygon", "coordinates": [[[-4.2809663, 43.3872232], [-4.2806113, 43.3873248], [-4.2801867, 43.3878658], [-4.2794513, 43.3882545], [-4.2797319, 43.3885679], [-4.2791664, 43.3887971], [-4.2786077, 43.3887472], [-4.277905, 43.3890187], [-4.2757428, 43.3892801], [-4.2735649, 43.3894371], [-4.2727286, 43.3896809], [-4.272462, 43.390166], [-4.2729391, 43.3907005], [-4.2722271, 43.3912075], [-4.2722367, 43.3917236], [-4.272075, 43.392088], [-4.272256, 43.392343], [-4.271943, 43.3929052], [-4.2721508, 43.3931487], [-4.2717319, 43.3933], [-4.2712288, 43.3933873], [-4.2703753, 43.3933727], [-4.2696486, 43.3935676], [-4.268872, 43.3932893], [-4.2681963, 43.3933192], [-4.267999, 43.39316], [-4.2680249, 43.3930178], [-4.2665298, 43.392462], [-4.265599, 43.3918123], [-4.2652293, 43.3913214], [-4.2650651, 43.3912524], [-4.264784, 43.391284], [-4.2645365, 43.3916833], [-4.265184, 43.392742], [-4.2654235, 43.3935111], [-4.2648216, 43.3941792], [-4.2646243, 43.3940388], [-4.2646435, 43.3939243], [-4.2644519, 43.3938531], [-4.2641121, 43.3937642], [-4.2637152, 43.3938098], [-4.2634384, 43.394014], [-4.2630552, 43.3946019], [-4.2629274, 43.3950475], [-4.2625825, 43.3952548], [-4.2622908, 43.3953229], [-4.2622713, 43.3954325], [-4.2616372, 43.3957251], [-4.2593463, 43.3959061], [-4.2590673, 43.3958937], [-4.25921, 43.3958334], [-4.2591483, 43.3957452], [-4.2585713, 43.3957406], [-4.2580539, 43.3959216], [-4.2580347, 43.39605], [-4.2581114, 43.3961459], [-4.2580092, 43.3961877], [-4.2579091, 43.3961274], [-4.2563825, 43.3966781], [-4.2560461, 43.3966487], [-4.2555725, 43.3968576], [-4.2554684, 43.3970402], [-4.2549177, 43.3969999], [-4.2547143, 43.3968896], [-4.2536424, 43.3966982], [-4.2533145, 43.3968576], [-4.2526637, 43.3969249], [-4.2523279, 43.3967796], [-4.252119, 43.3968269], [-4.25206, 43.3967952], [-4.2521271, 43.3967134], [-4.2518858, 43.396675], [-4.2520391, 43.3964058], [-4.2527553, 43.3959775], [-4.2525086, 43.3958005], [-4.2520711, 43.3958705], [-4.2519604, 43.3957777], [-4.2509767, 43.3958319], [-4.250783, 43.3957313], [-4.2500697, 43.3957994], [-4.2500697, 43.3955921], [-4.2486132, 43.395665], [-4.2484982, 43.3957968], [-4.2480128, 43.3958894], [-4.2480364, 43.3961026], [-4.2476894, 43.3962264], [-4.2480258, 43.3962326], [-4.2480793, 43.3962941], [-4.2472295, 43.3963331], [-4.2464864, 43.3966085], [-4.2464661, 43.3969257], [-4.2463523, 43.3970695], [-4.2464332, 43.3971159], [-4.2469838, 43.3970145], [-4.2464063, 43.397323], [-4.2452753, 43.3975683], [-4.2443172, 43.3973964], [-4.2438569, 43.3974949], [-4.2439057, 43.3978711], [-4.242367, 43.3983887], [-4.240959, 43.3984037], [-4.2399055, 43.3987677], [-4.2388505, 43.3987787], [-4.2388555, 43.3990357], [-4.2380489, 43.3987001], [-4.2368564, 43.3991219], [-4.2360405, 43.3990657], [-4.234531, 43.399528], [-4.2342873, 43.399714], [-4.2340465, 43.399574], [-4.2336854, 43.3997489], [-4.2333772, 43.4000134], [-4.2332131, 43.4003254], [-4.2325961, 43.4003228], [-4.2317604, 43.4000187], [-4.2311221, 43.3998918], [-4.2293109, 43.3996947], [-4.227712, 43.39963], [-4.226294, 43.399132], [-4.225937, 43.398879], [-4.225231, 43.398758], [-4.2248711, 43.3985406], [-4.2246587, 43.3986229], [-4.2241774, 43.3980983], [-4.2238518, 43.3975479], [-4.2231298, 43.3970388], [-4.2226909, 43.3970799], [-4.2226272, 43.3965759], [-4.2228282, 43.3955843], [-4.2226833, 43.3954481], [-4.2222037, 43.3930882], [-4.2212774, 43.3906128], [-4.2219273, 43.3903898], [-4.2217256, 43.3901848], [-4.2219646, 43.3897861], [-4.2221951, 43.3895855], [-4.2223359, 43.3886026], [-4.2226701, 43.3880317], [-4.2235201, 43.3873203], [-4.2251769, 43.386213], [-4.2240422, 43.3856579], [-4.2237839, 43.3857057], [-4.2235796, 43.3853657], [-4.2227684, 43.3849331], [-4.2229757, 43.3841925], [-4.2230041, 43.38376], [-4.2233305, 43.3834144], [-4.2241696, 43.3827841], [-4.2242455, 43.382261], [-4.2246182, 43.3817618], [-4.2260694, 43.3808728], [-4.2274743, 43.3795251], [-4.2279032, 43.3793674], [-4.2290023, 43.3781671], [-4.2296475, 43.3764943], [-4.2312695, 43.3730732], [-4.2316501, 43.3705298], [-4.2305212, 43.3684169], [-4.233064, 43.3665977], [-4.2364225, 43.3624104], [-4.2405083, 43.3636629], [-4.2412232, 43.3642224], [-4.2484286, 43.3623071], [-4.251329, 43.3611139], [-4.2528429, 43.3609172], [-4.2574593, 43.3609567], [-4.2600754, 43.3615402], [-4.2624649, 43.3630987], [-4.2650884, 43.3646275], [-4.2664135, 43.3642527], [-4.2679619, 43.3639294], [-4.2697297, 43.3646662], [-4.2703232, 43.3653079], [-4.2707343, 43.3654924], [-4.2715902, 43.365699], [-4.2725758, 43.3662013], [-4.2735024, 43.3668394], [-4.2738606, 43.3674387], [-4.2740552, 43.368481], [-4.2745982, 43.3702489], [-4.2746363, 43.3708878], [-4.2749424, 43.3713616], [-4.2768919, 43.3725014], [-4.2774923, 43.3734672], [-4.2789074, 43.3744329], [-4.2795789, 43.3752538], [-4.2799185, 43.3755562], [-4.2803288, 43.3762809], [-4.2801428, 43.3768323], [-4.2797093, 43.3773504], [-4.2794294, 43.3781279], [-4.279309, 43.3788586], [-4.2795081, 43.3795227], [-4.2799786, 43.3801748], [-4.2803142, 43.3808734], [-4.2803062, 43.3816658], [-4.2800663, 43.382587], [-4.2799954, 43.3833261], [-4.2803541, 43.3845287], [-4.2804197, 43.3853024], [-4.2806305, 43.3859303], [-4.2811454, 43.386933], [-4.2809663, 43.3872232]]]}, "properties": {"nombre": "Ruiloba", "ine": "39068"}}, {"type": "Feature", "geometry": {"type": "Polygon", "coordinates": [[[-3.4816164, 43.289879], [-3.4803465, 43.2914151], [-3.4805822, 43.2916032], [-3.4808584, 43.2922414], [-3.4808368, 43.2926377], [-3.4806421, 43.2929536], [-3.4798092, 43.2936415], [-3.4795462, 43.2946871], [-3.47907, 43.2952744], [-3.4788892, 43.2957974], [-3.4787716, 43.2965183], [-3.4772519, 43.2976682], [-3.4770817, 43.297984], [-3.4773728, 43.2989463], [-3.4776986, 43.2996203], [-3.4768638, 43.300074], [-3.4752091, 43.3013145], [-3.4748428, 43.3017842], [-3.4737107, 43.3036528], [-3.4730814, 43.3035924], [-3.4643622, 43.3000711], [-3.4633936, 43.2991475], [-3.4653494, 43.2953307], [-3.4673486, 43.2923781], [-3.4673964, 43.2921798], [-3.4653989, 43.2921248], [-3.4628234, 43.2922433], [-3.4582381, 43.2939365], [-3.4561376, 43.2949443], [-3.4555359, 43.2952709], [-3.4550589, 43.295768], [-3.4550609, 43.2960381], [-3.4546322, 43.296418], [-3.4540512, 43.2962042], [-3.449687, 43.2978601], [-3.4492185, 43.297862], [-3.4485516, 43.2977115], [-3.4472536, 43.2972213], [-3.4444625, 43.2982496], [-3.4446854, 43.3000677], [-3.4452107, 43.3010922], [-3.4458214, 43.3019903], [-3.4477357, 43.3041169], [-3.4507879, 43.3067074], [-3.4512999, 43.3075788], [-3.4511575, 43.3083357], [-3.4509498, 43.3085887], [-3.4504817, 43.3086626], [-3.4501362, 43.3086279], [-3.4489223, 43.3078762], [-3.447611, 43.307287], [-3.4471918, 43.3072977], [-3.4467489, 43.3074345], [-3.4464066, 43.307832], [-3.4458482, 43.3090408], [-3.4457945, 43.3101305], [-3.4476267, 43.3127888], [-3.4481903, 43.3139752], [-3.4480319, 43.3142369], [-3.4476152, 43.3145897], [-3.4454918, 43.3159486], [-3.444539, 43.3155111], [-3.4415963, 43.3144509], [-3.4397832, 43.3161146], [-3.4386623, 43.3180099], [-3.4378369, 43.3198499], [-3.4376455, 43.3206791], [-3.438338, 43.3209286], [-3.4375355, 43.3225254], [-3.4373796, 43.3231473], [-3.4373468, 43.3237327], [-3.4374611, 43.3241915], [-3.4379465, 43.324802], [-3.4385051, 43.3253041], [-3.4396449, 43.3260112], [-3.4417289, 43.327651], [-3.4419282, 43.3279204], [-3.4418559, 43.3281548], [-3.4413035, 43.3285171], [-3.4379932, 43.3295832], [-3.4365402, 43.3299399], [-3.435505, 43.3300609], [-3.4327419, 43.3300533], [-3.4322015, 43.3303885], [-3.4318961, 43.3308038], [-3.4317146, 43.3313088], [-3.4316811, 43.3317951], [-3.4272417, 43.3319737], [-3.4189767, 43.331923], [-3.4168532, 43.3316605], [-3.4122255, 43.331362], [-3.4078911, 43.330657], [-3.3999307, 43.3280916], [-3.3974456, 43.3271907], [-3.3959489, 43.3265385], [-3.3931688, 43.3238647], [-3.3926338, 43.3231372], [-3.3847841, 43.3202822], [-3.3798411, 43.3147248], [-3.3796533, 43.3142662], [-3.3790577, 43.3136738], [-3.3778858, 43.3136146], [-3.3767278, 43.3137985], [-3.3758659, 43.3140084], [-3.3747833, 43.3144352], [-3.3722827, 43.3128495], [-3.3706131, 43.3120444], [-3.3675125, 43.3111269], [-3.3661366, 43.3099427], [-3.3650197, 43.3087396], [-3.361253, 43.307743], [-3.3591394, 43.3068761], [-3.3559648, 43.3037614], [-3.3526895, 43.3002417], [-3.3514573, 43.3003626], [-3.3500148, 43.300358], [-3.3488906, 43.2999472], [-3.3477401, 43.2992573], [-3.3466386, 43.2985043], [-3.3460684, 43.2979747], [-3.3449497, 43.2963393], [-3.3439443, 43.2951357], [-3.3433744, 43.2946332], [-3.343126, 43.2942825], [-3.342022, 43.2934725], [-3.3422849, 43.2920878], [-3.3424615, 43.2916468], [-3.3428319, 43.2912385], [-3.3413327, 43.2879409], [-3.3413199, 43.2868244], [-3.3416348, 43.2844005], [-3.3412912, 43.283993], [-3.3407586, 43.2831198], [-3.3395118, 43.2817197], [-3.3392125, 43.2812224], [-3.3392403, 43.2803], [-3.3389195, 43.2788936], [-3.3385913, 43.2780633], [-3.3401559, 43.2777318], [-3.3423915, 43.2768211], [-3.3432109, 43.2767042], [-3.3442858, 43.2763507], [-3.3458288, 43.2756272], [-3.346671, 43.2755511], [-3.3485231, 43.2749974], [-3.3507263, 43.2750343], [-3.35174, 43.2745475], [-3.3520994, 43.2741286], [-3.3541412, 43.2740795], [-3.3569837, 43.2725872], [-3.3577911, 43.2724924], [-3.359791, 43.2719084], [-3.3606718, 43.2721671], [-3.3624357, 43.2725128], [-3.3634167, 43.2730011], [-3.3653675, 43.2745087], [-3.3666659, 43.274237], [-3.3678542, 43.2746592], [-3.369139, 43.2745277], [-3.3701545, 43.2738983], [-3.3718642, 43.2734598], [-3.37378, 43.2727457], [-3.3751473, 43.2718973], [-3.3775632, 43.2709248], [-3.3785435, 43.2708574], [-3.3796896, 43.2704142], [-3.3831016, 43.2703653], [-3.3835608, 43.269852], [-3.3836193, 43.2691939], [-3.3841953, 43.2685167], [-3.3841808, 43.2681752], [-3.3847579, 43.2676598], [-3.3847726, 43.2671359], [-3.3850873, 43.2668427], [-3.3855283, 43.266109], [-3.3859253, 43.2656983], [-3.3866924, 43.2653434], [-3.3871356, 43.264963], [-3.3876037, 43.2647931], [-3.3879711, 43.2647706], [-3.3878773, 43.2644777], [-3.3897532, 43.2638997], [-3.3924517, 43.2641852], [-3.3927382, 43.2646614], [-3.3931965, 43.2650291], [-3.3937456, 43.2661167], [-3.3945738, 43.2665281], [-3.3955141, 43.2671192], [-3.3969168, 43.2686991], [-3.397737, 43.2697679], [-3.3988863, 43.2702681], [-3.4000378, 43.2711106], [-3.4016209, 43.2719785], [-3.4021638, 43.2720847], [-3.4034117, 43.2725936], [-3.4060871, 43.2746282], [-3.4067546, 43.274941], [-3.4086563, 43.2755105], [-3.4101493, 43.2757844], [-3.4106807, 43.2759986], [-3.4115602, 43.2766618], [-3.4120567, 43.2771913], [-3.4128127, 43.2778099], [-3.4154438, 43.2787009], [-3.4162968, 43.279076], [-3.4175343, 43.2798189], [-3.4180288, 43.2800332], [-3.4196218, 43.2804867], [-3.4195994, 43.2808109], [-3.4201206, 43.2813223], [-3.4218757, 43.2802533], [-3.4221972, 43.2804052], [-3.4226095, 43.2812141], [-3.4237133, 43.2822006], [-3.4238264, 43.2825153], [-3.4238798, 43.2831094], [-3.4246566, 43.2831606], [-3.4248918, 43.2833038], [-3.425179, 43.283834], [-3.425738, 43.2844533], [-3.4269414, 43.2855744], [-3.4264595, 43.28717], [-3.4294887, 43.2884914], [-3.430582, 43.2896939], [-3.4315543, 43.2894922], [-3.4317737, 43.2891312], [-3.4318201, 43.2887258], [-3.4345104, 43.287428], [-3.43649, 43.2867452], [-3.4368965, 43.2867077], [-3.4373413, 43.28685], [-3.4397422, 43.2881916], [-3.4414477, 43.2888064], [-3.4436005, 43.2882038], [-3.445016, 43.2879282], [-3.4456518, 43.2888982], [-3.4485458, 43.2902107], [-3.4493133, 43.2906399], [-3.450151, 43.2905736], [-3.452303, 43.2915377], [-3.4532285, 43.2916691], [-3.454153, 43.2916655], [-3.4556954, 43.2918665], [-3.4565079, 43.2917192], [-3.4582164, 43.2910551], [-3.4589684, 43.2910611], [-3.4638573, 43.2904112], [-3.4690955, 43.2903089], [-3.4784854, 43.289883], [-3.4816164, 43.289879]]]}, "properties": {"nombre": "Rasines", "ine": "39058"}}, {"type": "Feature", "geometry": {"type": "Polygon", "coordinates": [[[-4.1409441, 42.9877585], [-4.1456591, 42.9893414], [-4.1479958, 42.9923077], [-4.1503917, 42.9931752], [-4.1466843, 42.9976518], [-4.1460558, 42.9988197], [-4.1464914, 43.0001124], [-4.14646, 43.0012771], [-4.1471103, 43.0007723], [-4.1493144, 43.0031816], [-4.1357262, 43.0121779], [-4.1328032, 43.012711], [-4.1290541, 43.0130272], [-4.1268694, 43.013679], [-4.1258344, 43.0154632], [-4.1235939, 43.0130538], [-4.1224543, 43.0124706], [-4.1219186, 43.0120256], [-4.1200155, 43.0119632], [-4.1217117, 43.0114423], [-4.1251322, 43.0085812], [-4.1262971, 43.0058503], [-4.1261703, 43.0015922], [-4.125815, 43.0009473], [-4.1251502, 43.0001434], [-4.1268483, 42.9997485], [-4.1311856, 42.9927359], [-4.1333816, 42.9900758], [-4.134226, 42.9886266], [-4.1345504, 42.9869215], [-4.1347546, 42.9866853], [-4.1361757, 42.9859238], [-4.136846, 42.9856921], [-4.1375314, 42.9856132], [-4.1382555, 42.9856331], [-4.1391532, 42.9857592], [-4.1409441, 42.9877585]]]}, "properties": {"nombre": "Reinosa", "ine": "39059"}}, {"type": "Feature", "geometry": {"type": "Polygon", "coordinates": [[[-4.644889, 43.1423558], [-4.6421252, 43.1438453], [-4.6410489, 43.1454455], [-4.6394518, 43.1459637], [-4.6377152, 43.1481677], [-4.6374547, 43.1494681], [-4.6350582, 43.1509162], [-4.6326016, 43.1556518], [-4.6336317, 43.1606167], [-4.631689, 43.1643454], [-4.6301806, 43.1668342], [-4.6299078, 43.168603], [-4.6300646, 43.1698704], [-4.6304495, 43.1709275], [-4.6181825, 43.1727495], [-4.6129086, 43.1668269], [-4.6139816, 43.1641283], [-4.6141963, 43.1596679], [-4.6121412, 43.1591656], [-4.6128924, 43.1577953], [-4.6130756, 43.1554065], [-4.6103033, 43.1505379], [-4.6105121, 43.1477165], [-4.6092223, 43.1444929], [-4.6094928, 43.1426161], [-4.6095456, 43.1408775], [-4.6101952, 43.138455], [-4.6095786, 43.1365097], [-4.6100534, 43.1353954], [-4.6086465, 43.1323806], [-4.6155306, 43.1328059], [-4.6163276, 43.1327226], [-4.6188392, 43.1333174], [-4.6191974, 43.1347801], [-4.6221359, 43.137566], [-4.6259399, 43.1377371], [-4.6264233, 43.1378833], [-4.6265504, 43.1403578], [-4.6272766, 43.1422385], [-4.6278341, 43.1423926], [-4.6316332, 43.1405196], [-4.6325824, 43.1387591], [-4.6339627, 43.1384152], [-4.6340154, 43.137622], [-4.6367935, 43.1366728], [-4.6391407, 43.1366212], [-4.6428572, 43.1353612], [-4.6429704, 43.1363772], [-4.6444168, 43.139418], [-4.6440367, 43.1408372], [-4.6434522, 43.141512], [-4.644889, 43.1423558]]]}, "properties": {"nombre": "Potes", "ine": "39055"}}, {"type": "Feature", "geometry": {"type": "Polygon", "coordinates": [[[-4.4121311, 43.1434115], [-4.4127059, 43.144341], [-4.4123888, 43.1455245], [-4.4119284, 43.1479615], [-4.4123802, 43.1488924], [-4.4120637, 43.1501029], [-4.4124289, 43.1510079], [-4.4122623, 43.1523157], [-4.4110774, 43.1542753], [-4.4096153, 43.1554099], [-4.4078325, 43.1559721], [-4.4070252, 43.1572427], [-4.4064306, 43.1575922], [-4.4022555, 43.1616596], [-4.4000625, 43.1615063], [-4.3975963, 43.1639407], [-4.398267, 43.1658415], [-4.3981652, 43.1667703], [-4.398353, 43.1674523], [-4.3983022, 43.1679212], [-4.397964, 43.1687358], [-4.397965, 43.1709329], [-4.3978485, 43.1712225], [-4.3975735, 43.171568], [-4.3961541, 43.1724498], [-4.393899, 43.1744493], [-4.393612, 43.174813], [-4.3931388, 43.1767278], [-4.3931681, 43.1774748], [-4.3924355, 43.1809685], [-4.3923024, 43.1810692], [-4.3906235, 43.1813688], [-4.3869608, 43.1815483], [-4.3841804, 43.1810236], [-4.3834847, 43.1812752], [-4.3826856, 43.1818521], [-4.3817448, 43.1826919], [-4.3805307, 43.1839672], [-4.3790809, 43.1857046], [-4.3789217, 43.1862828], [-4.3784309, 43.186892], [-4.3782432, 43.1872995], [-4.3781261, 43.1886606], [-4.3771146, 43.1907439], [-4.3769812, 43.1919251], [-4.3768869, 43.1921064], [-4.3769263, 43.1938618], [-4.3772293, 43.1958392], [-4.3771017, 43.1967322], [-4.3758313, 43.1971617], [-4.3732918, 43.1975254], [-4.3708436, 43.1975727], [-4.3698779, 43.1978724], [-4.3690202, 43.198594], [-4.3686315, 43.1988238], [-4.3680927, 43.1989473], [-4.3672271, 43.1993178], [-4.3658434, 43.2001898], [-4.3658115, 43.2004153], [-4.3655131, 43.2008331], [-4.3648587, 43.2012911], [-4.3642619, 43.2015774], [-4.3627865, 43.201649], [-4.3608009, 43.2014745], [-4.3588219, 43.201597], [-4.3558528, 43.2020284], [-4.356088, 43.202647], [-4.3565658, 43.2031006], [-4.3576244, 43.2036553], [-4.3565555, 43.2048566], [-4.3556437, 43.2053717], [-4.3537383, 43.2060426], [-4.3527931, 43.2067201], [-4.3524273, 43.2068775], [-4.3513825, 43.2069438], [-4.3492452, 43.2077164], [-4.3488959, 43.2080627], [-4.3483004, 43.2084119], [-4.3476973, 43.2089773], [-4.3467727, 43.2094744], [-4.3452362, 43.2101408], [-4.3382506, 43.2138336], [-4.3375426, 43.2124191], [-4.3368263, 43.2117521], [-4.3365836, 43.2113497], [-4.3362814, 43.2104798], [-4.335521, 43.2100475], [-4.3345051, 43.2091858], [-4.334313, 43.2088459], [-4.3341683, 43.2078571], [-4.3340366, 43.2074624], [-4.3338294, 43.205862], [-4.3316237, 43.2023668], [-4.331352, 43.2011904], [-4.3323442, 43.1998371], [-4.3327277, 43.1987971], [-4.3328612, 43.1981472], [-4.3322181, 43.1957414], [-4.3311842, 43.1934753], [-4.3310637, 43.1930264], [-4.3304495, 43.1891165], [-4.3308633, 43.1883373], [-4.3311312, 43.1870735], [-4.3317659, 43.1851391], [-4.3328534, 43.184217], [-4.3329154, 43.183676], [-4.3321637, 43.1819288], [-4.3319899, 43.1807242], [-4.329797, 43.1772018], [-4.3308423, 43.1760461], [-4.3313388, 43.1756801], [-4.3327785, 43.1751231], [-4.3354061, 43.1731834], [-4.3359838, 43.1714658], [-4.3368154, 43.1701054], [-4.3372463, 43.1695601], [-4.3378356, 43.1683736], [-4.3379965, 43.1678584], [-4.3379662, 43.1675976], [-4.3374314, 43.1667664], [-4.3363438, 43.1642758], [-4.3362248, 43.1605132], [-4.3340481, 43.159404], [-4.333868, 43.1579113], [-4.3351756, 43.1558249], [-4.3350267, 43.1535034], [-4.3375179, 43.1521236], [-4.3379598, 43.1509569], [-4.3375318, 43.1465585], [-4.3379197, 43.1429161], [-4.3370233, 43.1401531], [-4.3364552, 43.1394753], [-4.3347875, 43.1334706], [-4.3344554, 43.1328981], [-4.3311002, 43.1301277], [-4.3284258, 43.1292583], [-4.3267622, 43.1290794], [-4.3260282, 43.1269718], [-4.3261463, 43.126178], [-4.3277918, 43.1232504], [-4.3276812, 43.1192715], [-4.3288329, 43.1168269], [-4.3278025, 43.115218], [-4.3299052, 43.1101508], [-4.3284759, 43.1071418], [-4.3274042, 43.1036153], [-4.3340398, 43.0998805], [-4.3398529, 43.0979684], [-4.3455336, 43.0918776], [-4.3579543, 43.1058054], [-4.3583242, 43.1097542], [-4.36747, 43.1136975], [-4.3720645, 43.1119406], [-4.3740767, 43.1139786], [-4.3769725, 43.1165012], [-4.3776194, 43.1173939], [-4.3783122, 43.1181419], [-4.3786697, 43.118732], [-4.379323, 43.1210023], [-4.3828841, 43.124111], [-4.383669, 43.1251191], [-4.3882527, 43.1326547], [-4.3897706, 43.1323571], [-4.391146, 43.1322864], [-4.3932614, 43.1317744], [-4.3937894, 43.1333708], [-4.3983587, 43.1369531], [-4.3998345, 43.1385829], [-4.4040719, 43.1399898], [-4.4041739, 43.1412222], [-4.4121311, 43.1434115]]]}, "properties": {"nombre": "Tudanca", "ine": "39089"}}, {"type": "Feature", "geometry": {"type": "Polygon", "coordinates": [[[-4.7309447, 43.2573358], [-4.7295861, 43.2563478], [-4.7288027, 43.2560895], [-4.7270658, 43.2560978], [-4.7257045, 43.2563164], [-4.7249707, 43.2565076], [-4.7235094, 43.2571149], [-4.7233313, 43.2582251], [-4.7214886, 43.258415], [-4.7199492, 43.2593116], [-4.7191434, 43.2595758], [-4.7153592, 43.260389], [-4.7141179, 43.2604977], [-4.7116176, 43.2609674], [-4.7098669, 43.2622452], [-4.7062701, 43.2662519], [-4.7062445, 43.2666575], [-4.7060409, 43.2668676], [-4.70514, 43.2659356], [-4.7048879, 43.265291], [-4.7001103, 43.2649659], [-4.6990596, 43.2652877], [-4.698025, 43.2657443], [-4.6975715, 43.2658321], [-4.696783, 43.2658348], [-4.6962019, 43.2657624], [-4.6958279, 43.2656058], [-4.6933915, 43.2639491], [-4.6919108, 43.2647634], [-4.6904502, 43.2658565], [-4.6898759, 43.2664773], [-4.6887681, 43.2665207], [-4.6876263, 43.2662224], [-4.6861724, 43.2653344], [-4.6853132, 43.2654551], [-4.6841942, 43.2659848], [-4.6830072, 43.2676231], [-4.6811417, 43.2678937], [-4.6805633, 43.2679202], [-4.6782668, 43.2677558], [-4.6777207, 43.268061], [-4.6756063, 43.2677949], [-4.6736084, 43.2672838], [-4.6720759, 43.2662167], [-4.6693746, 43.2652117], [-4.6685587, 43.2651155], [-4.6659207, 43.2650729], [-4.6636592, 43.2648267], [-4.6627064, 43.2646785], [-4.6622588, 43.2645319], [-4.6599413, 43.2644936], [-4.6591666, 43.2645498], [-4.6562007, 43.2655923], [-4.6537439, 43.265871], [-4.6528485, 43.2664782], [-4.6521282, 43.267182], [-4.6510897, 43.2684216], [-4.6502503, 43.2688209], [-4.6465791, 43.2688558], [-4.6457153, 43.2687867], [-4.6449901, 43.2684195], [-4.6441651, 43.2684404], [-4.6430403, 43.2683124], [-4.6318833, 43.2676528], [-4.6320652, 43.2670829], [-4.634764, 43.2657117], [-4.6356939, 43.2654643], [-4.6363517, 43.2651847], [-4.6370304, 43.2647608], [-4.637597, 43.2642935], [-4.6377827, 43.2638676], [-4.6379216, 43.2630732], [-4.6377714, 43.2620668], [-4.6373512, 43.2615596], [-4.6389905, 43.2602034], [-4.6419117, 43.2584147], [-4.6432054, 43.2570454], [-4.6440948, 43.2566724], [-4.6447801, 43.2565005], [-4.645751, 43.2564145], [-4.6482684, 43.2565673], [-4.6489687, 43.2564942], [-4.6498242, 43.2562387], [-4.6508178, 43.2560803], [-4.6525173, 43.2560558], [-4.6540425, 43.2555114], [-4.6551944, 43.2548284], [-4.6555539, 43.2540038], [-4.6556137, 43.2534807], [-4.656316, 43.2530293], [-4.6583443, 43.2510549], [-4.6587248, 43.2500949], [-4.6592189, 43.2496915], [-4.6597664, 43.2494405], [-4.6614468, 43.249173], [-4.6626598, 43.24848], [-4.663477, 43.2477297], [-4.664156, 43.2473326], [-4.6657012, 43.2466258], [-4.6670135, 43.2464176], [-4.668149, 43.2460498], [-4.669318, 43.2460058], [-4.6715092, 43.2468562], [-4.6723435, 43.246736], [-4.6735901, 43.2468258], [-4.6745633, 43.2472798], [-4.6753024, 43.2477282], [-4.6760355, 43.2479606], [-4.6776799, 43.2481796], [-4.6802693, 43.2491681], [-4.6808373, 43.2487725], [-4.6826595, 43.2487367], [-4.6845704, 43.2483484], [-4.686698, 43.2486682], [-4.6878579, 43.2487411], [-4.6886518, 43.2484953], [-4.6893698, 43.2486198], [-4.6909596, 43.2490915], [-4.6915426, 43.2487948], [-4.6921592, 43.2479302], [-4.6940957, 43.2440206], [-4.6951426, 43.2422402], [-4.6963008, 43.2400349], [-4.6975936, 43.2373593], [-4.6985045, 43.2364544], [-4.7007596, 43.2338455], [-4.7020919, 43.2334835], [-4.7049087, 43.2329193], [-4.7053137, 43.2319858], [-4.7053728, 43.2314537], [-4.7053452, 43.2300223], [-4.7051387, 43.2288008], [-4.7058481, 43.2290694], [-4.7073717, 43.2289476], [-4.7085006, 43.2288046], [-4.7108715, 43.2281569], [-4.7124446, 43.2284845], [-4.7137522, 43.2290052], [-4.714592, 43.2295329], [-4.7171423, 43.2308903], [-4.7175209, 43.2312178], [-4.7182899, 43.232728], [-4.7170904, 43.2343039], [-4.7159907, 43.2359322], [-4.7154957, 43.2371642], [-4.7154403, 43.2378224], [-4.715521, 43.2385055], [-4.7158995, 43.2392652], [-4.7171595, 43.2389582], [-4.7190283, 43.2388401], [-4.7198813, 43.2389533], [-4.72074, 43.2392358], [-4.7215854, 43.2396237], [-4.7226021, 43.2405756], [-4.7227568, 43.2408926], [-4.7227951, 43.2416191], [-4.7234974, 43.2425955], [-4.725572, 43.2463491], [-4.7277351, 43.2478821], [-4.7288239, 43.2490277], [-4.7292519, 43.2506809], [-4.7295266, 43.2509157], [-4.7298952, 43.2516752], [-4.7298754, 43.2523676], [-4.7300932, 43.2541029], [-4.7301198, 43.2550536], [-4.7307586, 43.2559879], [-4.7309447, 43.2573358]]]}, "properties": {"nombre": "Tresviso", "ine": "39088"}}, {"type": "Feature", "geometry": {"type": "Polygon", "coordinates": [[[-4.0977999, 43.4265577], [-4.0961841, 43.4267297], [-4.0958306, 43.4264665], [-4.0955973, 43.4264864], [-4.0953084, 43.426606], [-4.094953, 43.4269935], [-4.0944202, 43.4270656], [-4.0939974, 43.4274181], [-4.093726, 43.4279382], [-4.0937642, 43.4283603], [-4.094011, 43.4286495], [-4.0950229, 43.4294097], [-4.0946735, 43.4298379], [-4.0947302, 43.4303337], [-4.0943591, 43.431288], [-4.0942292, 43.431269], [-4.0940343, 43.4317552], [-4.0936129, 43.4316764], [-4.0934124, 43.4317703], [-4.0935423, 43.4320929], [-4.0934843, 43.4322507], [-4.092983, 43.4320836], [-4.0929545, 43.4321602], [-4.0931478, 43.4325059], [-4.093048, 43.4328239], [-4.0928229, 43.4329933], [-4.0925816, 43.4330002], [-4.0924122, 43.4331371], [-4.0922822, 43.4331371], [-4.092266, 43.4329724], [-4.0919991, 43.433035], [-4.0919557, 43.4328597], [-4.0920386, 43.4327241], [-4.0916905, 43.4327542], [-4.0915316, 43.4328585], [-4.0914703, 43.4327122], [-4.0912145, 43.4327248], [-4.0908551, 43.4329541], [-4.090623, 43.4327728], [-4.0904861, 43.4328587], [-4.0905627, 43.433035], [-4.0904048, 43.4331557], [-4.0893327, 43.4334899], [-4.0884254, 43.4340352], [-4.087779, 43.4342344], [-4.0877004, 43.4343668], [-4.0867792, 43.4350649], [-4.0866888, 43.4352488], [-4.086101, 43.4355843], [-4.08597, 43.4357377], [-4.0850575, 43.4360207], [-4.0848743, 43.4362438], [-4.0842715, 43.4365438], [-4.0841233, 43.436368], [-4.0838343, 43.4368691], [-4.0836264, 43.4367782], [-4.0832978, 43.4370878], [-4.0831028, 43.4371402], [-4.0822631, 43.4377587], [-4.0819759, 43.4380721], [-4.0818404, 43.4379626], [-4.0816808, 43.4381648], [-4.08151, 43.4380387], [-4.081419, 43.438061], [-4.081341, 43.4382634], [-4.0812111, 43.438126], [-4.0809066, 43.4382429], [-4.0806406, 43.4381632], [-4.0810184, 43.4373894], [-4.0808491, 43.437311], [-4.0809567, 43.436833], [-4.0813492, 43.4363019], [-4.0821496, 43.4344827], [-4.0819651, 43.4337863], [-4.08172, 43.4333307], [-4.0811005, 43.4329739], [-4.0806679, 43.432977], [-4.079776, 43.4327663], [-4.0796398, 43.4329445], [-4.0795396, 43.4325548], [-4.0786769, 43.4321191], [-4.0787344, 43.4318427], [-4.0784449, 43.4317768], [-4.0781138, 43.4311879], [-4.077751, 43.4309873], [-4.0774652, 43.4309782], [-4.0774146, 43.4307706], [-4.0772623, 43.4307761], [-4.0771853, 43.4309649], [-4.0768056, 43.4308448], [-4.0761427, 43.4308169], [-4.0755397, 43.430606], [-4.0748378, 43.4305552], [-4.0747187, 43.4305965], [-4.0741472, 43.4314538], [-4.0735626, 43.4313651], [-4.0731038, 43.431593], [-4.0725816, 43.4313362], [-4.0721742, 43.431611], [-4.0720024, 43.431832], [-4.0706684, 43.4318499], [-4.0703671, 43.4320831], [-4.0701181, 43.4319177], [-4.0699702, 43.4316694], [-4.0693565, 43.4318282], [-4.068902, 43.431865], [-4.0686638, 43.4317954], [-4.068566, 43.4318705], [-4.0673051, 43.4320288], [-4.0656534, 43.4317757], [-4.0654497, 43.43193], [-4.0633554, 43.4326809], [-4.0629093, 43.4326283], [-4.0618727, 43.4329723], [-4.0612864, 43.4330645], [-4.0605176, 43.4330694], [-4.0601366, 43.4331872], [-4.0584401, 43.433062], [-4.0555942, 43.4345232], [-4.0541957, 43.4354884], [-4.052974, 43.4360477], [-4.0524013, 43.436527], [-4.0520216, 43.4364848], [-4.0508223, 43.43678], [-4.0505766, 43.436713], [-4.0489245, 43.4367468], [-4.0482097, 43.4369806], [-4.0481241, 43.4371735], [-4.0468186, 43.4385998], [-4.0465468, 43.4390139], [-4.046394, 43.4400767], [-4.0465637, 43.440538], [-4.0467276, 43.440635], [-4.0471316, 43.4406904], [-4.0475631, 43.4406012], [-4.0479101, 43.4408657], [-4.0482151, 43.4409126], [-4.0484794, 43.4410784], [-4.0478899, 43.4412636], [-4.0486286, 43.4416988], [-4.0488548, 43.4422359], [-4.0486023, 43.4425643], [-4.0483656, 43.4425902], [-4.0482787, 43.442988], [-4.0480999, 43.4431488], [-4.0483562, 43.443285], [-4.0483497, 43.4434843], [-4.0478294, 43.4431924], [-4.0469768, 43.4430568], [-4.0472109, 43.4434979], [-4.0470868, 43.4436039], [-4.0471233, 43.4436941], [-4.0477151, 43.4438452], [-4.0473423, 43.4440863], [-4.0468422, 43.4441711], [-4.0463275, 43.444081], [-4.0461303, 43.4441208], [-4.0460865, 43.444256], [-4.0461632, 43.4443487], [-4.0473866, 43.4445768], [-4.0472026, 43.4448072], [-4.0467947, 43.4450113], [-4.0466998, 43.4450246], [-4.0466852, 43.4448761], [-4.0464917, 43.4450087], [-4.046196, 43.4450511], [-4.0459551, 43.4449133], [-4.0460208, 43.4447569], [-4.0456356, 43.4448536], [-4.0453981, 43.4447], [-4.0452989, 43.4445365], [-4.045758, 43.4444627], [-4.045747, 43.4443461], [-4.0455316, 43.4442772], [-4.0454659, 43.4442029], [-4.0455609, 43.4441446], [-4.0454696, 43.4440148], [-4.045225, 43.4439167], [-4.0451483, 43.4435748], [-4.0448485, 43.4436226], [-4.0443167, 43.4432885], [-4.0447668, 43.4426805], [-4.0444261, 43.442504], [-4.0440128, 43.4427049], [-4.0439984, 43.4423847], [-4.0437871, 43.4422226], [-4.0436952, 43.4425316], [-4.0433194, 43.4423891], [-4.0427002, 43.4423879], [-4.0422396, 43.4422164], [-4.0419541, 43.4419292], [-4.0421707, 43.4416528], [-4.0419745, 43.4412007], [-4.0417102, 43.4409741], [-4.0417391, 43.4408426], [-4.0418837, 43.4407997], [-4.0425272, 43.4401566], [-4.0436188, 43.4397987], [-4.0437661, 43.4396608], [-4.0437931, 43.4390336], [-4.0440724, 43.4383586], [-4.0441182, 43.4379395], [-4.0440249, 43.4378512], [-4.0440535, 43.437752], [-4.0445566, 43.4374955], [-4.0445714, 43.4374203], [-4.0440975, 43.4368119], [-4.0433471, 43.436244], [-4.0423402, 43.435811], [-4.0389961, 43.4349126], [-4.0383679, 43.4348122], [-4.0365692, 43.4348277], [-4.0362077, 43.4349249], [-4.0363943, 43.4354741], [-4.0360777, 43.4347768], [-4.0351779, 43.4349085], [-4.0339298, 43.4303402], [-4.0333679, 43.4292647], [-4.0324263, 43.4283818], [-4.0318636, 43.4279907], [-4.0306178, 43.4273806], [-4.0276745, 43.4264796], [-4.0261509, 43.4255118], [-4.0254443, 43.4246357], [-4.0251664, 43.4235396], [-4.025275, 43.4226562], [-4.025557, 43.4217982], [-4.026849, 43.4207601], [-4.0313636, 43.4181802], [-4.0321063, 43.4175432], [-4.0324978, 43.4173236], [-4.0335437, 43.4163597], [-4.0340319, 43.4152837], [-4.0339074, 43.4145015], [-4.0334734, 43.413677], [-4.0329426, 43.4129704], [-4.0326917, 43.4127385], [-4.0313707, 43.4120481], [-4.0304262, 43.4117054], [-4.0297071, 43.4122792], [-4.0208972, 43.4084051], [-4.0148913, 43.4059823], [-4.0171032, 43.4023608], [-4.0183447, 43.4012782], [-4.0215843, 43.4000518], [-4.0230881, 43.3998852], [-4.0247438, 43.3992041], [-4.0268465, 43.3979426], [-4.0277413, 43.3975474], [-4.0282053, 43.3972371], [-4.0284414, 43.3965956], [-4.0277868, 43.3951248], [-4.0277639, 43.3945036], [-4.0289944, 43.3927907], [-4.0298, 43.3915048], [-4.0315181, 43.3901567], [-4.0328073, 43.3897308], [-4.0335254, 43.3891211], [-4.0340561, 43.3883779], [-4.034447, 43.3881312], [-4.034779, 43.3880562], [-4.0409576, 43.3883604], [-4.0419069, 43.3882797], [-4.0421632, 43.3881063], [-4.0428037, 43.387299], [-4.0431674, 43.3861882], [-4.0433145, 43.3839627], [-4.043422, 43.3837546], [-4.0447684, 43.3837964], [-4.045185, 43.3836125], [-4.0459765, 43.3829749], [-4.0463698, 43.3828723], [-4.0511525, 43.3860161], [-4.0517131, 43.3863081], [-4.0622454, 43.3941348], [-4.0630851, 43.3948474], [-4.0660397, 43.3957474], [-4.0739026, 43.3962772], [-4.074087, 43.3962304], [-4.0746699, 43.396378], [-4.0768336, 43.3965288], [-4.0776226, 43.3964583], [-4.0780187, 43.3965086], [-4.0799053, 43.3977515], [-4.0800952, 43.3980108], [-4.0817148, 43.3988149], [-4.083034, 43.4014678], [-4.0887808, 43.4058525], [-4.0904741, 43.4066107], [-4.0955343, 43.4071027], [-4.0933829, 43.4090322], [-4.0895046, 43.4138506], [-4.0897665, 43.4153698], [-4.0904257, 43.416309], [-4.0906314, 43.4167573], [-4.091555, 43.4193508], [-4.0923679, 43.421279], [-4.0955582, 43.424193], [-4.0957108, 43.4244346], [-4.096561, 43.4249938], [-4.0966762, 43.4252178], [-4.0967334, 43.4256494], [-4.0977999, 43.4265577]]]}, "properties": {"nombre": "Suances", "ine": "39085"}}, {"type": "Feature", "geometry": {"type": "Polygon", "coordinates": [[[-3.6234975, 43.3766685], [-3.6205578, 43.3789355], [-3.6169345, 43.3844208], [-3.6110581, 43.3819939], [-3.6068592, 43.3818631], [-3.5977125, 43.385792], [-3.5950064, 43.3893628], [-3.588798, 43.3908715], [-3.5720193, 43.3857605], [-3.5702155, 43.3856344], [-3.5623408, 43.3845295], [-3.5469533, 43.38129], [-3.550936, 43.3739233], [-3.5565564, 43.3675841], [-3.5576572, 43.3624371], [-3.5595861, 43.3601406], [-3.5633072, 43.3581595], [-3.5706199, 43.3549448], [-3.5720143, 43.3523086], [-3.573639, 43.3505626], [-3.5745338, 43.3499278], [-3.5744266, 43.3437782], [-3.5806599, 43.3414507], [-3.5883475, 43.3390344], [-3.5941657, 43.3385272], [-3.6082821, 43.3351036], [-3.6106584, 43.3334162], [-3.6114044, 43.3327638], [-3.6159609, 43.3307765], [-3.6168295, 43.3312761], [-3.6195279, 43.3334137], [-3.6263463, 43.3391037], [-3.6255509, 43.340945], [-3.6256535, 43.3425292], [-3.6230149, 43.3499544], [-3.6195804, 43.3568345], [-3.6165273, 43.3624518], [-3.6165759, 43.3636041], [-3.6156093, 43.366878], [-3.614364, 43.3694599], [-3.6167709, 43.3719053], [-3.6234975, 43.3766685]]]}, "properties": {"nombre": "Solórzano", "ine": "39084"}}, {"type": "Feature", "geometry": {"type": "Polygon", "coordinates": [[[-4.0800814, 43.3429662], [-4.0818542, 43.3469204], [-4.0815767, 43.3479676], [-4.0813152, 43.3485283], [-4.0805126, 43.3519757], [-4.0792063, 43.3534647], [-4.0790979, 43.3550055], [-4.0776289, 43.3577658], [-4.077211, 43.3583359], [-4.0765321, 43.3600108], [-4.0780799, 43.3623882], [-4.070072, 43.364536], [-4.0686433, 43.3661072], [-4.06746, 43.3676039], [-4.0670442, 43.3685263], [-4.0647262, 43.3679626], [-4.0637622, 43.3678905], [-4.0618532, 43.3681243], [-4.060652, 43.3686037], [-4.0583419, 43.3692014], [-4.0573523, 43.3676527], [-4.0561384, 43.3666914], [-4.0555622, 43.3654901], [-4.0532194, 43.3639642], [-4.0518427, 43.3630841], [-4.04787, 43.3624452], [-4.0483921, 43.3633769], [-4.0487302, 43.3650937], [-4.0491116, 43.3657385], [-4.050173, 43.3664581], [-4.0503136, 43.366736], [-4.0502453, 43.3670698], [-4.0498038, 43.3679473], [-4.0497278, 43.3685513], [-4.0498922, 43.3694953], [-4.0502003, 43.3701858], [-4.0503484, 43.3716162], [-4.0502165, 43.3725538], [-4.049801, 43.3735121], [-4.0489994, 43.3742759], [-4.0482897, 43.3746335], [-4.0474318, 43.3757129], [-4.0443291, 43.3819364], [-4.0382785, 43.3782366], [-4.0370526, 43.3772932], [-4.0370242, 43.3770773], [-4.0367821, 43.3766293], [-4.0306332, 43.3685267], [-4.0302097, 43.367567], [-4.0300134, 43.366182], [-4.0300435, 43.3643088], [-4.0303347, 43.3618299], [-4.030249, 43.3611373], [-4.0301422, 43.3606611], [-4.0298104, 43.3600157], [-4.0291944, 43.3593459], [-4.0282701, 43.3586879], [-4.0272239, 43.358121], [-4.025336, 43.3573995], [-4.0246847, 43.356829], [-4.0242242, 43.356599], [-4.0209001, 43.3570609], [-4.0172591, 43.3577687], [-4.012853, 43.3577357], [-4.0078914, 43.3554563], [-4.0110942, 43.3432178], [-4.0135714, 43.3326694], [-4.0056986, 43.3310099], [-4.0023453, 43.320612], [-4.0042187, 43.317543], [-4.0037381, 43.3160614], [-4.0057499, 43.3116765], [-4.0135009, 43.3039272], [-4.0200408, 43.3049768], [-4.0209011, 43.304807], [-4.0641843, 43.3015947], [-4.0741576, 43.3001419], [-4.0741607, 43.3010153], [-4.0739282, 43.3018189], [-4.0737478, 43.3030107], [-4.0731235, 43.3044378], [-4.0725326, 43.3051907], [-4.0719309, 43.3067361], [-4.0711942, 43.3076165], [-4.0707136, 43.3083323], [-4.070575, 43.3088649], [-4.0696601, 43.3101341], [-4.0687976, 43.3115829], [-4.0687301, 43.3119527], [-4.069008, 43.3123283], [-4.0690492, 43.3125711], [-4.0689359, 43.3131394], [-4.0679339, 43.3150757], [-4.0670812, 43.3163804], [-4.0663865, 43.3168551], [-4.0659257, 43.3173006], [-4.0653723, 43.3180981], [-4.065246, 43.3186306], [-4.0653901, 43.3191155], [-4.0669898, 43.3217299], [-4.0673135, 43.3226094], [-4.0673207, 43.3230235], [-4.0656509, 43.324867], [-4.0655032, 43.3255888], [-4.0640258, 43.3264489], [-4.0636732, 43.3267403], [-4.06346, 43.3272466], [-4.0635493, 43.3274168], [-4.0637112, 43.3275054], [-4.0642171, 43.3275187], [-4.0641042, 43.328114], [-4.0601311, 43.3294566], [-4.0586893, 43.3323784], [-4.0624157, 43.3352704], [-4.0629368, 43.3382731], [-4.0643095, 43.3405835], [-4.0655238, 43.3408874], [-4.0678946, 43.3459349], [-4.0742346, 43.3430301], [-4.0800814, 43.3429662]]]}, "properties": {"nombre": "Torrelavega", "ine": "39087"}}, {"type": "Feature", "geometry": {"type": "Polygon", "coordinates": [[[-4.3122061, 43.145771], [-4.3116361, 43.1490192], [-4.3099002, 43.1518126], [-4.3098118, 43.1528581], [-4.3086085, 43.1541056], [-4.3069216, 43.1551694], [-4.305992, 43.1559904], [-4.3046391, 43.1577258], [-4.3041997, 43.1590455], [-4.3035305, 43.1593862], [-4.3018109, 43.163557], [-4.3014791, 43.1647314], [-4.3010549, 43.1667713], [-4.2942835, 43.1688471], [-4.2888369, 43.1690076], [-4.2862096, 43.1721978], [-4.2806067, 43.1807881], [-4.2803646, 43.1803946], [-4.2788612, 43.1791057], [-4.2778649, 43.1785315], [-4.2769966, 43.178199], [-4.2757983, 43.1779692], [-4.2729776, 43.1778205], [-4.2719211, 43.1779043], [-4.27007, 43.178231], [-4.2684581, 43.1782308], [-4.2668384, 43.1778525], [-4.265957, 43.1774751], [-4.263804, 43.1768865], [-4.2611182, 43.176718], [-4.2585349, 43.1761431], [-4.2555847, 43.1762746], [-4.2541963, 43.1757675], [-4.2531463, 43.1755629], [-4.2513979, 43.175501], [-4.2499254, 43.1756971], [-4.249014, 43.175653], [-4.2485196, 43.1755414], [-4.2482953, 43.1753997], [-4.2481286, 43.1750684], [-4.2476639, 43.1746052], [-4.2464361, 43.1741233], [-4.2435961, 43.1736229], [-4.2432602, 43.1734374], [-4.2419721, 43.1724069], [-4.2412376, 43.1719826], [-4.2401958, 43.1715707], [-4.2389229, 43.1712873], [-4.2362656, 43.1731259], [-4.2348388, 43.1737536], [-4.2339879, 43.1742671], [-4.2319801, 43.1747659], [-4.2299719, 43.1758591], [-4.2281584, 43.1762297], [-4.2274534, 43.1785065], [-4.2267026, 43.1797212], [-4.2257885, 43.1807755], [-4.2254955, 43.181508], [-4.2253396, 43.1817078], [-4.2250702, 43.1817737], [-4.224799, 43.1817496], [-4.224204, 43.1815308], [-4.2221166, 43.1811389], [-4.2218668, 43.1809525], [-4.2189597, 43.180173], [-4.214415, 43.1799601], [-4.2125734, 43.1801687], [-4.2119141, 43.1804278], [-4.2113001, 43.1804884], [-4.2103082, 43.180733], [-4.2097662, 43.1807027], [-4.2087219, 43.1802598], [-4.2082877, 43.1799799], [-4.2066518, 43.1793848], [-4.2061082, 43.1792735], [-4.2053458, 43.1792995], [-4.2035569, 43.1796875], [-4.2034004, 43.1798602], [-4.2030936, 43.1805298], [-4.2028586, 43.1817209], [-4.2026474, 43.1822454], [-4.2010706, 43.1840449], [-4.2004969, 43.1849064], [-4.1993076, 43.1863866], [-4.1983105, 43.1870003], [-4.1967871, 43.1882401], [-4.1949469, 43.189953], [-4.1944245, 43.1903006], [-4.193784, 43.1909016], [-4.1934182, 43.1910765], [-4.1917523, 43.1911176], [-4.1868541, 43.1915066], [-4.1871404, 43.1903763], [-4.1870065, 43.1898194], [-4.1861954, 43.1886032], [-4.1831483, 43.1856721], [-4.1826572, 43.1850919], [-4.1824108, 43.1844371], [-4.1823366, 43.1837805], [-4.1823835, 43.1830236], [-4.1825777, 43.1822472], [-4.1827435, 43.1806336], [-4.1824914, 43.1796817], [-4.1821484, 43.179127], [-4.1817627, 43.1789058], [-4.1807354, 43.1785923], [-4.1804357, 43.1783612], [-4.1802957, 43.1781195], [-4.180274, 43.1776335], [-4.1800469, 43.1773387], [-4.1800013, 43.1768889], [-4.1797251, 43.1766036], [-4.1778676, 43.175344], [-4.1773784, 43.1748538], [-4.1771246, 43.1744512], [-4.1770202, 43.1734978], [-4.1764756, 43.1720446], [-4.1755925, 43.1702617], [-4.1752531, 43.169887], [-4.1747165, 43.1694873], [-4.1734633, 43.1689328], [-4.1721544, 43.1680367], [-4.1712886, 43.1677934], [-4.1697061, 43.166738], [-4.1639328, 43.1639513], [-4.1629001, 43.1633314], [-4.1620245, 43.1625659], [-4.1615539, 43.1617512], [-4.161521, 43.1613103], [-4.1616734, 43.1609126], [-4.1625259, 43.1598144], [-4.1633342, 43.1589777], [-4.1634852, 43.1585079], [-4.1635142, 43.1580934], [-4.1626788, 43.1535995], [-4.1620457, 43.1526424], [-4.1619793, 43.1517336], [-4.1644306, 43.1473954], [-4.1675754, 43.1426809], [-4.166413, 43.1423416], [-4.1618357, 43.1402449], [-4.1611627, 43.1378204], [-4.1582483, 43.1345452], [-4.1575859, 43.1339755], [-4.15531, 43.1326028], [-4.1532158, 43.1317324], [-4.1459681, 43.1300941], [-4.1450777, 43.1298149], [-4.1440856, 43.1293565], [-4.1404872, 43.1282398], [-4.1387895, 43.1275183], [-4.1371219, 43.1264272], [-4.1367628, 43.1262867], [-4.1357531, 43.1261977], [-4.134303, 43.1255637], [-4.1273177, 43.1220757], [-4.125292, 43.1222216], [-4.1259767, 43.1220168], [-4.1265235, 43.1216692], [-4.1272987, 43.1210403], [-4.128192, 43.120149], [-4.1288873, 43.1191877], [-4.1295788, 43.1180192], [-4.1301788, 43.1165545], [-4.134364, 43.1142169], [-4.1431014, 43.11015], [-4.1437338, 43.1097925], [-4.156809, 43.1038082], [-4.1576947, 43.1032049], [-4.1633041, 43.1008969], [-4.1686343, 43.0994379], [-4.1713397, 43.098897], [-4.1833234, 43.0958384], [-4.1847078, 43.095626], [-4.1875907, 43.09538], [-4.2028698, 43.0944102], [-4.2113735, 43.1000657], [-4.2126077, 43.1003408], [-4.2281126, 43.098942], [-4.2287911, 43.1003035], [-4.229623, 43.1013481], [-4.2322522, 43.1031569], [-4.2320959, 43.103942], [-4.232803, 43.1067258], [-4.2325097, 43.1080347], [-4.2374805, 43.1107546], [-4.2376918, 43.1114817], [-4.2399653, 43.1126818], [-4.2402814, 43.1131196], [-4.2403554, 43.1143525], [-4.240885, 43.1150131], [-4.2421479, 43.1154677], [-4.2451456, 43.1160024], [-4.2493881, 43.1203236], [-4.2509705, 43.1231788], [-4.2555438, 43.1273971], [-4.2560506, 43.1293365], [-4.2588442, 43.1312689], [-4.2609696, 43.1323892], [-4.2619735, 43.13218], [-4.2627756, 43.1323242], [-4.2644219, 43.1316667], [-4.2796915, 43.1310469], [-4.2858501, 43.1268897], [-4.2912797, 43.1260993], [-4.2934859, 43.1240303], [-4.2951499, 43.123075], [-4.296259, 43.1226212], [-4.2972403, 43.1236816], [-4.297927, 43.1247634], [-4.2976831, 43.1266032], [-4.2982419, 43.1280286], [-4.2979026, 43.1288429], [-4.2974012, 43.129551], [-4.2994549, 43.1324812], [-4.3006742, 43.1360603], [-4.3015622, 43.1367706], [-4.3018059, 43.1384067], [-4.3034296, 43.1401712], [-4.305689, 43.1417573], [-4.3060964, 43.1429863], [-4.308502, 43.1456513], [-4.3099516, 43.146157], [-4.3122061, 43.145771]]]}, "properties": {"nombre": "Los Tojos", "ine": "39086"}}, {"type": "Feature", "geometry": {"type": "Polygon", "coordinates": [[[-3.8427731, 43.2513174], [-3.8438417, 43.2519938], [-3.8441313, 43.2522165], [-3.8443271, 43.2524939], [-3.8444398, 43.2527264], [-3.8443781, 43.2535372], [-3.8444556, 43.2539373], [-3.8448185, 43.2547812], [-3.8455092, 43.2557675], [-3.8456301, 43.2562365], [-3.8456398, 43.2567505], [-3.8458431, 43.2574723], [-3.8461692, 43.2580016], [-3.846864, 43.2587297], [-3.8473221, 43.2593733], [-3.8472666, 43.2601878], [-3.8467164, 43.2607576], [-3.8464885, 43.2619872], [-3.8466004, 43.2623464], [-3.8471985, 43.2632344], [-3.8481742, 43.2638813], [-3.8483221, 43.2640885], [-3.8490099, 43.2656998], [-3.8490477, 43.2661006], [-3.8489905, 43.2664725], [-3.8488468, 43.2667082], [-3.8483856, 43.2668657], [-3.8482295, 43.2670371], [-3.848175, 43.2673286], [-3.8482459, 43.2677025], [-3.8486295, 43.2688645], [-3.8485501, 43.2693291], [-3.8483115, 43.2699099], [-3.8482385, 43.2709508], [-3.8478817, 43.2717429], [-3.8473411, 43.2721115], [-3.8469803, 43.2722576], [-3.84652, 43.2723159], [-3.8451812, 43.2722145], [-3.8448276, 43.2722753], [-3.8442969, 43.2725634], [-3.8429102, 43.2736217], [-3.8415526, 43.275256], [-3.8408221, 43.275784], [-3.8389322, 43.2777424], [-3.8386829, 43.2782505], [-3.8386747, 43.2786711], [-3.8388091, 43.2789993], [-3.8390402, 43.2792728], [-3.839319, 43.279496], [-3.839877, 43.2797568], [-3.8400377, 43.2800519], [-3.8401129, 43.2806649], [-3.840009, 43.2810235], [-3.8398458, 43.2811862], [-3.8393003, 43.2813404], [-3.8386464, 43.2819432], [-3.8385201, 43.2821848], [-3.8384557, 43.282675], [-3.834055, 43.2832581], [-3.8326412, 43.2799096], [-3.8262392, 43.2767772], [-3.8258855, 43.2761404], [-3.8251983, 43.275443], [-3.8249343, 43.2750577], [-3.8246709, 43.2737989], [-3.8211359, 43.2721044], [-3.8202859, 43.2721285], [-3.8159521, 43.2705835], [-3.8099577, 43.2729763], [-3.8080906, 43.2734397], [-3.8061992, 43.2729938], [-3.8053676, 43.2725404], [-3.8025747, 43.2719476], [-3.8012791, 43.2718216], [-3.799694, 43.2721749], [-3.7990375, 43.2719183], [-3.7935894, 43.2718301], [-3.7918492, 43.271626], [-3.7871643, 43.2714691], [-3.7839569, 43.2721754], [-3.7807552, 43.2752679], [-3.780358, 43.276009], [-3.7782972, 43.2777429], [-3.7770646, 43.2796693], [-3.7764768, 43.280943], [-3.7747642, 43.2809906], [-3.7736455, 43.2812233], [-3.7713377, 43.2809867], [-3.7684077, 43.2812585], [-3.7684138, 43.2807632], [-3.7681846, 43.2801794], [-3.7653621, 43.2781992], [-3.7644072, 43.2767378], [-3.7629152, 43.2756941], [-3.7620121, 43.2744215], [-3.762764, 43.2714629], [-3.766643, 43.2682853], [-3.7667497, 43.2669609], [-3.7658456, 43.2656162], [-3.7640512, 43.2600542], [-3.764195, 43.257757], [-3.761803, 43.2536397], [-3.7603674, 43.253118], [-3.7588277, 43.2511471], [-3.7591095, 43.2500286], [-3.7621045, 43.2461817], [-3.7629119, 43.243754], [-3.7647108, 43.2447776], [-3.765039, 43.2444332], [-3.766113, 43.2446152], [-3.7671776, 43.2450403], [-3.7688669, 43.2451731], [-3.7707745, 43.2450432], [-3.7733852, 43.2459621], [-3.7744383, 43.2464413], [-3.7753216, 43.2471287], [-3.7768821, 43.2477935], [-3.7784028, 43.2482244], [-3.7794575, 43.2488206], [-3.7799147, 43.2489345], [-3.7811848, 43.249034], [-3.7832264, 43.2497404], [-3.7842258, 43.2498597], [-3.7868323, 43.2504181], [-3.7873425, 43.2508198], [-3.7884436, 43.252145], [-3.7904421, 43.2514018], [-3.7911667, 43.2512258], [-3.7918019, 43.2508071], [-3.7924031, 43.2506229], [-3.7946442, 43.2514989], [-3.7958331, 43.2510314], [-3.796122, 43.2514526], [-3.7965831, 43.2518636], [-3.8019542, 43.2537352], [-3.8024935, 43.2544608], [-3.8056672, 43.2569059], [-3.8074757, 43.2567131], [-3.8083147, 43.2568062], [-3.8089515, 43.2574411], [-3.8094692, 43.2574645], [-3.811899, 43.2567359], [-3.8120031, 43.2562219], [-3.8141187, 43.2550363], [-3.8179263, 43.2550902], [-3.8194071, 43.2552687], [-3.8200819, 43.2541383], [-3.8204534, 43.2533612], [-3.8206898, 43.2526122], [-3.8209931, 43.2522678], [-3.8216534, 43.2518939], [-3.8234292, 43.2511157], [-3.8241294, 43.2509666], [-3.8257928, 43.2509907], [-3.8329778, 43.2530188], [-3.837163, 43.2527632], [-3.8392359, 43.2520997], [-3.8403297, 43.2519116], [-3.8427731, 43.2513174]]]}, "properties": {"nombre": "Saro", "ine": "39081"}}, {"type": "Feature", "geometry": {"type": "Polygon", "coordinates": [[[-4.4471877, 43.3353309], [-4.4467834, 43.3385686], [-4.4421129, 43.3403474], [-4.4411397, 43.3404047], [-4.4391563, 43.341051], [-4.4383219, 43.3412415], [-4.4375404, 43.3415845], [-4.4343243, 43.3422732], [-4.4321437, 43.3445066], [-4.4309466, 43.3465926], [-4.4293612, 43.347909], [-4.4277807, 43.3494415], [-4.4278913, 43.3525827], [-4.4277866, 43.3533764], [-4.4271686, 43.3549148], [-4.4264229, 43.3578506], [-4.4262335, 43.3581951], [-4.4259036, 43.3583343], [-4.4257333, 43.3589667], [-4.4264717, 43.3594077], [-4.4267377, 43.3597015], [-4.4268212, 43.3601057], [-4.4267038, 43.3603593], [-4.425359, 43.3603761], [-4.4248925, 43.3604809], [-4.4248486, 43.3607156], [-4.4245103, 43.3610259], [-4.4242254, 43.3615067], [-4.4240424, 43.361599], [-4.42278, 43.3614436], [-4.4226349, 43.3615715], [-4.4229785, 43.3620175], [-4.4228081, 43.3621186], [-4.4222418, 43.3621797], [-4.4221954, 43.3623063], [-4.4225748, 43.3626978], [-4.4225924, 43.3629227], [-4.42235, 43.3631148], [-4.4213526, 43.3632082], [-4.4211353, 43.363418], [-4.4212024, 43.3636513], [-4.4215492, 43.363701], [-4.4218363, 43.3638415], [-4.4219685, 43.3642181], [-4.4215123, 43.3652953], [-4.4224326, 43.367706], [-4.4223076, 43.3686981], [-4.4220718, 43.3691692], [-4.422117, 43.3695198], [-4.4225012, 43.3695871], [-4.4226779, 43.369756], [-4.4228775, 43.3703748], [-4.4228891, 43.3708699], [-4.4227722, 43.3711505], [-4.4224663, 43.3712624], [-4.4223828, 43.3713895], [-4.4224847, 43.3715233], [-4.4230965, 43.3718218], [-4.4234424, 43.3718355], [-4.4240788, 43.3716025], [-4.425126, 43.3715174], [-4.4254563, 43.3719185], [-4.4257529, 43.3729863], [-4.4255264, 43.3733313], [-4.4246818, 43.3741612], [-4.4244441, 43.3745514], [-4.424354, 43.3749217], [-4.4243497, 43.3757952], [-4.4237677, 43.3762436], [-4.4232653, 43.376403], [-4.4234316, 43.376653], [-4.424342, 43.3770469], [-4.4249016, 43.3777513], [-4.4251769, 43.3779099], [-4.4256325, 43.3778592], [-4.426353, 43.3775261], [-4.426774, 43.3775839], [-4.4276221, 43.3779515], [-4.4280308, 43.3780094], [-4.4286414, 43.3782539], [-4.4308945, 43.3785229], [-4.4314328, 43.3788403], [-4.4320647, 43.3789405], [-4.4324662, 43.3792146], [-4.4326368, 43.3796447], [-4.4326107, 43.3806355], [-4.4327507, 43.3813361], [-4.4327855, 43.3822901], [-4.4329377, 43.3829906], [-4.4322822, 43.3839892], [-4.4318967, 43.3854438], [-4.4321656, 43.3858546], [-4.4331013, 43.3862661], [-4.4333353, 43.3867674], [-4.4332255, 43.3873451], [-4.4333923, 43.3876131], [-4.4336685, 43.3878078], [-4.4336129, 43.3880696], [-4.4341752, 43.3883507], [-4.4352924, 43.3886068], [-4.4355908, 43.3899243], [-4.4355547, 43.3900058], [-4.4350248, 43.3901655], [-4.4349166, 43.390418], [-4.434817, 43.3904476], [-4.4344719, 43.3904386], [-4.4339942, 43.3905993], [-4.4330364, 43.3905308], [-4.4330523, 43.3906123], [-4.4328981, 43.3906609], [-4.4328534, 43.3907893], [-4.4327175, 43.3908692], [-4.4321784, 43.3909442], [-4.4317187, 43.3915009], [-4.431472, 43.3915261], [-4.4310783, 43.3918532], [-4.4311558, 43.3919334], [-4.4313017, 43.3919005], [-4.4312382, 43.3920178], [-4.4313077, 43.3921021], [-4.4311913, 43.3920889], [-4.4310201, 43.392249], [-4.4311429, 43.3924396], [-4.4310863, 43.3925893], [-4.4311214, 43.3929678], [-4.4313344, 43.3935662], [-4.4306263, 43.3939326], [-4.4305214, 43.3940912], [-4.4305243, 43.3943815], [-4.4315529, 43.3948697], [-4.431624, 43.3950437], [-4.4318165, 43.3951859], [-4.4316077, 43.3954534], [-4.4317496, 43.3957843], [-4.4318774, 43.3959967], [-4.432209, 43.3962621], [-4.4320384, 43.3964654], [-4.4315648, 43.3965605], [-4.4312202, 43.3967207], [-4.4313111, 43.3969721], [-4.4311321, 43.397018], [-4.4308733, 43.3968238], [-4.4303734, 43.3969282], [-4.4298483, 43.396784], [-4.4294647, 43.3968339], [-4.4292545, 43.3966496], [-4.4289274, 43.3967058], [-4.4285953, 43.3965134], [-4.4281113, 43.3965206], [-4.4278646, 43.3964119], [-4.4276755, 43.3965138], [-4.4273002, 43.39647], [-4.4270135, 43.3965145], [-4.4268003, 43.3966816], [-4.426792, 43.3967615], [-4.4268958, 43.3968131], [-4.4268264, 43.3968798], [-4.4270888, 43.3970032], [-4.4269651, 43.3970875], [-4.42649, 43.3969418], [-4.4263413, 43.3971415], [-4.4255243, 43.3972255], [-4.4244247, 43.3971805], [-4.4237674, 43.3970591], [-4.4230011, 43.3972887], [-4.4228188, 43.3974315], [-4.4213799, 43.3973185], [-4.4205997, 43.3976724], [-4.4202625, 43.3981117], [-4.4197309, 43.398149], [-4.4191836, 43.3982935], [-4.4185296, 43.3982723], [-4.4182446, 43.3980876], [-4.4163587, 43.398328], [-4.4151798, 43.398361], [-4.41392, 43.3981702], [-4.4126343, 43.3981444], [-4.4104798, 43.3977135], [-4.4100582, 43.397556], [-4.4098977, 43.3973384], [-4.4094941, 43.3974658], [-4.4083845, 43.3976111], [-4.4077994, 43.3978003], [-4.4066441, 43.3978981], [-4.4061284, 43.3977995], [-4.4057244, 43.3978915], [-4.4043212, 43.3977404], [-4.4039852, 43.3977886], [-4.4033915, 43.3975664], [-4.4026199, 43.3975784], [-4.4021411, 43.3974483], [-4.4010312, 43.397621], [-4.4008074, 43.3975429], [-4.4005338, 43.3972964], [-4.4003805, 43.3974179], [-4.400197, 43.3974332], [-4.3997973, 43.3972445], [-4.3984443, 43.397034], [-4.3981628, 43.3969099], [-4.3979948, 43.3969953], [-4.3974514, 43.3969062], [-4.3971714, 43.3967307], [-4.396703, 43.3966653], [-4.3962909, 43.3963037], [-4.3959682, 43.3959209], [-4.3961873, 43.3957767], [-4.3959409, 43.3956868], [-4.3959337, 43.395622], [-4.3962603, 43.3950044], [-4.3965967, 43.3945643], [-4.3973069, 43.3941301], [-4.3972463, 43.3940375], [-4.3969994, 43.3939636], [-4.3953773, 43.3942126], [-4.3941692, 43.3945345], [-4.3936918, 43.3944979], [-4.3934142, 43.3946063], [-4.393106, 43.3946006], [-4.3922199, 43.3950224], [-4.3921841, 43.3949506], [-4.3925389, 43.3946525], [-4.3920921, 43.3946811], [-4.3916933, 43.3948243], [-4.391935, 43.3946429], [-4.3913892, 43.3948607], [-4.3920271, 43.3943685], [-4.3920626, 43.3943114], [-4.3919635, 43.394252], [-4.3910063, 43.3943134], [-4.3903749, 43.3946606], [-4.3903986, 43.39454], [-4.3902808, 43.3944801], [-4.3900436, 43.394586], [-4.3898137, 43.3945572], [-4.3897757, 43.3944752], [-4.3899898, 43.3943016], [-4.3908402, 43.3939825], [-4.3910937, 43.3935408], [-4.3911272, 43.3932534], [-4.3909491, 43.3930814], [-4.3907332, 43.3932567], [-4.3906533, 43.3932431], [-4.3906297, 43.3930802], [-4.3903387, 43.3931889], [-4.3904175, 43.3929377], [-4.3898389, 43.3930862], [-4.3897681, 43.3930326], [-4.3898901, 43.3929296], [-4.3896341, 43.3930488], [-4.3892871, 43.3928825], [-4.3887973, 43.3931939], [-4.3887609, 43.3930251], [-4.3872235, 43.393997], [-4.3872624, 43.3941518], [-4.3870049, 43.3942084], [-4.3866178, 43.3945626], [-4.3862668, 43.394583], [-4.3862648, 43.3946849], [-4.3861116, 43.39477], [-4.3859302, 43.3947733], [-4.3859145, 43.3946924], [-4.385587, 43.3949749], [-4.3855636, 43.3950895], [-4.3853426, 43.395102], [-4.3851119, 43.3952699], [-4.3850557, 43.3952108], [-4.3852823, 43.3950506], [-4.3850765, 43.3935666], [-4.3848938, 43.3937027], [-4.384811, 43.3935943], [-4.385885, 43.3925995], [-4.3854315, 43.3921368], [-4.3849278, 43.3918889], [-4.3837131, 43.3915503], [-4.3822178, 43.3913655], [-4.3753961, 43.3918587], [-4.3727058, 43.3924562], [-4.3701551, 43.3933968], [-4.3681397, 43.3943333], [-4.3677708, 43.3944321], [-4.3672425, 43.3947574], [-4.3655346, 43.3954649], [-4.3647626, 43.3959191], [-4.3639428, 43.3962837], [-4.3636253, 43.3965074], [-4.3633949, 43.3968024], [-4.3624629, 43.3974034], [-4.36129, 43.3979724], [-4.3607313, 43.3984972], [-4.360043, 43.3985849], [-4.3585915, 43.399026], [-4.3578343, 43.3998525], [-4.3575388, 43.4000147], [-4.3568092, 43.4006508], [-4.3556652, 43.4013661], [-4.3555825, 43.4015959], [-4.3555582, 43.4022332], [-4.3561335, 43.4023752], [-4.3564397, 43.4025746], [-4.3564849, 43.4026992], [-4.3563328, 43.402981], [-4.3561783, 43.4029811], [-4.3558705, 43.4027885], [-4.3555542, 43.4028764], [-4.3551693, 43.4028407], [-4.3548441, 43.4030027], [-4.3548808, 43.4031774], [-4.3547464, 43.4033065], [-4.3545013, 43.4033173], [-4.3541614, 43.403535], [-4.3537366, 43.4034557], [-4.3532949, 43.4035838], [-4.3528442, 43.4034621], [-4.35137, 43.4035841], [-4.3502847, 43.4034363], [-4.3496696, 43.4037091], [-4.3494524, 43.4040816], [-4.3490031, 43.4042095], [-4.3489808, 43.4040076], [-4.3489015, 43.4039899], [-4.3482757, 43.404827], [-4.3476878, 43.404938], [-4.3472423, 43.405131], [-4.3471341, 43.4052921], [-4.3465519, 43.4054374], [-4.3462502, 43.4052597], [-4.3459194, 43.4052699], [-4.3456763, 43.4053708], [-4.3453995, 43.4051944], [-4.3449504, 43.4050738], [-4.3438853, 43.4053035], [-4.3437617, 43.4054531], [-4.342887, 43.4056806], [-4.342563, 43.405529], [-4.3425052, 43.4054248], [-4.342288, 43.4055761], [-4.3421027, 43.4054334], [-4.3415021, 43.4053334], [-4.3412026, 43.4055764], [-4.3408533, 43.405583], [-4.3409425, 43.4057934], [-4.3409008, 43.4058763], [-4.3403462, 43.4057208], [-4.3399027, 43.4058932], [-4.3395973, 43.405875], [-4.3393379, 43.4056817], [-4.3388716, 43.4056875], [-4.3385317, 43.4054515], [-4.3384857, 43.405271], [-4.3386953, 43.4047504], [-4.3393037, 43.4041369], [-4.3392749, 43.403838], [-4.3390764, 43.4033988], [-4.3387314, 43.4030715], [-4.3386176, 43.4028324], [-4.3383095, 43.4027823], [-4.3379894, 43.4024608], [-4.3373921, 43.4025877], [-4.3370821, 43.4025627], [-4.3372106, 43.402396], [-4.3374775, 43.40226], [-4.33737, 43.4020164], [-4.3378181, 43.4016136], [-4.3377728, 43.4015027], [-4.3372034, 43.4010437], [-4.3371651, 43.4008747], [-4.3373033, 43.4006818], [-4.3378573, 43.4004109], [-4.3381758, 43.4001463], [-4.3384193, 43.3996531], [-4.3384966, 43.3984002], [-4.3381345, 43.3974807], [-4.337788, 43.3969045], [-4.3368978, 43.3958135], [-4.3359179, 43.3950207], [-4.3355827, 43.3946556], [-4.3344342, 43.3938775], [-4.3325995, 43.3929736], [-4.3341813, 43.3912436], [-4.335447, 43.3859073], [-4.3359584, 43.3850189], [-4.3362194, 43.3839713], [-4.33669, 43.3829123], [-4.3369834, 43.3827828], [-4.3381315, 43.3827784], [-4.33861, 43.3826467], [-4.3388153, 43.3824372], [-4.3388223, 43.382194], [-4.338221, 43.3817959], [-4.338352, 43.3815782], [-4.3387941, 43.381474], [-4.3397326, 43.3809228], [-4.3402257, 43.38089], [-4.3407976, 43.3810724], [-4.3421888, 43.3820196], [-4.3424481, 43.3820255], [-4.3434369, 43.3815187], [-4.343977, 43.3813773], [-4.344396, 43.3813453], [-4.3449427, 43.381501], [-4.3451274, 43.3814808], [-4.3458556, 43.380914], [-4.3458998, 43.3806793], [-4.3457274, 43.3801411], [-4.3461516, 43.3792267], [-4.3461831, 43.3789742], [-4.3460166, 43.378706], [-4.3457147, 43.3784484], [-4.3451275, 43.3781312], [-4.3449123, 43.3778906], [-4.3450074, 43.3777274], [-4.3455869, 43.3776936], [-4.3465009, 43.3782771], [-4.3467852, 43.3782918], [-4.3471391, 43.3781075], [-4.3472343, 43.377386], [-4.3475906, 43.3773098], [-4.3487504, 43.3772872], [-4.3501575, 43.376163], [-4.3501168, 43.3760014], [-4.3499039, 43.3758599], [-4.3499319, 43.3754543], [-4.3491998, 43.3752829], [-4.3492296, 43.3749584], [-4.3497527, 43.37461], [-4.3500662, 43.3742732], [-4.3500564, 43.3738321], [-4.349929, 43.3736535], [-4.3493701, 43.373498], [-4.3484915, 43.3734003], [-4.3480387, 43.3735767], [-4.3478678, 43.374218], [-4.3477247, 43.3744448], [-4.3465792, 43.3745574], [-4.3462452, 43.3745253], [-4.3456272, 43.3739292], [-4.3455832, 43.3736146], [-4.345695, 43.373091], [-4.3451787, 43.3726289], [-4.3450629, 43.3724141], [-4.3451698, 43.3722238], [-4.3459649, 43.3718993], [-4.3460963, 43.3716996], [-4.3458477, 43.3710632], [-4.3456216, 43.3708858], [-4.3443323, 43.3706308], [-4.3440553, 43.370382], [-4.3440838, 43.3699944], [-4.3442693, 43.369452], [-4.343997, 43.3688609], [-4.3439143, 43.3684657], [-4.3439549, 43.368069], [-4.3438615, 43.3677549], [-4.3436478, 43.3675774], [-4.3429497, 43.3672614], [-4.3425676, 43.3667256], [-4.3420046, 43.366381], [-4.3420132, 43.3662098], [-4.3423754, 43.3658454], [-4.3426708, 43.3652477], [-4.3489502, 43.3645705], [-4.3490676, 43.3648573], [-4.3491011, 43.3652531], [-4.3489793, 43.3658849], [-4.3494761, 43.3665813], [-4.3494723, 43.3669686], [-4.3499006, 43.3673597], [-4.3512103, 43.366867], [-4.3517335, 43.367086], [-4.3520358, 43.3668033], [-4.3542411, 43.3666241], [-4.3548843, 43.3666885], [-4.3550393, 43.3658853], [-4.3731896, 43.3678571], [-4.3762426, 43.3675053], [-4.3771989, 43.3672237], [-4.3786865, 43.3664224], [-4.3790965, 43.3659942], [-4.3792198, 43.3654435], [-4.3792376, 43.3645968], [-4.3782697, 43.3627266], [-4.3780861, 43.3617023], [-4.3783159, 43.3609521], [-4.3802011, 43.3597318], [-4.3819354, 43.3583873], [-4.3825231, 43.3581821], [-4.3831371, 43.3580486], [-4.3836676, 43.3580422], [-4.3840227, 43.3579208], [-4.3843359, 43.3575839], [-4.3846273, 43.3552032], [-4.3850318, 43.3550812], [-4.385246, 43.3547365], [-4.3854313, 43.354203], [-4.3854828, 43.3537521], [-4.3853726, 43.3532492], [-4.3853984, 43.3522134], [-4.3851372, 43.3515772], [-4.3843254, 43.3506056], [-4.3839751, 43.3503937], [-4.3816783, 43.3497731], [-4.3809921, 43.3494392], [-4.3805763, 43.349057], [-4.3803835, 43.3487172], [-4.3803705, 43.3481411], [-4.3810381, 43.3476558], [-4.3837106, 43.3468942], [-4.3842531, 43.3468786], [-4.3844351, 43.3467413], [-4.3843681, 43.346508], [-4.3826415, 43.3459976], [-4.3822051, 43.3457958], [-4.3819145, 43.3454931], [-4.3821437, 43.3452653], [-4.3825608, 43.3451612], [-4.3835402, 43.3453655], [-4.3840907, 43.3451607], [-4.3844259, 43.3447064], [-4.3846578, 43.3440553], [-4.3847213, 43.343046], [-4.3845774, 43.3426876], [-4.3837558, 43.3423644], [-4.3834087, 43.3417473], [-4.3825161, 43.3410107], [-4.3822359, 43.3406269], [-4.3823725, 43.340121], [-4.3825625, 43.3397945], [-4.3822801, 43.3393117], [-4.3820672, 43.3391702], [-4.3824725, 43.338544], [-4.3824565, 43.3383821], [-4.3818522, 43.3378491], [-4.3817709, 43.3375259], [-4.3819385, 43.3367585], [-4.3819399, 43.3362723], [-4.3821658, 43.3359004], [-4.382543, 43.3356707], [-4.3827597, 43.335434], [-4.3829699, 43.3343689], [-4.3832024, 43.334285], [-4.3844009, 43.3343696], [-4.3851957, 43.3340628], [-4.3855895, 43.3340221], [-4.3874184, 43.334162], [-4.3887809, 43.3338663], [-4.3907978, 43.3335987], [-4.3930012, 43.3323113], [-4.3937129, 43.3321496], [-4.3941577, 43.3321802], [-4.3952012, 43.3319604], [-4.3961275, 43.3320121], [-4.3972702, 43.3318181], [-4.3981398, 43.3315463], [-4.3986211, 43.3315584], [-4.399568, 43.3319701], [-4.4009635, 43.3331146], [-4.4011759, 43.3332291], [-4.4020067, 43.333417], [-4.4023155, 43.3339715], [-4.4041472, 43.3342372], [-4.4046123, 43.3340784], [-4.4048293, 43.3338596], [-4.4051828, 43.3336752], [-4.4063406, 43.3335979], [-4.4073062, 43.3337482], [-4.4088227, 43.3337115], [-4.4101319, 43.3337854], [-4.4103642, 43.3336925], [-4.4102716, 43.3334235], [-4.4100189, 43.3331655], [-4.4100934, 43.3326513], [-4.4143564, 43.3313741], [-4.414304, 43.3307084], [-4.4162076, 43.330883], [-4.415523, 43.3268935], [-4.4155207, 43.3246694], [-4.4149882, 43.3224519], [-4.4230571, 43.3209922], [-4.4267655, 43.3191327], [-4.4286975, 43.3213355], [-4.4300172, 43.3248584], [-4.4368304, 43.3292573], [-4.4392843, 43.3318378], [-4.4425043, 43.3334271], [-4.4471877, 43.3353309]]]}, "properties": {"nombre": "San Vicente de la Barquera", "ine": "39080"}}, {"type": "Feature", "geometry": {"type": "Polygon", "coordinates": [[[-3.7013533, 43.238843], [-3.7006032, 43.2389466], [-3.6994927, 43.2387733], [-3.6982362, 43.2387629], [-3.6967354, 43.2389251], [-3.6952944, 43.2389249], [-3.6937538, 43.2388351], [-3.6914103, 43.2385431], [-3.6906352, 43.2386198], [-3.6897413, 43.2390844], [-3.6892411, 43.2395107], [-3.6890484, 43.239899], [-3.6884951, 43.2399834], [-3.6878603, 43.2404915], [-3.6874961, 43.2409709], [-3.6868203, 43.24111], [-3.6863031, 43.2411221], [-3.6853527, 43.2409477], [-3.6845524, 43.2409795], [-3.6828228, 43.2405125], [-3.6802743, 43.2395011], [-3.6783338, 43.2388913], [-3.6765397, 43.2381545], [-3.6743535, 43.2364744], [-3.6730724, 43.2353293], [-3.6723155, 43.2348205], [-3.669987, 43.2336184], [-3.6692461, 43.2334426], [-3.6663516, 43.2334144], [-3.665503, 43.2335184], [-3.6638244, 43.2343206], [-3.6610142, 43.2341207], [-3.6602636, 43.234179], [-3.6586296, 43.2345576], [-3.6574644, 43.2346864], [-3.6546462, 43.2352107], [-3.6526746, 43.2351139], [-3.6515252, 43.2347332], [-3.6489729, 43.2345204], [-3.6463619, 43.2337353], [-3.6452589, 43.2336829], [-3.6433701, 43.2333744], [-3.6406373, 43.2334978], [-3.6391157, 43.2340375], [-3.6366942, 43.2344922], [-3.6356111, 43.2345522], [-3.6317302, 43.2344206], [-3.6314105, 43.235674], [-3.6303647, 43.2365317], [-3.6259131, 43.2366315], [-3.6240868, 43.2362605], [-3.6222473, 43.235679], [-3.6194164, 43.2346318], [-3.6185283, 43.2345015], [-3.615493, 43.2351751], [-3.6128623, 43.2356665], [-3.611582, 43.2357273], [-3.6104233, 43.236045], [-3.607164, 43.2366512], [-3.6072627, 43.2373441], [-3.6074894, 43.2378562], [-3.6073405, 43.2389826], [-3.606903, 43.2394184], [-3.6047582, 43.240662], [-3.6028799, 43.2404411], [-3.6012717, 43.2405719], [-3.5951864, 43.2417927], [-3.5903776, 43.242556], [-3.5844047, 43.2427755], [-3.5835762, 43.2431193], [-3.5828252, 43.2436751], [-3.5811001, 43.2462142], [-3.5812534, 43.2467898], [-3.5812877, 43.2478071], [-3.5811634, 43.2489874], [-3.5798965, 43.2492009], [-3.5727188, 43.2483275], [-3.5698286, 43.2475134], [-3.5693689, 43.2470924], [-3.5684046, 43.246719], [-3.5664252, 43.247134], [-3.5637331, 43.2464088], [-3.5627348, 43.2463597], [-3.5597199, 43.2466986], [-3.5573757, 43.2462868], [-3.5580722, 43.2497322], [-3.5502509, 43.249869], [-3.5344471, 43.2486289], [-3.5197381, 43.2485883], [-3.5180024, 43.2487402], [-3.5148413, 43.2493127], [-3.5142377, 43.2493154], [-3.5112769, 43.2488064], [-3.5086724, 43.2496644], [-3.5079342, 43.2497757], [-3.5048314, 43.2499695], [-3.5014114, 43.2505427], [-3.5001927, 43.2509169], [-3.4980487, 43.2508631], [-3.4943025, 43.2503571], [-3.4833956, 43.248669], [-3.4760705, 43.2507494], [-3.4712603, 43.2510502], [-3.4685795, 43.2496581], [-3.4674246, 43.2482997], [-3.4664752, 43.2480825], [-3.4608367, 43.2475549], [-3.4599708, 43.247921], [-3.4597165, 43.2478945], [-3.4587325, 43.2470565], [-3.4585447, 43.2469749], [-3.4580058, 43.2469197], [-3.4566615, 43.2469683], [-3.4557533, 43.2462736], [-3.4547874, 43.2459494], [-3.4545906, 43.2457178], [-3.4544362, 43.2456539], [-3.4543757, 43.2455105], [-3.4544695, 43.24529], [-3.4545301, 43.244335], [-3.4544604, 43.2440307], [-3.454297, 43.243691], [-3.4537459, 43.2431904], [-3.4529587, 43.2430249], [-3.4521715, 43.2425596], [-3.4518809, 43.2425684], [-3.4507395, 43.2429081], [-3.4504276, 43.2428684], [-3.4501612, 43.2427272], [-3.4499916, 43.2422442], [-3.4505063, 43.2400541], [-3.4503428, 43.2385917], [-3.4504155, 43.2382476], [-3.4505548, 43.2378506], [-3.4508697, 43.2374712], [-3.4513783, 43.2370742], [-3.4514812, 43.2367169], [-3.4512935, 43.2364654], [-3.450065, 43.235785], [-3.449519, 43.235274], [-3.449304, 43.23494], [-3.44922, 43.234653], [-3.449233, 43.234298], [-3.449743, 43.233474], [-3.449728, 43.232863], [-3.449329, 43.232071], [-3.448662, 43.231203], [-3.448205, 43.230852], [-3.447517, 43.230686], [-3.447343, 43.230522], [-3.44715, 43.229815], [-3.4473179, 43.2297315], [-3.4458062, 43.2255983], [-3.444292, 43.221136], [-3.4423897, 43.2187511], [-3.439977, 43.2167257], [-3.4398838, 43.2156651], [-3.4387433, 43.2139089], [-3.4357131, 43.2106208], [-3.4330452, 43.206398], [-3.4329183, 43.2058974], [-3.4329386, 43.2054], [-3.4331622, 43.2041823], [-3.4336672, 43.2027744], [-3.4337601, 43.2015599], [-3.4342786, 43.2007301], [-3.4350649, 43.1997751], [-3.435511, 43.1985077], [-3.43576, 43.1980939], [-3.4354312, 43.1979771], [-3.4355858, 43.1978027], [-3.4353636, 43.1964693], [-3.4352795, 43.1946221], [-3.4352992, 43.1939196], [-3.4357154, 43.1918739], [-3.4353164, 43.191137], [-3.4349442, 43.1907152], [-3.4347191, 43.1902118], [-3.4346784, 43.1896716], [-3.4348457, 43.1889686], [-3.4349733, 43.1878695], [-3.434884, 43.1874196], [-3.4345725, 43.1868805], [-3.4344331, 43.1863137], [-3.4344523, 43.1855482], [-3.43469, 43.1843586], [-3.4345261, 43.182063], [-3.4340721, 43.1804978], [-3.4345596, 43.1798386], [-3.4347413, 43.1794237], [-3.4347019, 43.1790727], [-3.4340795, 43.1780574], [-3.4333976, 43.1773306], [-3.4334069, 43.1768983], [-3.4337402, 43.1753032], [-3.4335288, 43.1749888], [-3.4334988, 43.1742325], [-3.4336577, 43.1740788], [-3.4333755, 43.172441], [-3.4333585, 43.1717747], [-3.4334518, 43.1710449], [-3.4324442, 43.1712198], [-3.4322751, 43.1699147], [-3.4316635, 43.1686743], [-3.4323459, 43.1677353], [-3.4319822, 43.1667551], [-3.4318047, 43.1660083], [-3.4314563, 43.1654333], [-3.4301747, 43.165132], [-3.4298661, 43.164971], [-3.4301614, 43.163223], [-3.4295671, 43.1626759], [-3.429392, 43.1622533], [-3.429348, 43.1612449], [-3.429046, 43.1602645], [-3.4286019, 43.1600861], [-3.4272495, 43.1601812], [-3.4271256, 43.1600556], [-3.4273569, 43.1597035], [-3.4274893, 43.1592888], [-3.4264986, 43.1584908], [-3.4268051, 43.1581837], [-3.4268645, 43.1578864], [-3.4261075, 43.1571603], [-3.4259696, 43.1569414], [-3.4256956, 43.1561069], [-3.4258104, 43.1556627], [-3.4257698, 43.1555476], [-3.4254946, 43.1553523], [-3.4249212, 43.1553783], [-3.4246335, 43.1552505], [-3.4246625, 43.1547059], [-3.4241676, 43.1539345], [-3.4234527, 43.1533977], [-3.4233798, 43.1531352], [-3.4229818, 43.1530605], [-3.4225213, 43.1525339], [-3.4219456, 43.1522408], [-3.4220829, 43.1513569], [-3.4219914, 43.1512574], [-3.4218328, 43.151251], [-3.4176076, 43.1333163], [-3.4214417, 43.1329356], [-3.4219049, 43.1323486], [-3.4257618, 43.133577], [-3.4296724, 43.1336704], [-3.433533, 43.1318909], [-3.4345642, 43.1316529], [-3.4354997, 43.1318114], [-3.438562, 43.1319258], [-3.4394361, 43.1320756], [-3.4409287, 43.1327632], [-3.441618, 43.1328686], [-3.4423064, 43.1328479], [-3.442956, 43.1325663], [-3.444756, 43.1315327], [-3.4492073, 43.1332804], [-3.4511341, 43.1344704], [-3.4543186, 43.1344579], [-3.4574609, 43.1353909], [-3.4589541, 43.1361053], [-3.4603446, 43.1362528], [-3.4653011, 43.1364039], [-3.469128, 43.1367575], [-3.4712922, 43.1367667], [-3.4759506, 43.1365043], [-3.4803372, 43.1360988], [-3.4819202, 43.1356869], [-3.4864068, 43.133939], [-3.4869671, 43.1332612], [-3.4897641, 43.1340057], [-3.4904287, 43.1340839], [-3.4916198, 43.1338717], [-3.4925784, 43.1338226], [-3.4930959, 43.1339554], [-3.4937756, 43.1343848], [-3.4967538, 43.1346961], [-3.4975311, 43.1350259], [-3.4996255, 43.1355301], [-3.5005365, 43.1356612], [-3.5012024, 43.1358924], [-3.5015879, 43.136431], [-3.5021062, 43.1366539], [-3.5038697, 43.1357816], [-3.5048027, 43.1355974], [-3.5063282, 43.1356808], [-3.5076097, 43.1360083], [-3.5087479, 43.1368497], [-3.5124837, 43.1380487], [-3.5193617, 43.1400079], [-3.5208888, 43.1402712], [-3.5251519, 43.1412423], [-3.5307369, 43.1429007], [-3.5339459, 43.1442456], [-3.5369193, 43.1453393], [-3.5437082, 43.148162], [-3.5531975, 43.1489452], [-3.5612953, 43.1495093], [-3.5638464, 43.1500731], [-3.5681007, 43.1512769], [-3.5728138, 43.1528654], [-3.5804074, 43.1533676], [-3.5855841, 43.154503], [-3.5996055, 43.1519273], [-3.6035435, 43.1496375], [-3.6045392, 43.1508389], [-3.6048597, 43.1521609], [-3.6046509, 43.1547015], [-3.6047438, 43.1553854], [-3.6049216, 43.1559608], [-3.6053428, 43.1562646], [-3.6057739, 43.1563255], [-3.6060963, 43.156585], [-3.6063868, 43.1573579], [-3.6073425, 43.1582262], [-3.6070676, 43.1590382], [-3.6069182, 43.1601014], [-3.6069401, 43.1610738], [-3.6073433, 43.1620442], [-3.6079533, 43.1627794], [-3.6082702, 43.1637232], [-3.609723, 43.16495], [-3.6097419, 43.1657506], [-3.6099791, 43.1661096], [-3.6106025, 43.1668169], [-3.6113941, 43.1673627], [-3.6124489, 43.1695184], [-3.6175121, 43.1714092], [-3.6178967, 43.1717225], [-3.618614, 43.1720968], [-3.619182, 43.1723009], [-3.6198468, 43.1723333], [-3.6208216, 43.1726161], [-3.621653, 43.173314], [-3.6228644, 43.1738747], [-3.6236278, 43.1739246], [-3.626321, 43.1737929], [-3.6276963, 43.1735332], [-3.6302611, 43.1728799], [-3.6311472, 43.172902], [-3.631998, 43.1730774], [-3.6326412, 43.1734161], [-3.6332735, 43.1738809], [-3.633548, 43.1742485], [-3.6336107, 43.1755629], [-3.6357055, 43.1758575], [-3.6372111, 43.1762904], [-3.6379875, 43.1764122], [-3.6410231, 43.1760711], [-3.6413777, 43.1770417], [-3.6418502, 43.1775073], [-3.6431439, 43.1776802], [-3.6431862, 43.1781932], [-3.645044, 43.1793444], [-3.6463129, 43.1794904], [-3.6470979, 43.1792519], [-3.6479828, 43.1791478], [-3.6487556, 43.180089], [-3.6496782, 43.1807652], [-3.6501681, 43.1810086], [-3.6510175, 43.1810398], [-3.6517532, 43.1807926], [-3.6534864, 43.179468], [-3.6552837, 43.1783862], [-3.6565592, 43.1779916], [-3.6581605, 43.1776396], [-3.6576854, 43.1750981], [-3.6584007, 43.1766789], [-3.6590813, 43.1769235], [-3.6623181, 43.1711687], [-3.6624808, 43.1714199], [-3.6632474, 43.1717757], [-3.6656004, 43.1720593], [-3.6675321, 43.1720661], [-3.6697297, 43.17163], [-3.6707411, 43.1718673], [-3.6724261, 43.1718124], [-3.6731159, 43.1718894], [-3.6739702, 43.1723797], [-3.6756615, 43.172901], [-3.6762904, 43.1730234], [-3.6769848, 43.1735146], [-3.6775198, 43.1740607], [-3.6779754, 43.1752017], [-3.6782602, 43.1753711], [-3.6806663, 43.1759872], [-3.6836849, 43.1774551], [-3.6853685, 43.1783726], [-3.6857454, 43.1790727], [-3.6858023, 43.1797567], [-3.6854754, 43.1813346], [-3.6854331, 43.1819561], [-3.6855997, 43.1825585], [-3.6860374, 43.1831862], [-3.6858514, 43.1841599], [-3.6861653, 43.1847163], [-3.6873529, 43.1863751], [-3.6875022, 43.1887245], [-3.6880399, 43.1894867], [-3.688524, 43.1909516], [-3.6899024, 43.1920509], [-3.6909985, 43.193206], [-3.6915443, 43.1935899], [-3.6918308, 43.1938943], [-3.6921194, 43.1943789], [-3.6934335, 43.1952174], [-3.6941625, 43.1954741], [-3.6949676, 43.1959195], [-3.6953906, 43.1963222], [-3.6956435, 43.1969149], [-3.6957239, 43.1974908], [-3.6954386, 43.198384], [-3.6956435, 43.1990941], [-3.6959339, 43.1997317], [-3.695959, 43.2008662], [-3.6960992, 43.2012886], [-3.6967502, 43.2022481], [-3.6976091, 43.2030894], [-3.6991552, 43.2048269], [-3.7015956, 43.2072434], [-3.7019579, 43.2077094], [-3.7018353, 43.2088268], [-3.7021604, 43.209266], [-3.7031261, 43.2097464], [-3.7037838, 43.2102016], [-3.7041708, 43.2106675], [-3.7043476, 43.2110536], [-3.7041833, 43.211757], [-3.7041771, 43.2122883], [-3.7044298, 43.2128541], [-3.7049408, 43.2134002], [-3.7054297, 43.2141626], [-3.7056727, 43.2149536], [-3.7058369, 43.2163843], [-3.7061059, 43.2172922], [-3.7070711, 43.218781], [-3.7072633, 43.2194282], [-3.7083859, 43.220682], [-3.7071699, 43.2230758], [-3.7072494, 43.2235705], [-3.7066239, 43.2237815], [-3.7061857, 43.2242254], [-3.7055086, 43.2253102], [-3.7037755, 43.2277341], [-3.7044747, 43.2285763], [-3.7034823, 43.2290146], [-3.7031459, 43.2297551], [-3.7024632, 43.2303536], [-3.7016558, 43.2308268], [-3.7007355, 43.2311206], [-3.7000143, 43.2315932], [-3.6996034, 43.2322801], [-3.699525, 43.2329649], [-3.6997528, 43.2335038], [-3.7002129, 43.2338882], [-3.7000024, 43.2348711], [-3.7000739, 43.2368157], [-3.7013533, 43.238843]]]}, "properties": {"nombre": "Soba", "ine": "39083"}}, {"type": "Feature", "geometry": {"type": "Polygon", "coordinates": [[[-3.8035964, 43.1769221], [-3.8017772, 43.1780056], [-3.8013991, 43.1792059], [-3.8022801, 43.1807125], [-3.8023971, 43.181189], [-3.8023035, 43.1834498], [-3.8013322, 43.1844562], [-3.8014952, 43.1865712], [-3.8016845, 43.1878756], [-3.8020943, 43.1890974], [-3.8024581, 43.1905716], [-3.8022819, 43.1912122], [-3.8028379, 43.1932614], [-3.8043616, 43.1940162], [-3.8054439, 43.1949001], [-3.8077797, 43.1965676], [-3.8108803, 43.1983467], [-3.8148143, 43.2007771], [-3.8179528, 43.2035283], [-3.8198075, 43.2041454], [-3.8195862, 43.206011], [-3.8186635, 43.2069721], [-3.818699, 43.2077913], [-3.8178859, 43.207743], [-3.8171116, 43.2087661], [-3.8164661, 43.2102115], [-3.8153808, 43.2119211], [-3.8109595, 43.2136634], [-3.8116818, 43.2152161], [-3.8115075, 43.2178647], [-3.8111578, 43.2184165], [-3.811054, 43.2189485], [-3.8111, 43.2196326], [-3.8108251, 43.2202649], [-3.8109413, 43.2216058], [-3.8101174, 43.2226201], [-3.8025145, 43.2240783], [-3.8001061, 43.2235188], [-3.7976423, 43.2234369], [-3.795328, 43.223489], [-3.7945545, 43.2236655], [-3.7924479, 43.22359], [-3.7861005, 43.2240929], [-3.7845186, 43.224608], [-3.783201, 43.2255716], [-3.7791174, 43.2278776], [-3.7783094, 43.2311609], [-3.777816, 43.2320737], [-3.7780167, 43.2323605], [-3.7784626, 43.2345006], [-3.7781348, 43.2358446], [-3.7755998, 43.2360148], [-3.7728831, 43.2354478], [-3.7716822, 43.2349517], [-3.7493865, 43.2316146], [-3.7447882, 43.2291952], [-3.7451312, 43.2290489], [-3.744728, 43.2282951], [-3.7447944, 43.2276733], [-3.7443438, 43.2270729], [-3.7446483, 43.2268008], [-3.7442613, 43.2253535], [-3.7432251, 43.2251982], [-3.7411315, 43.2241581], [-3.7350419, 43.2225854], [-3.7341346, 43.2198177], [-3.7308597, 43.2177765], [-3.7272685, 43.2160434], [-3.7285358, 43.2139012], [-3.7274309, 43.2110447], [-3.7273854, 43.20928], [-3.7288672, 43.2075867], [-3.7287864, 43.2070019], [-3.7289431, 43.2036804], [-3.7261005, 43.2026515], [-3.724626, 43.2018324], [-3.7224727, 43.1998019], [-3.7198406, 43.1967032], [-3.7151461, 43.1935364], [-3.7153167, 43.1920124], [-3.7148701, 43.1895929], [-3.714938, 43.186972], [-3.7147782, 43.1838588], [-3.7231689, 43.1826161], [-3.7278514, 43.1810827], [-3.7306518, 43.1796061], [-3.7317119, 43.1797705], [-3.7342231, 43.1798535], [-3.7356002, 43.1797636], [-3.7365879, 43.1800364], [-3.7360984, 43.1792381], [-3.7372489, 43.1776999], [-3.7391444, 43.1767242], [-3.7407531, 43.1764617], [-3.7425647, 43.1756846], [-3.7443348, 43.1765646], [-3.7473579, 43.1772653], [-3.7511232, 43.1772858], [-3.7545314, 43.1752733], [-3.7560254, 43.1746962], [-3.7563854, 43.1739554], [-3.7591322, 43.1742074], [-3.7612304, 43.1757244], [-3.7614567, 43.1761191], [-3.7639811, 43.1772729], [-3.7672414, 43.1772422], [-3.7693656, 43.1759042], [-3.7721105, 43.1750123], [-3.7741143, 43.1758543], [-3.7772946, 43.174374], [-3.779768, 43.1734297], [-3.7852194, 43.1735006], [-3.7967632, 43.1775362], [-3.7970019, 43.1769672], [-3.7993757, 43.1778422], [-3.8013782, 43.1776031], [-3.8035964, 43.1769221]]]}, "properties": {"nombre": "Selaya", "ine": "39082"}}, {"type": "Feature", "geometry": {"type": "Polygon", "coordinates": [[[-3.9106451, 43.2881232], [-3.9034034, 43.2868838], [-3.8927671, 43.2861297], [-3.8908149, 43.2849652], [-3.8716855, 43.2850042], [-3.8668899, 43.285815], [-3.8648627, 43.2836692], [-3.8606506, 43.2821521], [-3.8542333, 43.2806963], [-3.852926, 43.280634], [-3.8468022, 43.2825433], [-3.8459567, 43.2829008], [-3.8384557, 43.282675], [-3.8385201, 43.2821848], [-3.8386464, 43.2819432], [-3.8393003, 43.2813404], [-3.8398458, 43.2811862], [-3.840009, 43.2810235], [-3.8401129, 43.2806649], [-3.8400377, 43.2800519], [-3.839877, 43.2797568], [-3.839319, 43.279496], [-3.8390402, 43.2792728], [-3.8388091, 43.2789993], [-3.8386747, 43.2786711], [-3.8386829, 43.2782505], [-3.8389322, 43.2777424], [-3.8408221, 43.275784], [-3.8415526, 43.275256], [-3.8429102, 43.2736217], [-3.8442969, 43.2725634], [-3.8448276, 43.2722753], [-3.8451812, 43.2722145], [-3.84652, 43.2723159], [-3.8469803, 43.2722576], [-3.8473411, 43.2721115], [-3.8478817, 43.2717429], [-3.8482385, 43.2709508], [-3.8483115, 43.2699099], [-3.8485501, 43.2693291], [-3.8486295, 43.2688645], [-3.8482459, 43.2677025], [-3.848175, 43.2673286], [-3.8482295, 43.2670371], [-3.8483856, 43.2668657], [-3.8488468, 43.2667082], [-3.8489905, 43.2664725], [-3.8490477, 43.2661006], [-3.8490099, 43.2656998], [-3.8483221, 43.2640885], [-3.8481742, 43.2638813], [-3.8471985, 43.2632344], [-3.8466004, 43.2623464], [-3.8464885, 43.2619872], [-3.8467164, 43.2607576], [-3.8472666, 43.2601878], [-3.8473221, 43.2593733], [-3.846864, 43.2587297], [-3.8461692, 43.2580016], [-3.8458431, 43.2574723], [-3.8456398, 43.2567505], [-3.8456301, 43.2562365], [-3.8455092, 43.2557675], [-3.8448185, 43.2547812], [-3.8444556, 43.2539373], [-3.8443781, 43.2535372], [-3.8444398, 43.2527264], [-3.8443271, 43.2524939], [-3.8441313, 43.2522165], [-3.8438417, 43.2519938], [-3.8427731, 43.2513174], [-3.8424063, 43.2479343], [-3.8451375, 43.2467886], [-3.8515751, 43.2455523], [-3.85423, 43.2442539], [-3.8562857, 43.24504], [-3.8629512, 43.2451431], [-3.8682539, 43.2446979], [-3.8720134, 43.2422831], [-3.8781651, 43.2392195], [-3.8936483, 43.2333908], [-3.8970942, 43.2315359], [-3.9004077, 43.2341034], [-3.9009578, 43.2346573], [-3.9012928, 43.2348258], [-3.9020831, 43.2349727], [-3.9032531, 43.2349725], [-3.9053899, 43.2353878], [-3.9088436, 43.2448696], [-3.9096928, 43.2481406], [-3.911274, 43.2500911], [-3.9122838, 43.2517219], [-3.91271, 43.2522138], [-3.9147668, 43.2538272], [-3.9157788, 43.2547737], [-3.9168735, 43.2562957], [-3.9221674, 43.2617732], [-3.9238335, 43.266037], [-3.9231864, 43.2688787], [-3.9243047, 43.269491], [-3.9249884, 43.2739609], [-3.9248582, 43.2751326], [-3.9241891, 43.2773351], [-3.9232059, 43.279153], [-3.9230543, 43.2797215], [-3.9230756, 43.2803156], [-3.9245606, 43.2831582], [-3.9237559, 43.283741], [-3.9220329, 43.2847274], [-3.919827, 43.2855735], [-3.9106451, 43.2881232]]]}, "properties": {"nombre": "Villafufre", "ine": "39100"}}, {"type": "Feature", "geometry": {"type": "Polygon", "coordinates": [[[-3.3045334, 43.2582558], [-3.2945027, 43.2604915], [-3.2932418, 43.2610104], [-3.2911226, 43.2614977], [-3.2873157, 43.2617393], [-3.285536, 43.2617538], [-3.2841788, 43.2619999], [-3.2820035, 43.2617046], [-3.2804111, 43.2620938], [-3.278935, 43.2619314], [-3.2775043, 43.2631708], [-3.2761981, 43.263981], [-3.2749921, 43.2644677], [-3.2738459, 43.2651163], [-3.272382, 43.2657641], [-3.2708282, 43.2660991], [-3.2701485, 43.2665953], [-3.2673825, 43.2674466], [-3.2639635, 43.2670787], [-3.2624792, 43.2659985], [-3.2624135, 43.2651246], [-3.2620778, 43.2644717], [-3.2605726, 43.2642795], [-3.2530881, 43.2621097], [-3.2491749, 43.259649], [-3.2503809, 43.2568848], [-3.2507841, 43.2514459], [-3.2520163, 43.2461191], [-3.2544579, 43.244332], [-3.2574898, 43.2396611], [-3.2592782, 43.2383631], [-3.2603431, 43.2380749], [-3.2689699, 43.2341229], [-3.2697736, 43.2320499], [-3.2699298, 43.2311671], [-3.2701849, 43.2303741], [-3.2702552, 43.2295636], [-3.2698707, 43.2289341], [-3.268511, 43.2277577], [-3.2679776, 43.2268675], [-3.2678033, 43.2264447], [-3.2676895, 43.2257696], [-3.2677236, 43.2251212], [-3.2674744, 43.2244464], [-3.2668804, 43.2237725], [-3.2665963, 43.223557], [-3.2664101, 43.2232063], [-3.2663592, 43.2228462], [-3.2667727, 43.2227441], [-3.2672875, 43.2227689], [-3.2676835, 43.2223621], [-3.2677419, 43.222064], [-3.2679182, 43.221756], [-3.2696673, 43.2209445], [-3.2700513, 43.219959], [-3.270825, 43.2195191], [-3.2716631, 43.2184168], [-3.2716942, 43.218227], [-3.2715757, 43.217756], [-3.2716168, 43.2174191], [-3.2714261, 43.2171884], [-3.2709784, 43.2169038], [-3.2707163, 43.2162897], [-3.2704028, 43.215929], [-3.2703663, 43.2154632], [-3.2699972, 43.2151297], [-3.2699592, 43.2146952], [-3.2694248, 43.2143038], [-3.269267, 43.2140719], [-3.2698988, 43.2136748], [-3.2700848, 43.2134054], [-3.270192, 43.2129562], [-3.2700732, 43.2126184], [-3.2692244, 43.2114799], [-3.2688493, 43.2107465], [-3.2683999, 43.2102451], [-3.2682426, 43.209937], [-3.2673276, 43.2090049], [-3.2668711, 43.2076264], [-3.2659579, 43.2071261], [-3.2657898, 43.2069626], [-3.2657554, 43.206791], [-3.2658028, 43.2061647], [-3.2668349, 43.2051599], [-3.267251, 43.2039979], [-3.2678023, 43.2039942], [-3.2680235, 43.2039163], [-3.2687178, 43.2033264], [-3.2689006, 43.2028991], [-3.2690837, 43.2027479], [-3.2701261, 43.2026254], [-3.2710152, 43.2023346], [-3.2717804, 43.2022332], [-3.2731435, 43.2019034], [-3.2739361, 43.201483], [-3.2751365, 43.2011044], [-3.2755534, 43.2008688], [-3.2759568, 43.2007821], [-3.2768296, 43.2008562], [-3.2795776, 43.2008686], [-3.2819271, 43.2002956], [-3.2823984, 43.2000562], [-3.2827225, 43.1996682], [-3.2829402, 43.1992209], [-3.2831757, 43.1990537], [-3.2838351, 43.1989866], [-3.2843963, 43.1988064], [-3.2847313, 43.1985887], [-3.2848167, 43.1971702], [-3.2862532, 43.1974038], [-3.2866954, 43.1985556], [-3.2872827, 43.1995413], [-3.2876094, 43.2005209], [-3.2888222, 43.2016684], [-3.2912628, 43.2028864], [-3.2938319, 43.2039406], [-3.2944949, 43.204322], [-3.2950289, 43.2049236], [-3.2951004, 43.2052708], [-3.2956768, 43.2059744], [-3.2968084, 43.2060177], [-3.2973063, 43.2065027], [-3.2975645, 43.2079439], [-3.2970856, 43.2087741], [-3.2961724, 43.2093968], [-3.2946835, 43.2102008], [-3.2939605, 43.212356], [-3.2936968, 43.2135059], [-3.2936503, 43.2152421], [-3.2929625, 43.2162757], [-3.2933929, 43.2172181], [-3.2929457, 43.2177973], [-3.2926088, 43.2189409], [-3.295698, 43.2203246], [-3.2960746, 43.2209557], [-3.29727, 43.2221434], [-3.2968406, 43.2232914], [-3.2968026, 43.2239722], [-3.296562, 43.2246848], [-3.2968382, 43.2254453], [-3.2965504, 43.2262205], [-3.2966194, 43.2266229], [-3.2962049, 43.2280977], [-3.2963582, 43.2290166], [-3.2969355, 43.2303397], [-3.2963039, 43.230784], [-3.2954736, 43.2321308], [-3.294938, 43.232657], [-3.2949731, 43.2341601], [-3.2942069, 43.2349858], [-3.293584, 43.2365591], [-3.2929399, 43.2386009], [-3.2928915, 43.239342], [-3.2932214, 43.2399515], [-3.2925886, 43.2408275], [-3.2930067, 43.2419483], [-3.2931848, 43.2426971], [-3.2951977, 43.2433086], [-3.2961744, 43.2439771], [-3.2968133, 43.2448234], [-3.2968047, 43.2457543], [-3.2975114, 43.2471399], [-3.2980962, 43.2478884], [-3.2998806, 43.2489308], [-3.3027042, 43.2499106], [-3.3046483, 43.2511051], [-3.3054381, 43.2521986], [-3.3057485, 43.2533586], [-3.3051368, 43.2540559], [-3.3041381, 43.2545623], [-3.3038847, 43.2547919], [-3.3038554, 43.2551777], [-3.3034629, 43.2557248], [-3.3033439, 43.2561835], [-3.3032821, 43.256859], [-3.3045334, 43.2582558]]]}, "properties": {"nombre": "Valle de Villaverde", "ine": "39101"}}, {"type": "Feature", "geometry": {"type": "Polygon", "coordinates": [[[-3.5744266, 43.3437782], [-3.5745338, 43.3499278], [-3.573639, 43.3505626], [-3.5720143, 43.3523086], [-3.5706199, 43.3549448], [-3.5633072, 43.3581595], [-3.5595861, 43.3601406], [-3.5576572, 43.3624371], [-3.5565564, 43.3675841], [-3.550936, 43.3739233], [-3.5469533, 43.38129], [-3.5399553, 43.3828898], [-3.5348392, 43.37951], [-3.5320987, 43.3780999], [-3.5305128, 43.3774409], [-3.5237485, 43.3818121], [-3.523219, 43.3805358], [-3.519827, 43.3808754], [-3.5180294, 43.3814507], [-3.5177563, 43.3827216], [-3.5176299, 43.3838297], [-3.5168404, 43.3839053], [-3.5149601, 43.3849313], [-3.5140653, 43.3857006], [-3.5120368, 43.3867182], [-3.5115308, 43.3867475], [-3.5110381, 43.3868847], [-3.5098706, 43.3875292], [-3.5090832, 43.3878659], [-3.5085523, 43.3878682], [-3.5080451, 43.3877534], [-3.506954, 43.3871909], [-3.5053715, 43.3869367], [-3.5039904, 43.3871499], [-3.5015206, 43.3885834], [-3.5002158, 43.3890753], [-3.4997094, 43.3890505], [-3.4989138, 43.3883876], [-3.4982065, 43.3879495], [-3.497478, 43.3879436], [-3.4969332, 43.3877569], [-3.4941753, 43.3856707], [-3.4940118, 43.3852932], [-3.4937008, 43.3850064], [-3.4933992, 43.3843504], [-3.4927925, 43.3841368], [-3.491977, 43.3840503], [-3.4880783, 43.384373], [-3.4864587, 43.3840917], [-3.4862103, 43.3839037], [-3.4857948, 43.3828879], [-3.4859148, 43.3824552], [-3.4854423, 43.382025], [-3.48521, 43.3807563], [-3.4850237, 43.380622], [-3.4834673, 43.3805025], [-3.482625, 43.3801459], [-3.4816898, 43.380537], [-3.4812939, 43.3804306], [-3.4808089, 43.3799734], [-3.480609, 43.3796681], [-3.4806677, 43.3792896], [-3.4803819, 43.3790567], [-3.4802442, 43.3788052], [-3.4806987, 43.3785241], [-3.4807716, 43.3783797], [-3.4796071, 43.3778533], [-3.4792584, 43.3774586], [-3.4787503, 43.3772086], [-3.4777573, 43.3765193], [-3.4776056, 43.3760607], [-3.4776984, 43.375295], [-3.4779649, 43.3746455], [-3.4782955, 43.374302], [-3.4790842, 43.3741366], [-3.4794529, 43.373937], [-3.4794886, 43.3737657], [-3.4792142, 43.3734067], [-3.4783701, 43.3728069], [-3.4781212, 43.3725378], [-3.4777096, 43.3704144], [-3.476873, 43.3703743], [-3.4758758, 43.3707016], [-3.4755912, 43.3710175], [-3.4751915, 43.3719916], [-3.4723213, 43.3727418], [-3.4710162, 43.3731704], [-3.4677648, 43.3757409], [-3.4671039, 43.376482], [-3.466917, 43.3778695], [-3.4669185, 43.3796884], [-3.4666701, 43.3827149], [-3.4661335, 43.3852023], [-3.4640714, 43.3908184], [-3.4635819, 43.3906154], [-3.4624812, 43.3903857], [-3.4590459, 43.3900032], [-3.4562614, 43.3891499], [-3.4551633, 43.3885894], [-3.4523271, 43.386401], [-3.4504826, 43.3847906], [-3.4447858, 43.3816309], [-3.4412561, 43.3800597], [-3.4386323, 43.3791422], [-3.4372592, 43.3787423], [-3.4362686, 43.3783138], [-3.4350281, 43.377472], [-3.4346422, 43.3770233], [-3.4341406, 43.3759176], [-3.4340859, 43.3751614], [-3.4342182, 43.3746747], [-3.4348508, 43.3733666], [-3.4354976, 43.3723377], [-3.4356236, 43.3709595], [-3.4357813, 43.3705717], [-3.4362342, 43.3700477], [-3.4376953, 43.3689706], [-3.4378662, 43.3686998], [-3.4377525, 43.3683401], [-3.4365807, 43.3667147], [-3.4363508, 43.365626], [-3.4360243, 43.3648438], [-3.4355016, 43.3642335], [-3.434477, 43.3642013], [-3.4326475, 43.363794], [-3.4311358, 43.3629442], [-3.4298487, 43.3624268], [-3.4290825, 43.3622855], [-3.4272428, 43.3621573], [-3.4277196, 43.3597603], [-3.4296556, 43.3577811], [-3.4308173, 43.356273], [-3.4291714, 43.3556038], [-3.4311543, 43.3550561], [-3.4320461, 43.3537831], [-3.4442677, 43.3562219], [-3.4443935, 43.3548437], [-3.4465331, 43.3521251], [-3.4478081, 43.3509946], [-3.4481202, 43.3481209], [-3.4467669, 43.3452807], [-3.4489684, 43.3443356], [-3.4513831, 43.3421831], [-3.4534368, 43.3412926], [-3.4560893, 43.3379774], [-3.45713, 43.3369198], [-3.4580933, 43.3354212], [-3.4577489, 43.3339098], [-3.4583003, 43.3334123], [-3.4589884, 43.3330584], [-3.4620161, 43.330525], [-3.4645328, 43.3273363], [-3.4647997, 43.3267499], [-3.4650998, 43.3256682], [-3.4683042, 43.3237372], [-3.4691273, 43.3217168], [-3.4703161, 43.3191367], [-3.4705688, 43.3183162], [-3.4711287, 43.3173594], [-3.4736376, 43.3148819], [-3.4732816, 43.3135057], [-3.4738168, 43.312549], [-3.4748586, 43.3101495], [-3.475642, 43.3094078], [-3.4758368, 43.3090919], [-3.4758958, 43.3087495], [-3.4749845, 43.3088973], [-3.473579, 43.3089211], [-3.4726401, 43.3086908], [-3.4723551, 43.3085119], [-3.4720681, 43.3080719], [-3.47214, 43.3078014], [-3.4726641, 43.3070159], [-3.4726973, 43.3065295], [-3.4731116, 43.3058975], [-3.4731346, 43.3056723], [-3.4729815, 43.3050155], [-3.4734572, 43.3043472], [-3.4737107, 43.3036528], [-3.4757076, 43.3035816], [-3.4784403, 43.303012], [-3.4792725, 43.3022251], [-3.4812712, 43.3023879], [-3.4843518, 43.3021678], [-3.4856863, 43.3025404], [-3.4883584, 43.3021149], [-3.4905588, 43.3013041], [-3.4904184, 43.3007104], [-3.4930733, 43.3012213], [-3.4943718, 43.301711], [-3.5009916, 43.3015833], [-3.5033221, 43.3016092], [-3.5067351, 43.3013421], [-3.5091694, 43.3020067], [-3.5110464, 43.3023585], [-3.512727, 43.3028013], [-3.5159992, 43.303381], [-3.5192363, 43.3041768], [-3.5208896, 43.3043134], [-3.5259546, 43.305443], [-3.529873, 43.3065686], [-3.5340122, 43.307549], [-3.5562676, 43.3114866], [-3.5561277, 43.3123698], [-3.5556021, 43.3128856], [-3.5542178, 43.3152605], [-3.5535555, 43.3170196], [-3.5553539, 43.3181455], [-3.5599665, 43.3181682], [-3.5617496, 43.3189519], [-3.5629053, 43.3199008], [-3.5632311, 43.3217992], [-3.5667995, 43.3235736], [-3.5678245, 43.3237126], [-3.568185, 43.3266643], [-3.5679671, 43.3271157], [-3.568514, 43.3275632], [-3.5688263, 43.3293085], [-3.5720641, 43.3325972], [-3.5716771, 43.3334276], [-3.57115, 43.335096], [-3.5714709, 43.3364361], [-3.5713464, 43.3376344], [-3.5715333, 43.3391552], [-3.5709112, 43.3412294], [-3.5704353, 43.34179], [-3.5732752, 43.3433517], [-3.5744266, 43.3437782]]]}, "properties": {"nombre": "Voto", "ine": "39102"}}]}