{"type": "Feature", "geometry": {"type": "MultiPolygon", "coordinates": [[[[-4.8517354, 43.1728722], [-4.847109, 43.1757666], [-4.8474755, 43.1783468], [-4.8440799, 43.1792983], [-4.8424931, 43.1805582], [-4.8376244, 43.1813034], [-4.8327417, 43.1806169], [-4.8303623, 43.1791243], [-4.8279452, 43.1788398], [-4.8266617, 43.1791295], [-4.8256016, 43.178607], [-4.8233157, 43.1783284], [-4.8211981, 43.1794784], [-4.8189728, 43.1791181], [-4.8177066, 43.1803982], [-4.8169938, 43.1829312], [-4.8165742, 43.1832973], [-4.8152826, 43.1834074], [-4.8136148, 43.1830742], [-4.8106054, 43.1811862], [-4.8047532, 43.181954], [-4.8025353, 43.1828078], [-4.7989712, 43.1830355], [-4.7956277, 43.1843486], [-4.793807, 43.184297], [-4.7867173, 43.1857755], [-4.7846269, 43.1869081], [-4.784101, 43.1878378], [-4.7830646, 43.1881466], [-4.7813737, 43.1892538], [-4.7813787, 43.1898841], [-4.779403, 43.1913099], [-4.7789942, 43.1920817], [-4.7703481, 43.1899641], [-4.7599483, 43.1867025], [-4.7542746, 43.184], [-4.7435186, 43.1844345], [-4.7429697, 43.1845329], [-4.7426089, 43.1852591], [-4.7415337, 43.1858137], [-4.738032, 43.1863642], [-4.7368691, 43.1870119], [-4.7364861, 43.1880529], [-4.7347225, 43.1887547], [-4.734734, 43.1892059], [-4.7340154, 43.1898461], [-4.7339756, 43.1906582], [-4.7336179, 43.1910221], [-4.733631, 43.1925985], [-4.7331938, 43.1934078], [-4.733601, 43.194411], [-4.7371275, 43.1959957], [-4.7375956, 43.1968711], [-4.7376169, 43.1980711], [-4.7370581, 43.1987454], [-4.736931, 43.1998802], [-4.7356173, 43.2017088], [-4.7356148, 43.2038088], [-4.7364834, 43.2053699], [-4.7361928, 43.2059504], [-4.7364659, 43.2069392], [-4.7357439, 43.2074976], [-4.7355647, 43.2090227], [-4.7329457, 43.2099992], [-4.7326881, 43.2117495], [-4.7310979, 43.2129894], [-4.7298315, 43.2134852], [-4.72955, 43.2157516], [-4.7277587, 43.2167852], [-4.7282724, 43.2175866], [-4.7283467, 43.2184507], [-4.7292685, 43.2196809], [-4.7294975, 43.2208108], [-4.7307121, 43.2224122], [-4.7307831, 43.2232059], [-4.7295598, 43.2243222], [-4.7276545, 43.2249573], [-4.7271469, 43.226095], [-4.7251704, 43.2267836], [-4.723269, 43.2285852], [-4.7210105, 43.2295085], [-4.7249189, 43.2370614], [-4.7245321, 43.2391981], [-4.7226021, 43.2405756], [-4.7227951, 43.2416191], [-4.725572, 43.2463491], [-4.7288239, 43.2490277], [-4.7292519, 43.2506809], [-4.7298952, 43.2516752], [-4.7301198, 43.2550536], [-4.7307586, 43.2559879], [-4.7309447, 43.2573358], [-4.7288027, 43.2560895], [-4.7257045, 43.2563164], [-4.7235094, 43.2571149], [-4.7233313, 43.2582251], [-4.7214886, 43.258415], [-4.7191434, 43.2595758], [-4.7116176, 43.2609674], [-4.7098669, 43.2622452], [-4.7062701, 43.2662519], [-4.7060409, 43.2668676], [-4.7048879, 43.265291], [-4.7001103, 43.2649659], [-4.698025, 43.2657443], [-4.696783, 43.2658348], [-4.6958279, 43.2656058], [-4.6933915, 43.2639491], [-4.6919108, 43.2647634], [-4.6898759, 43.2664773], [-4.6876263, 43.2662224], [-4.6861724, 43.2653344], [-4.6853132, 43.2654551], [-4.6841942, 43.2659848], [-4.6830072, 43.2676231], [-4.6811417, 43.2678937], [-4.6782668, 43.2677558], [-4.6777207, 43.268061], [-4.6756063, 43.2677949], [-4.6736084, 43.2672838], [-4.6720759, 43.2662167], [-4.6693746, 43.2652117], [-4.6599413, 43.2644936], [-4.6562007, 43.2655923], [-4.6537439, 43.265871], [-4.6510897, 43.2684216], [-4.6502503, 43.2688209], [-4.6465791, 43.2688558], [-4.6449901, 43.2684195], [-4.6318833, 43.2676528], [-4.6316492, 43.2681154], [-4.6319892, 43.2683897], [-4.6348829, 43.2687715], [-4.6353074, 43.2699], [-4.6362066, 43.2708056], [-4.6364029, 43.2726127], [-4.6370879, 43.2742598], [-4.6365859, 43.2757617], [-4.6345478, 43.2774297], [-4.6311928, 43.2777837], [-4.6308242, 43.2792117], [-4.6303934, 43.2796951], [-4.6267483, 43.281656], [-4.6259228, 43.2853685], [-4.6239072, 43.2883687], [-4.6227888, 43.2885433], [-4.6211518, 43.2878238], [-4.6198066, 43.2880576], [-4.6188853, 43.2891062], [-4.6185169, 43.2905521], [-4.6149616, 43.2912867], [-4.6140865, 43.2922265], [-4.612234, 43.2930271], [-4.611525, 43.2937214], [-4.6075954, 43.2952354], [-4.6066236, 43.2967168], [-4.6066518, 43.2973197], [-4.6075646, 43.2986331], [-4.6035326, 43.2982481], [-4.5995045, 43.2982967], [-4.599089, 43.2987125], [-4.598681, 43.2985775], [-4.5980059, 43.2982535], [-4.5979985, 43.2973627], [-4.5946272, 43.2962004], [-4.5909378, 43.2932352], [-4.5881739, 43.2926613], [-4.5870925, 43.2927934], [-4.584319, 43.2918504], [-4.5824206, 43.2918496], [-4.5815185, 43.2912858], [-4.5815072, 43.2903765], [-4.5802666, 43.2895923], [-4.5755541, 43.2899274], [-4.5732359, 43.2894191], [-4.5728951, 43.2900631], [-4.571579, 43.2911347], [-4.5713249, 43.2917955], [-4.5695141, 43.2918474], [-4.5683494, 43.291134], [-4.5624947, 43.2901966], [-4.5605542, 43.2895117], [-4.5583895, 43.2882536], [-4.5552424, 43.2880983], [-4.5540189, 43.2870074], [-4.5530249, 43.2866967], [-4.5516968, 43.2866931], [-4.5502688, 43.2857076], [-4.5504171, 43.285065], [-4.5520797, 43.2829727], [-4.5520612, 43.2817573], [-4.5528557, 43.2805309], [-4.5524619, 43.2771596], [-4.5531678, 43.2748719], [-4.5523681, 43.2739552], [-4.5529436, 43.2728399], [-4.5527852, 43.2719416], [-4.5477735, 43.2686868], [-4.5405868, 43.2695582], [-4.5377221, 43.2693266], [-4.5360065, 43.2701961], [-4.5342326, 43.2736506], [-4.5334422, 43.2740754], [-4.5326724, 43.2753194], [-4.531139, 43.275601], [-4.5308067, 43.2761097], [-4.529399, 43.2755073], [-4.5286735, 43.2760662], [-4.523513, 43.2781701], [-4.5224255, 43.27904], [-4.5217132, 43.2806253], [-4.5185712, 43.2940388], [-4.5191023, 43.3099247], [-4.5201697, 43.3146559], [-4.52703, 43.327612], [-4.5229807, 43.3333928], [-4.5223495, 43.3357784], [-4.5229994, 43.3380929], [-4.5366303, 43.3424578], [-4.5394565, 43.3439596], [-4.5380361, 43.3438977], [-4.5367894, 43.3443646], [-4.5364318, 43.3453509], [-4.5374472, 43.3464718], [-4.5374439, 43.3468321], [-4.536007, 43.348076], [-4.5357851, 43.3500419], [-4.5342597, 43.351206], [-4.53411, 43.3530989], [-4.5385932, 43.3552087], [-4.5388087, 43.3559262], [-4.5378123, 43.3570291], [-4.5357346, 43.3583177], [-4.5341038, 43.3587358], [-4.5308102, 43.3587889], [-4.5309984, 43.3608754], [-4.5338947, 43.3626825], [-4.5353527, 43.3647069], [-4.5348085, 43.3677787], [-4.5321794, 43.3678678], [-4.522822, 43.3660451], [-4.5209117, 43.3661515], [-4.5205613, 43.3664533], [-4.5212292, 43.367498], [-4.5223895, 43.3679958], [-4.52296, 43.3686005], [-4.5225482, 43.3699026], [-4.5171711, 43.376025], [-4.5163843, 43.3766477], [-4.5129735, 43.3779895], [-4.5112886, 43.3792364], [-4.5105944, 43.3806142], [-4.5106563, 43.3811176], [-4.5110629, 43.3830752], [-4.5118778, 43.3845682], [-4.511853, 43.3860543], [-4.5133742, 43.389974], [-4.5124017, 43.3933405], [-4.5117378, 43.3931703], [-4.511014, 43.3935024], [-4.5103301, 43.3932433], [-4.5095791, 43.39314], [-4.5093216, 43.3931556], [-4.508461, 43.3934086], [-4.5078275, 43.3940676], [-4.5075164, 43.3940209], [-4.5067358, 43.3942216], [-4.5061969, 43.3948571], [-4.5039116, 43.3947051], [-4.5019055, 43.3952527], [-4.5017231, 43.3951533], [-4.5011759, 43.3951338], [-4.4998419, 43.395838], [-4.5003168, 43.3959626], [-4.4997409, 43.3960738], [-4.4990703, 43.3959486], [-4.4987298, 43.3959817], [-4.4989971, 43.3960718], [-4.4975246, 43.396863], [-4.4977508, 43.3969854], [-4.4963149, 43.3971106], [-4.4966885, 43.3972953], [-4.4949021, 43.3969269], [-4.4955727, 43.3973265], [-4.4950309, 43.3973421], [-4.4953339, 43.3975895], [-4.4936844, 43.3969854], [-4.4921663, 43.3969289], [-4.4912786, 43.3971959], [-4.4901825, 43.3967133], [-4.4909487, 43.3961454], [-4.4906536, 43.3959525], [-4.4908521, 43.3957127], [-4.4893903, 43.3953678], [-4.4897932, 43.3947552], [-4.490616, 43.3943733], [-4.4903182, 43.3936736], [-4.4886071, 43.3937287], [-4.4883827, 43.3934059], [-4.4880948, 43.3934558], [-4.4881377, 43.3931829], [-4.4876335, 43.3929783], [-4.483602, 43.3934281], [-4.4828027, 43.3941375], [-4.4817567, 43.3942256], [-4.4816468, 43.3946213], [-4.480464, 43.3946369], [-4.4804103, 43.3949936], [-4.4801877, 43.3950891], [-4.4802789, 43.3951923], [-4.4801877, 43.3952196], [-4.4802521, 43.3952372], [-4.4800834, 43.3953522], [-4.4798032, 43.3949985], [-4.4785427, 43.3946943], [-4.4777568, 43.3948912], [-4.4779956, 43.3953258], [-4.4770058, 43.3955148], [-4.4763119, 43.3953093], [-4.4765767, 43.3949243], [-4.4761027, 43.3949195], [-4.4758175, 43.3944038], [-4.4734387, 43.3947346], [-4.4736111, 43.3944806], [-4.4724576, 43.3944337], [-4.4726604, 43.3939643], [-4.4741152, 43.3932588], [-4.4732617, 43.3928355], [-4.4738466, 43.3924353], [-4.4732847, 43.3926586], [-4.4729444, 43.3924657], [-4.4729766, 43.3922055], [-4.4735201, 43.3921141], [-4.4730114, 43.3920164], [-4.4727965, 43.3911246], [-4.4730308, 43.3909544], [-4.4725996, 43.3905788], [-4.473113, 43.390001], [-4.4725222, 43.3891363], [-4.4716962, 43.3891316], [-4.4704888, 43.3897106], [-4.4707816, 43.3901495], [-4.4704151, 43.3906261], [-4.4699804, 43.3905068], [-4.4694699, 43.3912985], [-4.4673993, 43.3918239], [-4.465636, 43.3917784], [-4.4658136, 43.3918907], [-4.4650341, 43.3925596], [-4.4642076, 43.3926002], [-4.4641179, 43.3921687], [-4.4633969, 43.3927131], [-4.4630148, 43.3920627], [-4.462931, 43.3926761], [-4.4624572, 43.3926414], [-4.4618301, 43.3924306], [-4.4607178, 43.3912533], [-4.4593623, 43.3911489], [-4.4586037, 43.3922559], [-4.4592558, 43.3939599], [-4.4585045, 43.3938664], [-4.4580054, 43.3931986], [-4.4571239, 43.3934806], [-4.4571348, 43.393789], [-4.4563706, 43.3934446], [-4.4553589, 43.3935363], [-4.4554684, 43.3932417], [-4.4550612, 43.3928379], [-4.4537126, 43.3921655], [-4.4535413, 43.3926119], [-4.4528962, 43.3927516], [-4.4537223, 43.3936981], [-4.4536143, 43.3941403], [-4.4532616, 43.394251], [-4.4536949, 43.3945375], [-4.4532572, 43.3945563], [-4.4536289, 43.3949566], [-4.4532053, 43.3949934], [-4.4530668, 43.3947011], [-4.4527664, 43.3946675], [-4.4527966, 43.3949338], [-4.4515212, 43.3951119], [-4.4509625, 43.3938576], [-4.4504185, 43.3938338], [-4.4507775, 43.3945274], [-4.4504354, 43.3950793], [-4.4505512, 43.3955357], [-4.4499822, 43.3949481], [-4.4498261, 43.3954413], [-4.4482144, 43.3957173], [-4.4480412, 43.3964153], [-4.4471277, 43.3956747], [-4.4462656, 43.3955884], [-4.4460608, 43.3951402], [-4.4456998, 43.3951407], [-4.4456227, 43.3962353], [-4.4450129, 43.3965192], [-4.4451224, 43.3968653], [-4.4435101, 43.397763], [-4.4429038, 43.3974026], [-4.4425738, 43.3976557], [-4.4425512, 43.3972705], [-4.4414144, 43.3970392], [-4.4409865, 43.3965843], [-4.4402141, 43.3966723], [-4.44039, 43.3955119], [-4.4401527, 43.3958691], [-4.4394329, 43.3958896], [-4.4398516, 43.3949253], [-4.4404203, 43.3947474], [-4.4400806, 43.3944474], [-4.4413247, 43.3942271], [-4.4413909, 43.3937053], [-4.4400237, 43.3940135], [-4.4397426, 43.3937122], [-4.4391409, 43.3937374], [-4.4391282, 43.3944879], [-4.4386683, 43.3950922], [-4.4374924, 43.3955063], [-4.4385764, 43.3963582], [-4.4375112, 43.3959846], [-4.4369407, 43.3960965], [-4.4369125, 43.3967894], [-4.4364538, 43.3971924], [-4.4357086, 43.3963825], [-4.4344275, 43.3959238], [-4.4342771, 43.394502], [-4.4334883, 43.3941671], [-4.4335045, 43.3937425], [-4.4324627, 43.3937577], [-4.4324371, 43.3941756], [-4.4316474, 43.3935257], [-4.4305013, 43.3942019], [-4.4318165, 43.3951859], [-4.4316272, 43.3955115], [-4.432209, 43.3962621], [-4.4312202, 43.3967207], [-4.4312289, 43.3970127], [-4.4278646, 43.3964119], [-4.4268603, 43.3966172], [-4.4269121, 43.3970993], [-4.4213799, 43.3973185], [-4.4202625, 43.3981117], [-4.419422, 43.3982711], [-4.4182243, 43.3980877], [-4.4151798, 43.398361], [-4.4113606, 43.3979232], [-4.4098977, 43.3973384], [-4.4055888, 43.3978891], [-4.4021411, 43.3974483], [-4.4010312, 43.397621], [-4.4005338, 43.3972964], [-4.3974514, 43.3969062], [-4.396703, 43.3966653], [-4.3959338, 43.3956494], [-4.3972463, 43.3940375], [-4.393106, 43.3946006], [-4.3922199, 43.3950224], [-4.3925389, 43.3946525], [-4.3913892, 43.3948607], [-4.3919635, 43.394252], [-4.3898137, 43.3945572], [-4.3908402, 43.3939825], [-4.3911152, 43.3934853], [-4.3909491, 43.3930814], [-4.3903134, 43.3931711], [-4.3904175, 43.3929377], [-4.3887609, 43.3930251], [-4.3851119, 43.3952699], [-4.3850765, 43.3935666], [-4.384811, 43.3935943], [-4.385885, 43.3925995], [-4.3852487, 43.3920248], [-4.3825333, 43.3913797], [-4.3782702, 43.3916085], [-4.3750563, 43.391911], [-4.3713655, 43.3929372], [-4.3643104, 43.3960869], [-4.3607313, 43.3984972], [-4.3585915, 43.399026], [-4.3556652, 43.4013661], [-4.3555582, 43.4022332], [-4.3564397, 43.4025746], [-4.3563328, 43.402981], [-4.3551693, 43.4028407], [-4.3541614, 43.403535], [-4.3502847, 43.4034363], [-4.3494524, 43.4040816], [-4.3489015, 43.4039899], [-4.3482757, 43.404827], [-4.3465519, 43.4054374], [-4.3449504, 43.4050738], [-4.342887, 43.4056806], [-4.3415021, 43.4053334], [-4.3408533, 43.405583], [-4.3409008, 43.4058763], [-4.3399027, 43.4058932], [-4.3384911, 43.4053372], [-4.3393037, 43.4041369], [-4.3389541, 43.4032144], [-4.3379894, 43.4024608], [-4.3370821, 43.4025627], [-4.3378181, 43.4016136], [-4.3371651, 43.4008747], [-4.3382186, 43.4000964], [-4.3385038, 43.3989226], [-4.338368, 43.3979807], [-4.3374385, 43.3964424], [-4.3341369, 43.3937168], [-4.3275701, 43.39125], [-4.3223647, 43.3907274], [-4.3171597, 43.3911114], [-4.3163608, 43.391337], [-4.3162516, 43.3922883], [-4.3159441, 43.392404], [-4.3147457, 43.3916073], [-4.314122, 43.391658], [-4.3144301, 43.3910647], [-4.313952, 43.3911473], [-4.3137022, 43.3905129], [-4.3131832, 43.3907057], [-4.3134191, 43.3903772], [-4.3130581, 43.390558], [-4.313285, 43.3900703], [-4.3129545, 43.389895], [-4.3125072, 43.3901519], [-4.3125227, 43.391095], [-4.3114436, 43.3923299], [-4.3107691, 43.3921186], [-4.3108978, 43.3914298], [-4.3091256, 43.3926805], [-4.308266, 43.39283], [-4.306476, 43.3922605], [-4.3061566, 43.3917933], [-4.3065326, 43.3916787], [-4.3063042, 43.3916169], [-4.3065835, 43.3911123], [-4.3061561, 43.3905928], [-4.3036147, 43.3910883], [-4.303289, 43.3908542], [-4.3021873, 43.3915858], [-4.3014645, 43.3907418], [-4.3009555, 43.3910204], [-4.2978688, 43.3906702], [-4.29757, 43.3909498], [-4.2960508, 43.390585], [-4.2957557, 43.3906227], [-4.2957184, 43.3913747], [-4.2955896, 43.390954], [-4.294748, 43.390935], [-4.2936958, 43.3915634], [-4.2930557, 43.3925546], [-4.2931879, 43.3939062], [-4.2927054, 43.3941433], [-4.291054, 43.3931807], [-4.2892801, 43.3935191], [-4.2879204, 43.3932153], [-4.2877874, 43.3930127], [-4.2883706, 43.3930081], [-4.2889539, 43.392269], [-4.2886922, 43.3931097], [-4.2891219, 43.3932222], [-4.2893818, 43.3929104], [-4.2895771, 43.3926172], [-4.2891296, 43.3925359], [-4.2898903, 43.3919659], [-4.2894846, 43.3911519], [-4.289804, 43.3907745], [-4.2875185, 43.3896743], [-4.2851797, 43.3891987], [-4.2841819, 43.3885359], [-4.2813373, 43.3883428], [-4.2813153, 43.3873168], [-4.2809663, 43.3872232], [-4.2794513, 43.3882545], [-4.2797319, 43.3885679], [-4.2791664, 43.3887971], [-4.2727286, 43.3896809], [-4.272462, 43.390166], [-4.2729391, 43.3907005], [-4.2722271, 43.3912075], [-4.272256, 43.392343], [-4.271943, 43.3929052], [-4.2721508, 43.3931487], [-4.2717319, 43.3933], [-4.2696486, 43.3935676], [-4.2681963, 43.3933192], [-4.264784, 43.391284], [-4.2645365, 43.3916833], [-4.2654235, 43.3935111], [-4.2648216, 43.3941792], [-4.2637152, 43.3938098], [-4.2629274, 43.3950475], [-4.2616372, 43.3957251], [-4.2585713, 43.3957406], [-4.2554684, 43.3970402], [-4.2536424, 43.3966982], [-4.252119, 43.3968269], [-4.2518858, 43.396675], [-4.2520391, 43.3964058], [-4.2527553, 43.3959775], [-4.2525086, 43.3958005], [-4.2486132, 43.395665], [-4.2476894, 43.3962264], [-4.2480793, 43.3962941], [-4.2464864, 43.3966085], [-4.2463523, 43.3970695], [-4.2469838, 43.3970145], [-4.2464063, 43.397323], [-4.2438569, 43.3974949], [-4.2439057, 43.3978711], [-4.242367, 43.3983887], [-4.2388505, 43.3987787], [-4.2388555, 43.3990357], [-4.2380489, 43.3987001], [-4.2368564, 43.3991219], [-4.2360405, 43.3990657], [-4.2340465, 43.399574], [-4.2332131, 43.4003254], [-4.227712, 43.39963], [-4.2246587, 43.3986229], [-4.2238518, 43.3975479], [-4.2231298, 43.3970388], [-4.2226909, 43.3970799], [-4.2226833, 43.3954481], [-4.2204065, 43.3950608], [-4.2189909, 43.3952948], [-4.216193, 43.3967676], [-4.2140489, 43.3986439], [-4.2126591, 43.3990285], [-4.2110508, 43.4003739], [-4.2099893, 43.4004009], [-4.2092496, 43.4010498], [-4.2066713, 43.4008361], [-4.2054005, 43.4001396], [-4.2002573, 43.398954], [-4.1989677, 43.3997659], [-4.199013, 43.4002505], [-4.1985803, 43.4006512], [-4.1945446, 43.4021198], [-4.1893346, 43.4027147], [-4.1864562, 43.4034521], [-4.1823631, 43.403618], [-4.1806911, 43.4054579], [-4.1769614, 43.4025055], [-4.1767467, 43.4018045], [-4.1759969, 43.4010322], [-4.1753763, 43.4008586], [-4.1746712, 43.4011138], [-4.1728895, 43.4031902], [-4.171881, 43.4037593], [-4.1718596, 43.4034475], [-4.1714304, 43.4034241], [-4.1708189, 43.4040321], [-4.170773, 43.403563], [-4.169019, 43.403838], [-4.1643601, 43.4068444], [-4.1594088, 43.4083681], [-4.1596609, 43.4085786], [-4.1593927, 43.4089254], [-4.1586802, 43.4091967], [-4.1583062, 43.4087183], [-4.1574769, 43.4088187], [-4.1561759, 43.4083816], [-4.153469, 43.40977], [-4.1530742, 43.4109061], [-4.1534894, 43.4111663], [-4.1517031, 43.4118717], [-4.1502197, 43.412049], [-4.1505001, 43.4112203], [-4.142918, 43.4135031], [-4.1428285, 43.4130614], [-4.1418967, 43.4133049], [-4.1411414, 43.4132431], [-4.1411709, 43.4130171], [-4.1395455, 43.4131152], [-4.1407761, 43.4121942], [-4.1394635, 43.4126761], [-4.1387748, 43.4134829], [-4.1371011, 43.4136057], [-4.1374567, 43.4131112], [-4.1370886, 43.4126536], [-4.1373151, 43.4124171], [-4.1365577, 43.4123785], [-4.1375048, 43.4117539], [-4.1346779, 43.4113914], [-4.1326271, 43.4130029], [-4.1335578, 43.4135953], [-4.1337423, 43.4141503], [-4.1331311, 43.4145164], [-4.132464, 43.414595], [-4.1321374, 43.4142861], [-4.1317184, 43.414492], [-4.1317615, 43.4141205], [-4.131133, 43.4145771], [-4.1294847, 43.4145314], [-4.1289543, 43.4149401], [-4.1274412, 43.4146348], [-4.1269339, 43.4150925], [-4.1256813, 43.4149951], [-4.1238819, 43.4162722], [-4.1222614, 43.4162586], [-4.1201646, 43.4173305], [-4.1176415, 43.4168688], [-4.1174221, 43.4173264], [-4.1163001, 43.4179155], [-4.1160721, 43.4177129], [-4.116433, 43.4173665], [-4.1155975, 43.4173558], [-4.1158736, 43.4175122], [-4.1155859, 43.4180298], [-4.1113698, 43.4189103], [-4.1121964, 43.4195785], [-4.1129657, 43.4195694], [-4.1120597, 43.4200927], [-4.1067509, 43.4213265], [-4.1075083, 43.4214756], [-4.1058236, 43.422216], [-4.1064961, 43.4227352], [-4.1059439, 43.4231979], [-4.1052007, 43.4230745], [-4.104755, 43.4235618], [-4.1032698, 43.4237614], [-4.103097, 43.4239186], [-4.1035081, 43.4239865], [-4.1030154, 43.4243671], [-4.1016426, 43.4244432], [-4.1013275, 43.4246922], [-4.1015859, 43.4250625], [-4.1007161, 43.425729], [-4.1000936, 43.4258299], [-4.0988298, 43.4253745], [-4.0986516, 43.4251136], [-4.0990211, 43.4247214], [-4.098357, 43.4242273], [-4.097847, 43.4256495], [-4.0982305, 43.4262959], [-4.0961841, 43.4267297], [-4.0954984, 43.426516], [-4.0938375, 43.4276311], [-4.093854, 43.428513], [-4.0950229, 43.4294097], [-4.0940343, 43.4317552], [-4.0934124, 43.4317703], [-4.0934843, 43.4322507], [-4.092983, 43.4320836], [-4.093048, 43.4328239], [-4.0922822, 43.4331371], [-4.0920386, 43.4327241], [-4.090623, 43.4327728], [-4.0904048, 43.4331557], [-4.087779, 43.4342344], [-4.08597, 43.4357377], [-4.0842715, 43.4365438], [-4.0841233, 43.436368], [-4.0838343, 43.4368691], [-4.081341, 43.4382634], [-4.0806406, 43.4381632], [-4.0809567, 43.436833], [-4.0821496, 43.4344827], [-4.0819651, 43.4337863], [-4.0811005, 43.4329739], [-4.0796398, 43.4329445], [-4.0795396, 43.4325548], [-4.0786769, 43.4321191], [-4.0787344, 43.4318427], [-4.0774146, 43.4307706], [-4.0771853, 43.4309649], [-4.0748378, 43.4305552], [-4.0741472, 43.4314538], [-4.0731038, 43.431593], [-4.0725816, 43.4313362], [-4.0720024, 43.431832], [-4.0703671, 43.4320831], [-4.0699702, 43.4316694], [-4.0673051, 43.4320288], [-4.0656534, 43.4317757], [-4.0618727, 43.4329723], [-4.0584401, 43.433062], [-4.0524013, 43.436527], [-4.0482097, 43.4369806], [-4.0465468, 43.4390139], [-4.046394, 43.4400767], [-4.0467276, 43.440635], [-4.0475631, 43.4406012], [-4.0484794, 43.4410784], [-4.0478899, 43.4412636], [-4.0486286, 43.4416988], [-4.0488548, 43.4422359], [-4.0480999, 43.4431488], [-4.0483497, 43.4434843], [-4.0469768, 43.4430568], [-4.0471233, 43.4436941], [-4.0477151, 43.4438452], [-4.0461303, 43.4441208], [-4.0461632, 43.4443487], [-4.0473866, 43.4445768], [-4.046196, 43.4450511], [-4.0453981, 43.4447], [-4.045747, 43.4443461], [-4.0451483, 43.4435748], [-4.0443167, 43.4432885], [-4.0447668, 43.4426805], [-4.0440128, 43.4427049], [-4.0437871, 43.4422226], [-4.0436952, 43.4425316], [-4.0427002, 43.4423879], [-4.0419541, 43.4419292], [-4.0421707, 43.4416528], [-4.0417391, 43.4408426], [-4.0437661, 43.4396608], [-4.0440535, 43.437752], [-4.0445566, 43.4374955], [-4.0437326, 43.4364919], [-4.0423402, 43.435811], [-4.0383679, 43.4348122], [-4.0362077, 43.4349249], [-4.0363943, 43.4354741], [-4.0360777, 43.4347768], [-4.0341293, 43.4350588], [-4.0348026, 43.4368691], [-4.036298, 43.4391405], [-4.0347363, 43.4368742], [-4.0340904, 43.435142], [-4.0329031, 43.4352604], [-4.0312291, 43.4360923], [-4.0307266, 43.4371109], [-4.031204, 43.4378805], [-4.0319542, 43.4375795], [-4.0319421, 43.4380647], [-4.0326292, 43.4381327], [-4.0326629, 43.4385877], [-4.033168, 43.4390389], [-4.0338836, 43.438772], [-4.0342645, 43.4391907], [-4.0330999, 43.4393631], [-4.0333457, 43.4394431], [-4.0332891, 43.4400678], [-4.034072, 43.4404024], [-4.033084, 43.440818], [-4.0321909, 43.4403273], [-4.0304296, 43.4409678], [-4.0257058, 43.4408422], [-4.0236421, 43.4413381], [-4.0235135, 43.4414931], [-4.024245, 43.4415786], [-4.0235507, 43.4417085], [-4.0230527, 43.443333], [-4.0243763, 43.4435472], [-4.0241986, 43.4439716], [-4.0246356, 43.4444939], [-4.0225631, 43.4442419], [-4.0217666, 43.44561], [-4.0198035, 43.4469203], [-4.0198871, 43.4473162], [-4.0205956, 43.4477895], [-4.021348, 43.447799], [-4.0221422, 43.4483963], [-4.0219153, 43.4488635], [-4.0211755, 43.4489751], [-4.018754, 43.4478497], [-4.0141558, 43.4479311], [-4.0121868, 43.4463636], [-4.0104981, 43.445919], [-4.0097004, 43.4449869], [-4.008829, 43.4449586], [-4.0090683, 43.4446024], [-4.0080553, 43.4436655], [-4.0061704, 43.4432548], [-4.0047716, 43.4419788], [-4.0041386, 43.4425762], [-4.0034955, 43.4416467], [-4.0028573, 43.4417357], [-4.0025208, 43.441157], [-4.0026655, 43.4402659], [-4.0010672, 43.4396258], [-3.9988963, 43.4397375], [-3.998816, 43.4402694], [-3.9981969, 43.440676], [-3.9978008, 43.4406035], [-3.9936996, 43.4426222], [-3.9908512, 43.4432251], [-3.9896704, 43.4440468], [-3.9876203, 43.4446632], [-3.9867958, 43.445756], [-3.9852796, 43.4458283], [-3.9850237, 43.4462872], [-3.9843388, 43.4446489], [-3.9839157, 43.444952], [-3.9839524, 43.4438475], [-3.9818838, 43.4435136], [-3.9821752, 43.441809], [-3.9810226, 43.4414997], [-3.9750548, 43.4456154], [-3.9697184, 43.4482922], [-3.9691224, 43.4489686], [-3.9677064, 43.4497395], [-3.967291, 43.4504772], [-3.9657424, 43.4508987], [-3.9651446, 43.4514984], [-3.9651801, 43.4522587], [-3.9647735, 43.4521398], [-3.9615815, 43.4532558], [-3.9576174, 43.4553998], [-3.9551559, 43.4578601], [-3.955082, 43.4583308], [-3.9546121, 43.4583801], [-3.9541579, 43.4594133], [-3.9525113, 43.4606684], [-3.9519747, 43.4616925], [-3.9514873, 43.4615909], [-3.9516188, 43.4621], [-3.9510418, 43.4620085], [-3.9513027, 43.4621721], [-3.9503696, 43.4627307], [-3.9514074, 43.4631762], [-3.95107, 43.4638831], [-3.9504133, 43.4638848], [-3.9494252, 43.4644294], [-3.948133, 43.4657908], [-3.9464518, 43.4667175], [-3.9468432, 43.4667547], [-3.9460676, 43.4679463], [-3.9450535, 43.4687901], [-3.9451651, 43.4690735], [-3.9454827, 43.4694308], [-3.9461356, 43.4694191], [-3.948074, 43.4685828], [-3.948148, 43.4693223], [-3.9473244, 43.4696794], [-3.9465724, 43.4695227], [-3.9468168, 43.4698933], [-3.9456861, 43.4703743], [-3.9446986, 43.4702285], [-3.9448434, 43.4707674], [-3.9453407, 43.4708051], [-3.945448, 43.4711722], [-3.9445975, 43.4711889], [-3.9445583, 43.470819], [-3.9434419, 43.4705584], [-3.943247, 43.4702067], [-3.9437051, 43.4698644], [-3.9431474, 43.4693729], [-3.9362927, 43.4700472], [-3.936317, 43.4691702], [-3.9359563, 43.4686011], [-3.9354204, 43.4685359], [-3.9355216, 43.4682424], [-3.9344917, 43.4680628], [-3.9336067, 43.4683007], [-3.9332714, 43.4678536], [-3.9323949, 43.468194], [-3.9328479, 43.4682748], [-3.9328202, 43.4686204], [-3.9304315, 43.4695219], [-3.9309602, 43.4706459], [-3.9326189, 43.4708371], [-3.9323586, 43.471194], [-3.9307995, 43.4714791], [-3.9304472, 43.4711979], [-3.9295816, 43.4712569], [-3.9296737, 43.4709854], [-3.928644, 43.4711014], [-3.9290599, 43.4711547], [-3.9279091, 43.4715275], [-3.9279563, 43.4718468], [-3.9271913, 43.4720438], [-3.927017, 43.471832], [-3.9267437, 43.4721173], [-3.9264375, 43.4717585], [-3.9262762, 43.4722937], [-3.9229131, 43.4733862], [-3.9206285, 43.4736861], [-3.9204692, 43.4735017], [-3.9209381, 43.4732852], [-3.920771, 43.4731585], [-3.9174318, 43.4742516], [-3.9177854, 43.4744592], [-3.9173535, 43.4748642], [-3.9146828, 43.4758131], [-3.9145819, 43.4756095], [-3.9157785, 43.4747949], [-3.9149899, 43.4737622], [-3.9142405, 43.4736375], [-3.9116006, 43.474276], [-3.9117555, 43.4729314], [-3.9107875, 43.472732], [-3.9092174, 43.4732011], [-3.9082924, 43.4746955], [-3.9071983, 43.4743294], [-3.9053924, 43.4749813], [-3.905891, 43.4745062], [-3.9047677, 43.4743459], [-3.9042319, 43.4745713], [-3.9043511, 43.4742497], [-3.9039717, 43.4742959], [-3.897091, 43.4766757], [-3.8954906, 43.4768289], [-3.8962684, 43.4763463], [-3.8926371, 43.4771432], [-3.8920615, 43.47694], [-3.8916183, 43.4762641], [-3.8919344, 43.4756847], [-3.8914485, 43.4756345], [-3.8920427, 43.4753058], [-3.891043, 43.4752761], [-3.8926999, 43.4745107], [-3.8922533, 43.4741731], [-3.8925281, 43.4738141], [-3.8923739, 43.473452], [-3.8906385, 43.473281], [-3.8914754, 43.4727284], [-3.8911438, 43.4720698], [-3.890526, 43.4728187], [-3.8897922, 43.4729596], [-3.8896312, 43.4735387], [-3.8890083, 43.4740003], [-3.8879612, 43.4742982], [-3.8870582, 43.4751269], [-3.8858924, 43.475456], [-3.8849084, 43.4762193], [-3.8820174, 43.4750634], [-3.8832822, 43.4760137], [-3.8823822, 43.4765597], [-3.8812848, 43.4763404], [-3.8813544, 43.4768756], [-3.8803372, 43.4772418], [-3.8783305, 43.4769958], [-3.8762634, 43.4771996], [-3.8769311, 43.4766248], [-3.8768172, 43.4762466], [-3.8755502, 43.4770469], [-3.8727722, 43.4772277], [-3.8725454, 43.4771052], [-3.8727709, 43.4767055], [-3.8699232, 43.4768712], [-3.8694868, 43.4766198], [-3.8667291, 43.477386], [-3.8666437, 43.4769918], [-3.8656191, 43.477091], [-3.8654944, 43.4768225], [-3.8663059, 43.4758257], [-3.8647118, 43.4761426], [-3.8642997, 43.4758334], [-3.8630326, 43.475951], [-3.8620901, 43.4756524], [-3.85956, 43.4769693], [-3.8580093, 43.4770305], [-3.8560619, 43.4778915], [-3.8557155, 43.4777708], [-3.8531835, 43.4791414], [-3.8528595, 43.4788475], [-3.8514778, 43.4796108], [-3.8507991, 43.4793742], [-3.8482482, 43.4810098], [-3.8467597, 43.4813449], [-3.8456304, 43.4824878], [-3.8456455, 43.4828828], [-3.8461333, 43.483187], [-3.8457956, 43.4836811], [-3.8425586, 43.4839326], [-3.842017, 43.4836235], [-3.8407357, 43.4814872], [-3.8404656, 43.4817493], [-3.8401829, 43.4814871], [-3.8401887, 43.4810628], [-3.8391824, 43.4809164], [-3.8387401, 43.4812137], [-3.8384069, 43.4809982], [-3.8383134, 43.4804406], [-3.8390107, 43.4797101], [-3.8388686, 43.4791671], [-3.8376851, 43.4798349], [-3.8392146, 43.4784879], [-3.8405321, 43.4779651], [-3.8409433, 43.4770776], [-3.840229, 43.476994], [-3.8353224, 43.480836], [-3.8354273, 43.4812827], [-3.8362961, 43.4813199], [-3.8365538, 43.4817342], [-3.8374979, 43.4820378], [-3.8372812, 43.4824103], [-3.836307, 43.482754], [-3.8357623, 43.4821295], [-3.8349298, 43.4818011], [-3.8332114, 43.4834711], [-3.8323327, 43.483735], [-3.833249, 43.4840403], [-3.8336933, 43.4848775], [-3.8333534, 43.4852879], [-3.8325459, 43.485417], [-3.8322057, 43.4861978], [-3.8292248, 43.4877328], [-3.8288952, 43.4871409], [-3.828103, 43.4872697], [-3.8282002, 43.4869658], [-3.8276604, 43.4873495], [-3.8276148, 43.486933], [-3.8262415, 43.4880895], [-3.8261718, 43.4884592], [-3.8265814, 43.4885938], [-3.8267361, 43.4890564], [-3.8264907, 43.4899271], [-3.8260101, 43.490391], [-3.8237804, 43.490883], [-3.8238916, 43.4904903], [-3.8235763, 43.4902681], [-3.8221072, 43.4903587], [-3.8215262, 43.4909082], [-3.8198338, 43.4904907], [-3.81975, 43.4912303], [-3.8202896, 43.4915794], [-3.8183762, 43.493022], [-3.8164347, 43.4930427], [-3.8159851, 43.4933109], [-3.815999, 43.4930694], [-3.8149125, 43.4929034], [-3.8141636, 43.4932639], [-3.8135051, 43.4931609], [-3.8132689, 43.493835], [-3.8120092, 43.494203], [-3.8117388, 43.4948754], [-3.8105792, 43.494489], [-3.810884, 43.4939503], [-3.8101614, 43.494315], [-3.8094134, 43.4941812], [-3.8093022, 43.4938683], [-3.8086109, 43.4943229], [-3.8068039, 43.4932084], [-3.8058628, 43.49361], [-3.8058117, 43.4932439], [-3.8032732, 43.4928973], [-3.8026517, 43.4926586], [-3.8026385, 43.4921319], [-3.8023594, 43.4919952], [-3.8017737, 43.4923901], [-3.8007093, 43.4918691], [-3.7998131, 43.4923081], [-3.7996213, 43.4919892], [-3.7975812, 43.4924202], [-3.797039, 43.4921141], [-3.7962923, 43.4923174], [-3.7964785, 43.4925844], [-3.7957319, 43.4925912], [-3.7955057, 43.4925026], [-3.7958452, 43.4916812], [-3.7951847, 43.4917291], [-3.7946305, 43.4923229], [-3.7943392, 43.4922799], [-3.7943012, 43.4919132], [-3.7937161, 43.4918731], [-3.7930672, 43.4922775], [-3.7931403, 43.491723], [-3.7924048, 43.4920465], [-3.7920384, 43.4911615], [-3.7913033, 43.4915554], [-3.7907408, 43.4910359], [-3.7903128, 43.491215], [-3.7904846, 43.4906966], [-3.7884552, 43.4914037], [-3.7880382, 43.4911573], [-3.7867223, 43.4915981], [-3.7863162, 43.4913341], [-3.7851846, 43.4917748], [-3.7853374, 43.491551], [-3.7850558, 43.4915993], [-3.7865171, 43.489946], [-3.7855577, 43.4900501], [-3.7863187, 43.4887606], [-3.7848807, 43.4889923], [-3.7878784, 43.4866718], [-3.7873126, 43.4855471], [-3.7853081, 43.4862393], [-3.7856844, 43.4860121], [-3.7843721, 43.4861881], [-3.7845567, 43.4859094], [-3.7815398, 43.486397], [-3.7817309, 43.4862654], [-3.7811671, 43.4863627], [-3.7813284, 43.4862246], [-3.7807806, 43.4862041], [-3.7806388, 43.4858669], [-3.7801817, 43.4860517], [-3.7801683, 43.4854893], [-3.7787813, 43.4858801], [-3.7785684, 43.4858563], [-3.7791356, 43.4854725], [-3.7783669, 43.4856055], [-3.7826953, 43.4839086], [-3.7848086, 43.4838594], [-3.7847713, 43.483009], [-3.7865476, 43.4817961], [-3.7864512, 43.4812337], [-3.788262, 43.4801723], [-3.7878556, 43.4799826], [-3.786021, 43.4769464], [-3.7836714, 43.4745951], [-3.7808052, 43.4726258], [-3.7790151, 43.4718312], [-3.7776111, 43.4719759], [-3.7779422, 43.4716754], [-3.7768478, 43.4704842], [-3.7763329, 43.4708735], [-3.7757964, 43.4708423], [-3.7761229, 43.4701912], [-3.7751371, 43.4693596], [-3.7742811, 43.4691306], [-3.7738299, 43.4695389], [-3.7731714, 43.4695523], [-3.7726622, 43.4704847], [-3.7711224, 43.4712758], [-3.768991, 43.47124], [-3.7686938, 43.4715588], [-3.7682517, 43.4713511], [-3.7689047, 43.4712857], [-3.7686091, 43.4711317], [-3.7665648, 43.4711776], [-3.7662932, 43.4710207], [-3.7665462, 43.4707463], [-3.7661681, 43.4705219], [-3.7662964, 43.4699592], [-3.7651705, 43.4699972], [-3.763966, 43.4688358], [-3.7642949, 43.4684046], [-3.7638651, 43.4683916], [-3.7635937, 43.4681525], [-3.7638171, 43.4679668], [-3.7635611, 43.4681434], [-3.7634213, 43.4678501], [-3.7640469, 43.4672348], [-3.7632476, 43.4672063], [-3.764806, 43.4661387], [-3.7661228, 43.4660417], [-3.7664284, 43.4661029], [-3.7659599, 43.4663794], [-3.7670465, 43.4669366], [-3.7699661, 43.4678976], [-3.7723077, 43.4677571], [-3.7741987, 43.4668014], [-3.7750429, 43.4670143], [-3.776653, 43.4666724], [-3.7804934, 43.4640068], [-3.7821248, 43.4635501], [-3.7822722, 43.4632643], [-3.7856509, 43.4626809], [-3.7858412, 43.4621724], [-3.7870725, 43.4617746], [-3.7884672, 43.4619835], [-3.7883207, 43.4615871], [-3.7895243, 43.461628], [-3.7891445, 43.4614357], [-3.7894631, 43.4613549], [-3.7912116, 43.4613717], [-3.791171, 43.4622746], [-3.791972, 43.4625169], [-3.79554, 43.462792], [-3.7968602, 43.4623854], [-3.7969054, 43.4620005], [-3.7923398, 43.4614818], [-3.7970914, 43.4618626], [-3.7966981, 43.4615422], [-3.7981378, 43.4619282], [-3.8017749, 43.4614967], [-3.8013381, 43.4613433], [-3.8030304, 43.4609984], [-3.8026903, 43.4608926], [-3.8091609, 43.4565109], [-3.8123935, 43.4530213], [-3.8119295, 43.4527962], [-3.8121056, 43.4524889], [-3.8124819, 43.452618], [-3.8143504, 43.4495002], [-3.8209925, 43.4497356], [-3.8220041, 43.4516231], [-3.8190006, 43.4523304], [-3.8195173, 43.4533624], [-3.825358, 43.4516975], [-3.8237614, 43.4485974], [-3.8183525, 43.4479339], [-3.8185444, 43.4483192], [-3.8144335, 43.4480241], [-3.8148598, 43.4448388], [-3.8244216, 43.4455193], [-3.8275119, 43.4440362], [-3.8277127, 43.4425121], [-3.8173188, 43.4418014], [-3.81735, 43.44159], [-3.8156691, 43.4417655], [-3.8155725, 43.4403751], [-3.8145788, 43.440243], [-3.8146122, 43.4399951], [-3.8152589, 43.4401444], [-3.8155488, 43.4399059], [-3.8153858, 43.4370429], [-3.8233046, 43.4376303], [-3.8255851, 43.4376109], [-3.8263692, 43.4372972], [-3.8274686, 43.4375727], [-3.8288593, 43.4362404], [-3.8291824, 43.4362894], [-3.8307037, 43.4351006], [-3.829958, 43.4348013], [-3.8301561, 43.4346744], [-3.8274778, 43.4324682], [-3.8189288, 43.4320806], [-3.8142972, 43.4304639], [-3.8124895, 43.4316836], [-3.8117522, 43.4317007], [-3.8109821, 43.4312573], [-3.8123141, 43.4316413], [-3.8142076, 43.4304004], [-3.8140072, 43.4285547], [-3.8063332, 43.4267413], [-3.8050737, 43.4287177], [-3.8097776, 43.4300243], [-3.8102699, 43.4294305], [-3.810878, 43.4296986], [-3.8090624, 43.430718], [-3.806583, 43.4305718], [-3.8053984, 43.4299421], [-3.8046307, 43.429083], [-3.8039412, 43.4262666], [-3.8042894, 43.4247936], [-3.8057767, 43.4218277], [-3.8080374, 43.4213718], [-3.8088368, 43.4207006], [-3.8099241, 43.4214601], [-3.8104454, 43.4210434], [-3.8092257, 43.4202245], [-3.8138338, 43.4162365], [-3.8144099, 43.4163099], [-3.8141468, 43.4159468], [-3.8146124, 43.4161432], [-3.8142838, 43.4154247], [-3.8165863, 43.4146255], [-3.817231, 43.4138582], [-3.8197969, 43.414225], [-3.8202441, 43.4146268], [-3.8218898, 43.4140143], [-3.8215992, 43.4136943], [-3.8223455, 43.4136366], [-3.8227551, 43.4139596], [-3.8258246, 43.4135383], [-3.8271199, 43.4129182], [-3.8281064, 43.4118851], [-3.8284991, 43.4109762], [-3.828943, 43.4081181], [-3.8275126, 43.4074154], [-3.8265729, 43.408332], [-3.8257457, 43.4103386], [-3.8231021, 43.4119048], [-3.8218388, 43.4122839], [-3.8212412, 43.4120712], [-3.8203586, 43.4088008], [-3.8191707, 43.4067926], [-3.8194137, 43.406472], [-3.8185549, 43.406099], [-3.8173523, 43.4074692], [-3.818288, 43.4061753], [-3.8175843, 43.4058716], [-3.8168936, 43.4061073], [-3.8167631, 43.4057898], [-3.8175883, 43.4058022], [-3.8182704, 43.4052116], [-3.8166182, 43.405449], [-3.8184777, 43.4048745], [-3.8183262, 43.4046045], [-3.8170551, 43.4049539], [-3.8166073, 43.4043284], [-3.8170871, 43.404182], [-3.816967, 43.4039796], [-3.8164931, 43.4040458], [-3.8160868, 43.4034102], [-3.8166675, 43.4030834], [-3.8160356, 43.403278], [-3.8159006, 43.4030136], [-3.8164458, 43.4026572], [-3.815751, 43.4024155], [-3.8154798, 43.402783], [-3.8157489, 43.4023259], [-3.8161193, 43.4023217], [-3.8160764, 43.4013562], [-3.8150331, 43.3993919], [-3.8138552, 43.3992063], [-3.8133589, 43.3978387], [-3.8134427, 43.3971961], [-3.8097574, 43.3947411], [-3.8072202, 43.3946906], [-3.8047916, 43.3951768], [-3.8026339, 43.3974694], [-3.8019366, 43.3971767], [-3.7992619, 43.3984922], [-3.7885223, 43.3986424], [-3.7886409, 43.4001391], [-3.792506, 43.4000419], [-3.7939291, 43.4002531], [-3.7961032, 43.4011392], [-3.7973163, 43.4011135], [-3.8003246, 43.4005566], [-3.8019371, 43.3997995], [-3.8051276, 43.396759], [-3.8066183, 43.3963697], [-3.8081479, 43.3964968], [-3.8100813, 43.3977077], [-3.8115628, 43.4001399], [-3.8120552, 43.3998488], [-3.8117885, 43.4006952], [-3.8133961, 43.4027409], [-3.8135091, 43.403338], [-3.8138527, 43.4033018], [-3.8135109, 43.4034139], [-3.8134003, 43.4038878], [-3.8137569, 43.4042096], [-3.8133691, 43.4042419], [-3.8138332, 43.4044745], [-3.8125091, 43.4048354], [-3.8089581, 43.4081156], [-3.8089049, 43.4089732], [-3.8092535, 43.4095755], [-3.808243, 43.4102771], [-3.807658, 43.412222], [-3.8064192, 43.4127322], [-3.8062644, 43.4136697], [-3.8061854, 43.4129493], [-3.8052436, 43.4134163], [-3.8039628, 43.4132025], [-3.8038066, 43.4137305], [-3.8061837, 43.4141944], [-3.8075827, 43.4156164], [-3.8073754, 43.4167954], [-3.8069139, 43.4171228], [-3.8071057, 43.4174616], [-3.8067975, 43.4171292], [-3.8047803, 43.4166119], [-3.8030795, 43.4156308], [-3.8027198, 43.4151237], [-3.8002483, 43.414702], [-3.7995028, 43.4149022], [-3.7992469, 43.4142382], [-3.7978603, 43.4145033], [-3.7946123, 43.4161146], [-3.7944406, 43.4163862], [-3.7948809, 43.4164763], [-3.7939066, 43.4171363], [-3.7937451, 43.4176542], [-3.7918534, 43.4181837], [-3.7924363, 43.4198026], [-3.7915927, 43.4182508], [-3.7874655, 43.4198624], [-3.7876059, 43.4202152], [-3.7864125, 43.4192241], [-3.7841237, 43.4196958], [-3.7825735, 43.4215436], [-3.7807087, 43.4207528], [-3.7792528, 43.4208104], [-3.778748, 43.422431], [-3.7794024, 43.4242095], [-3.7804959, 43.4247063], [-3.782127, 43.4248396], [-3.7844563, 43.4255454], [-3.7851497, 43.4267618], [-3.7856628, 43.426715], [-3.7899894, 43.4297586], [-3.7904833, 43.4302713], [-3.7904749, 43.4315801], [-3.7912014, 43.4323186], [-3.789258, 43.431982], [-3.7861476, 43.4320761], [-3.784592, 43.4316915], [-3.7839353, 43.4321065], [-3.784138, 43.4322378], [-3.7805692, 43.4334418], [-3.779258, 43.434745], [-3.7777851, 43.4374982], [-3.7769374, 43.4373281], [-3.7761674, 43.4381424], [-3.7744882, 43.4388108], [-3.7735379, 43.4396034], [-3.7726032, 43.4409551], [-3.7727071, 43.4424133], [-3.7724202, 43.4434254], [-3.7712101, 43.4439484], [-3.770592, 43.445582], [-3.7714905, 43.4466395], [-3.7716323, 43.4477491], [-3.7723098, 43.4484822], [-3.7743913, 43.4483246], [-3.7757332, 43.4489172], [-3.7761053, 43.4494087], [-3.7751859, 43.4487604], [-3.7740168, 43.4484432], [-3.7724551, 43.4488994], [-3.771818, 43.4484402], [-3.7711952, 43.4486011], [-3.7712364, 43.4489014], [-3.7721159, 43.4488796], [-3.7707242, 43.4489988], [-3.7711689, 43.448912], [-3.7711237, 43.4486545], [-3.7703796, 43.4486781], [-3.7696091, 43.4487932], [-3.7696764, 43.4490726], [-3.7704361, 43.449026], [-3.7694518, 43.449101], [-3.7692427, 43.4490104], [-3.7691923, 43.4490655], [-3.7683233, 43.4486973], [-3.7688336, 43.4488443], [-3.7690388, 43.4485411], [-3.7664132, 43.447189], [-3.7666602, 43.4470371], [-3.7659547, 43.4464109], [-3.7655014, 43.4466189], [-3.7652328, 43.4462859], [-3.7639486, 43.4468767], [-3.7642612, 43.4472807], [-3.7657386, 43.447125], [-3.7660984, 43.4472714], [-3.7641383, 43.4473117], [-3.7637469, 43.4468148], [-3.7600099, 43.4482534], [-3.7565414, 43.448019], [-3.7459383, 43.4512627], [-3.7462624, 43.4518951], [-3.7467451, 43.4518222], [-3.7512058, 43.450456], [-3.7519532, 43.4513477], [-3.7509951, 43.4515922], [-3.7500689, 43.4512207], [-3.7512104, 43.4511106], [-3.7513626, 43.4509659], [-3.750978, 43.4506764], [-3.7492696, 43.4510742], [-3.7481992, 43.4516323], [-3.7491729, 43.4515797], [-3.7493003, 43.4520665], [-3.7496731, 43.451901], [-3.7498033, 43.4521887], [-3.7477152, 43.4526025], [-3.7492713, 43.4535598], [-3.7508746, 43.4540117], [-3.7518295, 43.4540896], [-3.7522068, 43.453759], [-3.7520641, 43.4533856], [-3.753012, 43.4530441], [-3.7545028, 43.4539045], [-3.7586054, 43.4543422], [-3.7634119, 43.4557149], [-3.7655009, 43.4558697], [-3.7694717, 43.4574361], [-3.7717434, 43.4574911], [-3.7738659, 43.4579648], [-3.7745968, 43.4578011], [-3.775537, 43.4569795], [-3.7764063, 43.4569329], [-3.777631, 43.4575564], [-3.7772104, 43.4582072], [-3.7752269, 43.4587718], [-3.7706276, 43.458717], [-3.7631666, 43.4568237], [-3.7590223, 43.4561625], [-3.754712, 43.4559879], [-3.7395912, 43.4574722], [-3.7341059, 43.4586451], [-3.731349, 43.4597867], [-3.7276191, 43.4626506], [-3.7261272, 43.4649728], [-3.726332, 43.4670928], [-3.7266024, 43.467365], [-3.7258063, 43.4682842], [-3.7269815, 43.4701478], [-3.7236661, 43.4726405], [-3.7242861, 43.4724518], [-3.7239676, 43.4727395], [-3.7242664, 43.4728342], [-3.7240466, 43.4731396], [-3.7235744, 43.4734278], [-3.7230041, 43.4736324], [-3.7234172, 43.4731135], [-3.7231481, 43.4730142], [-3.7192124, 43.4746523], [-3.7203785, 43.4737841], [-3.7200761, 43.4738311], [-3.7171446, 43.474984], [-3.716682, 43.4756269], [-3.7145305, 43.476432], [-3.7143201, 43.4764154], [-3.7152838, 43.4758267], [-3.7140772, 43.4757325], [-3.7088902, 43.4778509], [-3.7071725, 43.4780796], [-3.7060009, 43.4789581], [-3.7140006, 43.4763929], [-3.7056887, 43.4795939], [-3.706055, 43.4791274], [-3.7020888, 43.4796002], [-3.7002237, 43.4789334], [-3.6980634, 43.4793385], [-3.6975358, 43.4790911], [-3.6947365, 43.4800412], [-3.6944428, 43.4793137], [-3.6953127, 43.4786744], [-3.6959799, 43.4773504], [-3.6951169, 43.4767883], [-3.6941728, 43.4767883], [-3.6928853, 43.4755582], [-3.6916622, 43.4749821], [-3.6904391, 43.4748575], [-3.6882719, 43.4749042], [-3.6862549, 43.4756205], [-3.6853397, 43.4765723], [-3.6854323, 43.4769102], [-3.6847655, 43.4777756], [-3.6838458, 43.4782579], [-3.6819949, 43.4777867], [-3.6806701, 43.4780165], [-3.6805542, 43.4786697], [-3.679329, 43.4801107], [-3.6792653, 43.4808648], [-3.6789841, 43.4810246], [-3.6771552, 43.4805762], [-3.6757002, 43.4792882], [-3.6751339, 43.4794634], [-3.6734232, 43.4790616], [-3.6722428, 43.4797537], [-3.6701626, 43.4793002], [-3.6700306, 43.4794778], [-3.6716909, 43.4803511], [-3.6739031, 43.4797609], [-3.6743158, 43.4801304], [-3.6739991, 43.4804879], [-3.6752947, 43.4806966], [-3.6751843, 43.4811597], [-3.676731, 43.4819616], [-3.6756399, 43.4823555], [-3.6750804, 43.4832573], [-3.67525, 43.4834643], [-3.6745546, 43.4834348], [-3.6733552, 43.4852634], [-3.6699481, 43.4857916], [-3.6702715, 43.4861904], [-3.6701414, 43.4867314], [-3.6695926, 43.4860799], [-3.6691111, 43.4861567], [-3.6682476, 43.4869072], [-3.666101, 43.4873808], [-3.6657001, 43.4880386], [-3.6649052, 43.4882972], [-3.6646946, 43.4888251], [-3.6644365, 43.4886285], [-3.6633717, 43.4888625], [-3.6626565, 43.489614], [-3.6609692, 43.49049], [-3.6582193, 43.4900871], [-3.6567126, 43.4905164], [-3.6560666, 43.4915042], [-3.6553202, 43.4919046], [-3.6558257, 43.4921088], [-3.6557678, 43.4924648], [-3.6548441, 43.4922383], [-3.6543415, 43.4935228], [-3.6522709, 43.4932484], [-3.6512731, 43.4935068], [-3.6505241, 43.4942326], [-3.6507844, 43.4948569], [-3.6494855, 43.4948418], [-3.6486145, 43.4957783], [-3.6483736, 43.4955306], [-3.6460188, 43.496239], [-3.644659, 43.4980656], [-3.6448267, 43.4987021], [-3.6434581, 43.498536], [-3.6433021, 43.4982248], [-3.6430867, 43.4985066], [-3.6421342, 43.4977497], [-3.6410699, 43.4980661], [-3.6377231, 43.4979201], [-3.6338189, 43.4965126], [-3.6314726, 43.4973647], [-3.6312337, 43.4969002], [-3.6302247, 43.4966041], [-3.6292009, 43.4971836], [-3.6270335, 43.4969102], [-3.6258333, 43.4980666], [-3.6238892, 43.4978565], [-3.6232077, 43.498333], [-3.6223557, 43.4999223], [-3.6217029, 43.4980923], [-3.6183584, 43.4976795], [-3.6175834, 43.4989334], [-3.6172249, 43.4989956], [-3.6174012, 43.4993658], [-3.6170503, 43.4991858], [-3.6168268, 43.4999412], [-3.6164867, 43.4997421], [-3.6167214, 43.5004069], [-3.6160084, 43.5009245], [-3.6148007, 43.4999747], [-3.6144974, 43.4992555], [-3.6149914, 43.497888], [-3.6153373, 43.4977811], [-3.6157839, 43.4968564], [-3.6147686, 43.4958907], [-3.614389, 43.495806], [-3.614124, 43.4961334], [-3.6135696, 43.4957769], [-3.6126468, 43.4967909], [-3.6125747, 43.4976237], [-3.6118018, 43.4978463], [-3.6113262, 43.4998701], [-3.6106235, 43.4999586], [-3.6106342, 43.5011591], [-3.6081988, 43.5037223], [-3.6079436, 43.503462], [-3.6071031, 43.5038517], [-3.6070628, 43.5043604], [-3.6059497, 43.505458], [-3.6044396, 43.5080324], [-3.6034191, 43.5088766], [-3.6013619, 43.5093675], [-3.6007672, 43.5101012], [-3.6004874, 43.5096372], [-3.598976, 43.5100652], [-3.5985157, 43.5107871], [-3.598959, 43.5109559], [-3.5988647, 43.5115076], [-3.5983385, 43.5113868], [-3.5980287, 43.5119557], [-3.5967308, 43.5127125], [-3.5939157, 43.5122877], [-3.592886, 43.5130677], [-3.5917966, 43.5129426], [-3.5905847, 43.5137008], [-3.5900568, 43.5134153], [-3.5894112, 43.5137067], [-3.589135, 43.5134266], [-3.5870845, 43.5133657], [-3.5864744, 43.5127133], [-3.5847784, 43.5123776], [-3.584885, 43.5121573], [-3.5824871, 43.5127988], [-3.5817891, 43.5126441], [-3.5819111, 43.5121773], [-3.5802897, 43.5123946], [-3.5804151, 43.5120056], [-3.5829773, 43.5101297], [-3.5819363, 43.5100003], [-3.5819623, 43.5092437], [-3.5806209, 43.5080791], [-3.5814127, 43.5060548], [-3.5811482, 43.5056092], [-3.5814213, 43.5056015], [-3.5813161, 43.5050287], [-3.5804661, 43.5045411], [-3.5784865, 43.5047493], [-3.5770161, 43.5055851], [-3.5766717, 43.5064377], [-3.5761921, 43.5067328], [-3.5755973, 43.5066322], [-3.5756692, 43.5070397], [-3.575368, 43.506845], [-3.5744411, 43.5073358], [-3.5727409, 43.5074299], [-3.5725904, 43.5072056], [-3.57111, 43.508307], [-3.5703201, 43.5084955], [-3.570319, 43.5079822], [-3.5677737, 43.5080516], [-3.567543, 43.5071947], [-3.5666294, 43.5074], [-3.5663669, 43.5077678], [-3.5651125, 43.5079091], [-3.5645004, 43.5086009], [-3.5649104, 43.5087835], [-3.5648114, 43.5094413], [-3.5641093, 43.5097715], [-3.5634048, 43.5094509], [-3.5628049, 43.5085282], [-3.5598758, 43.5075053], [-3.5585343, 43.5077053], [-3.5586904, 43.5081057], [-3.5583856, 43.5082257], [-3.5573039, 43.5076457], [-3.5543701, 43.5081192], [-3.5536559, 43.5077895], [-3.5526041, 43.5080332], [-3.5519198, 43.5076133], [-3.5518894, 43.5083545], [-3.5498437, 43.5089469], [-3.5490757, 43.5082341], [-3.5463682, 43.5076759], [-3.5460631, 43.5056559], [-3.5451743, 43.5055926], [-3.5449856, 43.5052469], [-3.5458209, 43.5048737], [-3.5456159, 43.5045263], [-3.544215, 43.5041521], [-3.5426646, 43.50438], [-3.5423691, 43.5034387], [-3.5407906, 43.5037091], [-3.5403941, 43.5025178], [-3.5411433, 43.5023342], [-3.5411221, 43.5020327], [-3.5397163, 43.5014225], [-3.5410718, 43.5005347], [-3.5411393, 43.4998176], [-3.5406748, 43.4993227], [-3.5410751, 43.4988544], [-3.5398567, 43.4981624], [-3.5399251, 43.4975002], [-3.5404582, 43.49764], [-3.5401563, 43.4970831], [-3.5413926, 43.4983892], [-3.542328, 43.4979793], [-3.5420173, 43.4979049], [-3.5422767, 43.4977063], [-3.5412163, 43.4972177], [-3.5403908, 43.4961917], [-3.5403351, 43.4958799], [-3.5410916, 43.4955421], [-3.5412444, 43.4943271], [-3.53984, 43.4930343], [-3.5378686, 43.4923216], [-3.5358971, 43.4923645], [-3.5356551, 43.4927039], [-3.536248, 43.4928702], [-3.5363139, 43.4932481], [-3.535616, 43.4933549], [-3.5357158, 43.4937956], [-3.5349155, 43.4936823], [-3.5346557, 43.4939401], [-3.5331355, 43.4930963], [-3.5324341, 43.4922621], [-3.532564, 43.4919644], [-3.5321695, 43.4918182], [-3.5286482, 43.4924903], [-3.5268123, 43.4946066], [-3.5257986, 43.4944042], [-3.5246949, 43.4936954], [-3.5245309, 43.4940002], [-3.523924, 43.4937689], [-3.5225096, 43.4942886], [-3.5224143, 43.4939018], [-3.5218961, 43.4939087], [-3.5216363, 43.4935046], [-3.5203725, 43.4947259], [-3.5200944, 43.4944797], [-3.518782, 43.4947691], [-3.5172566, 43.4942943], [-3.5169722, 43.4937508], [-3.5163156, 43.4934431], [-3.5163629, 43.4931817], [-3.5160928, 43.4932865], [-3.5160053, 43.4927241], [-3.5152211, 43.4922639], [-3.5140721, 43.4923636], [-3.5130568, 43.492035], [-3.5136343, 43.491825], [-3.5130302, 43.4913642], [-3.5137584, 43.4911809], [-3.5144875, 43.4902907], [-3.5148443, 43.4902531], [-3.514407, 43.4895977], [-3.515062, 43.4889465], [-3.5154243, 43.4879634], [-3.5146774, 43.487066], [-3.5150517, 43.4867222], [-3.5145043, 43.4863287], [-3.514847, 43.4860435], [-3.5147369, 43.4849587], [-3.5138347, 43.4834638], [-3.5154689, 43.4816736], [-3.5149302, 43.480127], [-3.5152128, 43.4792254], [-3.5148435, 43.4784078], [-3.5134632, 43.4773064], [-3.5118151, 43.4771472], [-3.5092684, 43.4757718], [-3.5053182, 43.4753427], [-3.5035236, 43.4740502], [-3.5021309, 43.473516], [-3.5007038, 43.4734412], [-3.4997241, 43.4728511], [-3.4994213, 43.4722446], [-3.4983015, 43.4716732], [-3.4940732, 43.4707775], [-3.4851978, 43.4703965], [-3.4793677, 43.4691738], [-3.4774547, 43.469641], [-3.4765568, 43.4695322], [-3.4752981, 43.4683443], [-3.4754931, 43.4670513], [-3.4733601, 43.4662992], [-3.4670565, 43.4661179], [-3.4615169, 43.4649426], [-3.45688, 43.4648531], [-3.452895, 43.4650444], [-3.4499625, 43.4659567], [-3.449161, 43.4668447], [-3.4477687, 43.4668925], [-3.4467416, 43.4661123], [-3.4454706, 43.4660363], [-3.4446373, 43.4653811], [-3.4426941, 43.4653691], [-3.4423833, 43.46503], [-3.439359, 43.4644491], [-3.4393183, 43.4641622], [-3.4391598, 43.4645318], [-3.4377891, 43.4641882], [-3.4374109, 43.4644667], [-3.4357098, 43.4644387], [-3.4353355, 43.4643237], [-3.4353881, 43.4639608], [-3.4344897, 43.4641299], [-3.4330429, 43.4634189], [-3.4326522, 43.4627895], [-3.4309156, 43.4619242], [-3.4306687, 43.4612356], [-3.429947, 43.4607853], [-3.4297287, 43.4599376], [-3.4284159, 43.4592059], [-3.4272884, 43.4576593], [-3.4271235, 43.457012], [-3.4273816, 43.4563438], [-3.426716, 43.4561301], [-3.4272298, 43.4561031], [-3.427107, 43.4553307], [-3.4263969, 43.4553311], [-3.4268114, 43.4551922], [-3.426666, 43.4544118], [-3.4272162, 43.4538526], [-3.4265316, 43.4534133], [-3.4266962, 43.4526773], [-3.4264801, 43.4524714], [-3.42683, 43.4522769], [-3.4261368, 43.4516536], [-3.4264966, 43.4514693], [-3.425504, 43.4513811], [-3.4266886, 43.4507685], [-3.4265902, 43.4503885], [-3.4271884, 43.4493974], [-3.4270294, 43.4485829], [-3.4278145, 43.4476791], [-3.4267362, 43.4466631], [-3.4266869, 43.4461225], [-3.4260221, 43.4458642], [-3.4266187, 43.4451595], [-3.4259758, 43.4442192], [-3.4263442, 43.444113], [-3.4265332, 43.4435542], [-3.4272658, 43.4435603], [-3.4276291, 43.4428298], [-3.4288834, 43.4426261], [-3.4289858, 43.4418727], [-3.4308368, 43.4408334], [-3.4308359, 43.4405868], [-3.4315825, 43.4405894], [-3.4323011, 43.4398152], [-3.4338484, 43.4392088], [-3.4361004, 43.4384458], [-3.4367031, 43.4385469], [-3.4384774, 43.4371277], [-3.4422731, 43.4376474], [-3.4442025, 43.438602], [-3.4503296, 43.4393745], [-3.4514726, 43.4356169], [-3.4506556, 43.4350403], [-3.4477539, 43.4316196], [-3.4458656, 43.4289394], [-3.4450717, 43.4272408], [-3.4445782, 43.4250434], [-3.4426255, 43.4227214], [-3.4352717, 43.4162189], [-3.4293016, 43.412869], [-3.424379, 43.412127], [-3.4200265, 43.4128856], [-3.4190632, 43.4134646], [-3.4181914, 43.4146035], [-3.4202548, 43.4152389], [-3.4197919, 43.4170977], [-3.4182996, 43.4181188], [-3.4180154, 43.417889], [-3.4195718, 43.4169531], [-3.4199554, 43.4152077], [-3.4173522, 43.4146004], [-3.414114, 43.413297], [-3.4140767, 43.4141895], [-3.4165122, 43.4151933], [-3.4160112, 43.4152977], [-3.4156889, 43.4184091], [-3.4181021, 43.4184979], [-3.418088, 43.418707], [-3.4161799, 43.4186324], [-3.4161511, 43.4190466], [-3.4148879, 43.4189985], [-3.4148473, 43.4195281], [-3.4152236, 43.4195729], [-3.4148449, 43.4195593], [-3.4152137, 43.4196843], [-3.4148228, 43.4198475], [-3.4178109, 43.4198685], [-3.4191339, 43.4191775], [-3.4194302, 43.4186649], [-3.4191474, 43.4186255], [-3.4192346, 43.4183211], [-3.4199699, 43.4185065], [-3.4191442, 43.4197271], [-3.4167256, 43.4203859], [-3.4144474, 43.4201014], [-3.4125585, 43.4187015], [-3.412218, 43.4188579], [-3.4123511, 43.4190263], [-3.4110952, 43.4190188], [-3.411434, 43.4185732], [-3.4113446, 43.4172878], [-3.4116789, 43.4167799], [-3.410729, 43.4157239], [-3.4073677, 43.4156325], [-3.4044104, 43.4148145], [-3.4035374, 43.4152724], [-3.4017899, 43.4152374], [-3.4006882, 43.4160701], [-3.4012749, 43.4170454], [-3.3997836, 43.4164453], [-3.3993707, 43.4167367], [-3.3992672, 43.4177086], [-3.3988901, 43.4174719], [-3.3988771, 43.4168221], [-3.3984498, 43.4167168], [-3.3972544, 43.4170637], [-3.3961868, 43.4168135], [-3.3942153, 43.4171228], [-3.3936799, 43.4162147], [-3.3930553, 43.4159061], [-3.3905307, 43.4164656], [-3.389115, 43.4172312], [-3.3873778, 43.4171806], [-3.3869372, 43.4164205], [-3.3841557, 43.4163854], [-3.3812574, 43.4150543], [-3.3804987, 43.4155881], [-3.3782982, 43.4160093], [-3.3763657, 43.4160043], [-3.3756229, 43.4157231], [-3.3736978, 43.4160427], [-3.3716869, 43.4168569], [-3.37088, 43.4159063], [-3.3699526, 43.4154575], [-3.3705359, 43.4144611], [-3.3708827, 43.4132555], [-3.3706573, 43.4130483], [-3.3695992, 43.4125704], [-3.3691778, 43.4128782], [-3.3679523, 43.412691], [-3.3656929, 43.4118429], [-3.3630714, 43.4123671], [-3.3627968, 43.4129416], [-3.3624097, 43.4122179], [-3.3610233, 43.4117162], [-3.3569958, 43.412359], [-3.3565832, 43.412808], [-3.3557, 43.4128044], [-3.3529503, 43.4140574], [-3.3515934, 43.4139426], [-3.3506521, 43.4134792], [-3.3495742, 43.4140002], [-3.3488253, 43.4137143], [-3.3479397, 43.4142709], [-3.3472998, 43.4152119], [-3.346317, 43.4157344], [-3.3458387, 43.4157276], [-3.3452699, 43.4152079], [-3.3440735, 43.4161285], [-3.3432351, 43.4161805], [-3.3403725, 43.4151985], [-3.3397028, 43.4147098], [-3.3388928, 43.413429], [-3.3378388, 43.4127028], [-3.3366644, 43.4124904], [-3.3355198, 43.4130228], [-3.3356386, 43.4135359], [-3.3363115, 43.4139183], [-3.336126, 43.4145448], [-3.3349749, 43.4145886], [-3.334881, 43.4150121], [-3.3344612, 43.415052], [-3.3337217, 43.4146733], [-3.3336998, 43.4151848], [-3.3328075, 43.4153108], [-3.3335418, 43.4156463], [-3.3333227, 43.415791], [-3.3337738, 43.4162985], [-3.3324626, 43.4162728], [-3.3308825, 43.4156856], [-3.3306146, 43.415716], [-3.3311939, 43.4161484], [-3.329874, 43.4158217], [-3.3300877, 43.4160372], [-3.3295626, 43.4160252], [-3.3281432, 43.4154272], [-3.3277118, 43.4154611], [-3.3278372, 43.4157323], [-3.3263389, 43.4157004], [-3.3264788, 43.41591], [-3.3253684, 43.4163644], [-3.3255757, 43.4165088], [-3.3249807, 43.4168577], [-3.3250308, 43.4174627], [-3.3245726, 43.4176877], [-3.3249195, 43.4178782], [-3.3247592, 43.4182572], [-3.3239984, 43.4184287], [-3.3237448, 43.4191295], [-3.3231327, 43.4187357], [-3.3227945, 43.4178292], [-3.3251394, 43.4163408], [-3.3253013, 43.4159388], [-3.324903, 43.4158138], [-3.325826, 43.415257], [-3.325517, 43.414823], [-3.3269115, 43.4145759], [-3.325732, 43.4111351], [-3.3259167, 43.4103602], [-3.3246499, 43.4097199], [-3.3251558, 43.4089424], [-3.3248242, 43.4077763], [-3.3250719, 43.4076715], [-3.3249855, 43.4071284], [-3.3262602, 43.4065485], [-3.3261094, 43.4032435], [-3.3233146, 43.401243], [-3.3191518, 43.3989356], [-3.3170079, 43.3981972], [-3.3165383, 43.3987204], [-3.316789, 43.400452], [-3.3158226, 43.4023363], [-3.3150468, 43.4024063], [-3.3124988, 43.4036352], [-3.3126346, 43.4041155], [-3.3136437, 43.4047693], [-3.313745, 43.406175], [-3.313043, 43.406562], [-3.3120384, 43.4058464], [-3.3128034, 43.405961], [-3.3133288, 43.4056224], [-3.3134726, 43.4049464], [-3.3129382, 43.405123], [-3.3130706, 43.4053863], [-3.3122178, 43.4049194], [-3.3119094, 43.405082], [-3.3118676, 43.4060617], [-3.3116822, 43.405671], [-3.310586, 43.4058438], [-3.3107141, 43.4072883], [-3.3117839, 43.4083146], [-3.3110953, 43.4082758], [-3.3105755, 43.4087419], [-3.3111539, 43.4096002], [-3.3107241, 43.4092489], [-3.3101007, 43.4090805], [-3.3097251, 43.4093701], [-3.3081437, 43.4087391], [-3.3069184, 43.4094492], [-3.3047553, 43.4095555], [-3.3041242, 43.4093131], [-3.3044909, 43.4096673], [-3.3013023, 43.4089118], [-3.3012024, 43.4091897], [-3.2994339, 43.4088727], [-3.2979115, 43.4078001], [-3.2981744, 43.4081217], [-3.2980655, 43.4083389], [-3.2978094, 43.4081568], [-3.2975288, 43.4078728], [-3.2977109, 43.4074656], [-3.2970781, 43.4068735], [-3.2953152, 43.407026], [-3.2937592, 43.4063034], [-3.2931297, 43.4063635], [-3.2940862, 43.4059686], [-3.2943189, 43.4057023], [-3.2940919, 43.405611], [-3.2916257, 43.4056668], [-3.2907349, 43.4053206], [-3.2909073, 43.4055199], [-3.2902853, 43.4055667], [-3.2887132, 43.4048035], [-3.2889265, 43.4046035], [-3.2877806, 43.4045824], [-3.2874223, 43.4042098], [-3.2838626, 43.4041285], [-3.282852, 43.4032604], [-3.2813159, 43.4030183], [-3.2785267, 43.4034393], [-3.2785997, 43.4031916], [-3.278252, 43.4033185], [-3.2780858, 43.4029046], [-3.2776176, 43.4031399], [-3.2771115, 43.4023712], [-3.2766629, 43.4023093], [-3.2758739, 43.4026021], [-3.2752032, 43.4022993], [-3.2732819, 43.4022919], [-3.2735847, 43.4028005], [-3.2702034, 43.4021654], [-3.2704126, 43.4025268], [-3.270141, 43.40268], [-3.2686339, 43.402477], [-3.2655492, 43.402862], [-3.2648734, 43.4018689], [-3.2641484, 43.4027243], [-3.2636013, 43.4024166], [-3.2630375, 43.4028349], [-3.2589645, 43.4025352], [-3.2573842, 43.403], [-3.2521822, 43.401255], [-3.2500319, 43.400124], [-3.2499891, 43.3996198], [-3.2477395, 43.3991231], [-3.2467925, 43.3985354], [-3.2440941, 43.3985142], [-3.2431792, 43.3982298], [-3.2432135, 43.3985533], [-3.2422335, 43.3981858], [-3.2430553, 43.3987579], [-3.2412249, 43.3979959], [-3.240865, 43.3981117], [-3.2413709, 43.398475], [-3.2410247, 43.3983108], [-3.2409952, 43.3986621], [-3.2391147, 43.398505], [-3.2354864, 43.3973886], [-3.2340685, 43.396356], [-3.2333372, 43.3965961], [-3.2298558, 43.3958395], [-3.2304586, 43.3962508], [-3.2293814, 43.3961152], [-3.2291781, 43.3962506], [-3.2294747, 43.3963311], [-3.2282034, 43.3964507], [-3.2274207, 43.3961623], [-3.2277208, 43.3955179], [-3.2240323, 43.3948544], [-3.223687, 43.3943383], [-3.2232521, 43.3946739], [-3.2230597, 43.3942923], [-3.2226198, 43.3944336], [-3.2229712, 43.3942465], [-3.2228263, 43.3940721], [-3.2216234, 43.3938294], [-3.2222711, 43.3936969], [-3.2218983, 43.3935965], [-3.2223161, 43.3933894], [-3.2220826, 43.3929483], [-3.2228059, 43.3926131], [-3.2222969, 43.3923696], [-3.2228047, 43.3920706], [-3.2222618, 43.3919309], [-3.2224394, 43.3916199], [-3.2216911, 43.3915372], [-3.2227296, 43.3912893], [-3.2227608, 43.3909966], [-3.2213451, 43.3911553], [-3.2225328, 43.3903975], [-3.2226834, 43.390764], [-3.2231137, 43.3905931], [-3.2226195, 43.3904275], [-3.2228802, 43.3902438], [-3.2238726, 43.3901081], [-3.2233494, 43.3898877], [-3.2239152, 43.3894194], [-3.2253881, 43.3895977], [-3.2261972, 43.3890969], [-3.2262616, 43.3874908], [-3.2245557, 43.3854558], [-3.2241802, 43.3851751], [-3.2235217, 43.3854985], [-3.2234728, 43.3851639], [-3.2237923, 43.3850954], [-3.2224206, 43.3848866], [-3.2217013, 43.3851277], [-3.2211324, 43.3859915], [-3.2198989, 43.3864192], [-3.2192564, 43.3861993], [-3.2173881, 43.3864178], [-3.2173555, 43.3854984], [-3.2158845, 43.3857875], [-3.2150764, 43.3854189], [-3.2164622, 43.3846151], [-3.2158181, 43.3849111], [-3.2145129, 43.3848587], [-3.2143769, 43.3846626], [-3.2150073, 43.384151], [-3.2142752, 43.3843366], [-3.2088965, 43.3811482], [-3.2090636, 43.3810105], [-3.2141392, 43.383957], [-3.2151646, 43.3834459], [-3.2157321, 43.3837198], [-3.2166419, 43.3829905], [-3.2161857, 43.3837377], [-3.2170825, 43.3838714], [-3.2178203, 43.383237], [-3.2178511, 43.3826782], [-3.216851, 43.3831348], [-3.2173076, 43.3828225], [-3.2163597, 43.3803969], [-3.2153017, 43.3801675], [-3.2158289, 43.379987], [-3.2163441, 43.3803629], [-3.2164501, 43.3801345], [-3.2138213, 43.3771156], [-3.2115839, 43.3791644], [-3.2113874, 43.3790555], [-3.2134495, 43.376844], [-3.2130426, 43.3762596], [-3.2130863, 43.3752847], [-3.2119811, 43.3745245], [-3.2099618, 43.3740015], [-3.2094351, 43.374633], [-3.2091047, 43.3743583], [-3.2093382, 43.3738181], [-3.2084859, 43.3739172], [-3.2079209, 43.375001], [-3.20803, 43.3762292], [-3.2074285, 43.3763939], [-3.2073435, 43.3759799], [-3.206236, 43.3756879], [-3.2060943, 43.3746914], [-3.2054956, 43.3743458], [-3.2056294, 43.3738492], [-3.2046583, 43.3732193], [-3.2041762, 43.3732605], [-3.2038495, 43.3740324], [-3.2033177, 43.3734881], [-3.2032791, 43.3738677], [-3.2029033, 43.3736635], [-3.202515, 43.3740643], [-3.2019701, 43.373916], [-3.201535, 43.3733601], [-3.2015785, 43.3741129], [-3.2001945, 43.3740174], [-3.1988188, 43.3735329], [-3.1985479, 43.3731086], [-3.1983816, 43.3734096], [-3.1965987, 43.3712042], [-3.1952588, 43.3714506], [-3.1948662, 43.370566], [-3.1954361, 43.3703095], [-3.1948124, 43.3700667], [-3.1947726, 43.3694746], [-3.1950221, 43.3694415], [-3.1948497, 43.3692704], [-3.1950597, 43.3693479], [-3.1951776, 43.3691358], [-3.1941822, 43.3691098], [-3.1951737, 43.3690834], [-3.1949429, 43.3679635], [-3.1954094, 43.3677744], [-3.1946565, 43.3673574], [-3.194877, 43.366866], [-3.1941375, 43.3667491], [-3.1945922, 43.3666057], [-3.1939179, 43.3659066], [-3.1942022, 43.365424], [-3.1936863, 43.365199], [-3.1943071, 43.3644531], [-3.1940299, 43.3639636], [-3.1943303, 43.3644068], [-3.1947783, 43.3642219], [-3.1941747, 43.3632375], [-3.1930181, 43.363049], [-3.1927191, 43.3638116], [-3.1927391, 43.3635923], [-3.1923105, 43.3637068], [-3.1908872, 43.3653173], [-3.1901711, 43.3652597], [-3.1898533, 43.3657004], [-3.1895215, 43.3646223], [-3.1896683, 43.3641697], [-3.1889511, 43.3636467], [-3.1883394, 43.3645541], [-3.188558, 43.3648866], [-3.186553, 43.3652581], [-3.1864531, 43.3656784], [-3.1858502, 43.3657328], [-3.1842558, 43.3649209], [-3.1844267, 43.3643149], [-3.1840392, 43.3637819], [-3.1844106, 43.3637864], [-3.1844902, 43.3631221], [-3.1833676, 43.360587], [-3.1828176, 43.3604373], [-3.1829063, 43.3599076], [-3.1824019, 43.3603037], [-3.1827709, 43.3595866], [-3.1817708, 43.3588898], [-3.1815616, 43.3591355], [-3.1809175, 43.3585376], [-3.1805199, 43.3584642], [-3.180201, 43.3589841], [-3.1803029, 43.3584557], [-3.1798745, 43.3581295], [-3.1798818, 43.3577185], [-3.1792529, 43.3575498], [-3.1791992, 43.3579243], [-3.1785863, 43.357819], [-3.1783932, 43.3572816], [-3.1778654, 43.3569972], [-3.1767881, 43.3568577], [-3.1763873, 43.3570749], [-3.1765267, 43.3572601], [-3.1753103, 43.3565889], [-3.1739144, 43.3570762], [-3.1742537, 43.3578602], [-3.1734826, 43.3580659], [-3.1736033, 43.3585037], [-3.1729126, 43.3583643], [-3.173274, 43.3587017], [-3.1730044, 43.3589259], [-3.171191, 43.358735], [-3.1706848, 43.3585154], [-3.1708777, 43.3582136], [-3.1698236, 43.3579338], [-3.1690252, 43.3572795], [-3.1688158, 43.3562218], [-3.1694341, 43.3555938], [-3.1692587, 43.3549588], [-3.1676054, 43.3550474], [-3.1672727, 43.3543307], [-3.1671754, 43.3545417], [-3.1669347, 43.3541712], [-3.166283, 43.354231], [-3.1654093, 43.3535135], [-3.164874, 43.3535012], [-3.1648058, 43.3528652], [-3.1645148, 43.3525775], [-3.1644298, 43.3528965], [-3.1640016, 43.3527418], [-3.1639564, 43.3519974], [-3.1634933, 43.3516243], [-3.1614565, 43.3508901], [-3.1610685, 43.351468], [-3.1604509, 43.3515275], [-3.160581, 43.3522579], [-3.1592694, 43.3522711], [-3.1574638, 43.3527982], [-3.1574354, 43.3531761], [-3.1555802, 43.3525358], [-3.1554716, 43.3528481], [-3.1547709, 43.3528338], [-3.1552881, 43.3530827], [-3.1548, 43.3530277], [-3.1551376, 43.3532734], [-3.1544667, 43.3530507], [-3.1538273, 43.3531619], [-3.1537224, 43.3534556], [-3.1528071, 43.353264], [-3.153188, 43.3525513], [-3.1504269, 43.3487437], [-3.151377, 43.3451578], [-3.1544734, 43.3409743], [-3.1519456, 43.3258373], [-3.1496659, 43.3194155], [-3.1515495, 43.3070606], [-3.1514133, 43.3061403], [-3.1529887, 43.3056791], [-3.1553771, 43.3026077], [-3.1575622, 43.3011506], [-3.1686574, 43.3006397], [-3.1721469, 43.2996075], [-3.1733215, 43.3000812], [-3.1739456, 43.2991418], [-3.1763866, 43.2993716], [-3.1785701, 43.2991949], [-3.1802429, 43.2997236], [-3.1842204, 43.2981505], [-3.1856652, 43.2989135], [-3.1932089, 43.2984509], [-3.1949295, 43.2967371], [-3.1975644, 43.29567], [-3.198031, 43.2950839], [-3.1985676, 43.2933001], [-3.199084, 43.292858], [-3.2009856, 43.2917436], [-3.2049078, 43.2904855], [-3.2062972, 43.2879698], [-3.2094502, 43.2836049], [-3.2183799, 43.2868259], [-3.2210701, 43.2873384], [-3.2249612, 43.2861949], [-3.2271582, 43.2861023], [-3.2293511, 43.2870645], [-3.2311865, 43.2873115], [-3.2331897, 43.2883223], [-3.2363579, 43.2890132], [-3.2413217, 43.2889877], [-3.2451064, 43.2896126], [-3.2527067, 43.2918394], [-3.2574628, 43.2920792], [-3.26115, 43.2941906], [-3.2661428, 43.2963194], [-3.2678287, 43.2935594], [-3.2695862, 43.2921], [-3.2753419, 43.2915176], [-3.2783605, 43.2907838], [-3.2804241, 43.2894065], [-3.2858076, 43.2893974], [-3.2898224, 43.2898361], [-3.2935254, 43.2929321], [-3.2918206, 43.2939759], [-3.2917212, 43.2948384], [-3.2910141, 43.2959491], [-3.294251, 43.299327], [-3.2992457, 43.2990862], [-3.3028596, 43.2978307], [-3.3118142, 43.2959768], [-3.3138674, 43.2969586], [-3.3149547, 43.2948705], [-3.3174717, 43.293028], [-3.3231733, 43.2911444], [-3.3237394, 43.2921227], [-3.3235172, 43.2930359], [-3.3243837, 43.2954457], [-3.3248158, 43.2958847], [-3.3288689, 43.2967007], [-3.3296631, 43.2972605], [-3.3301466, 43.2977735], [-3.3299287, 43.2981395], [-3.331366, 43.3010609], [-3.332419, 43.301922], [-3.3333454, 43.3021015], [-3.3356746, 43.2984893], [-3.3400857, 43.2974914], [-3.3416687, 43.2953543], [-3.343126, 43.2942825], [-3.342022, 43.2934725], [-3.3422849, 43.2920878], [-3.3428319, 43.2912385], [-3.3413327, 43.2879409], [-3.3416348, 43.2844005], [-3.3392125, 43.2812224], [-3.3392403, 43.2803], [-3.3385913, 43.2780633], [-3.3458288, 43.2756272], [-3.3485231, 43.2749974], [-3.3507263, 43.2750343], [-3.3520994, 43.2741286], [-3.3541412, 43.2740795], [-3.3569837, 43.2725872], [-3.359791, 43.2719084], [-3.3624357, 43.2725128], [-3.3653675, 43.2745087], [-3.3666659, 43.274237], [-3.3678542, 43.2746592], [-3.369139, 43.2745277], [-3.3701545, 43.2738983], [-3.3729531, 43.273095], [-3.3775632, 43.2709248], [-3.3796896, 43.2704142], [-3.3831016, 43.2703653], [-3.3841808, 43.2681752], [-3.3847579, 43.2676598], [-3.3847726, 43.2671359], [-3.3859253, 43.2656983], [-3.3879711, 43.2647706], [-3.3878773, 43.2644777], [-3.3897532, 43.2638997], [-3.3902337, 43.2618941], [-3.3902616, 43.2596427], [-3.3908682, 43.2591], [-3.3917238, 43.2589891], [-3.3917939, 43.2523105], [-3.3927758, 43.2517652], [-3.3941473, 43.2497685], [-3.3955904, 43.2484041], [-3.398904, 43.2457747], [-3.4066299, 43.250683], [-3.4134616, 43.2499022], [-3.4121695, 43.248277], [-3.4105476, 43.2470672], [-3.4133096, 43.2456436], [-3.4131518, 43.2441764], [-3.4184394, 43.2410687], [-3.4230136, 43.2399443], [-3.4282964, 43.2415366], [-3.42938, 43.2414965], [-3.4303696, 43.2420962], [-3.4328391, 43.2412224], [-3.4367531, 43.2373806], [-3.4364042, 43.2350767], [-3.4374488, 43.2347756], [-3.4381257, 43.23471], [-3.4389678, 43.2353461], [-3.4415054, 43.2354264], [-3.4424754, 43.2367104], [-3.4457086, 43.2375893], [-3.4501471, 43.236208], [-3.450912, 43.2362448], [-3.449278, 43.234875], [-3.449244, 43.234259], [-3.449784, 43.233252], [-3.449329, 43.232071], [-3.44844, 43.231013], [-3.447343, 43.230522], [-3.4473179, 43.2297315], [-3.444292, 43.221136], [-3.4423897, 43.2187511], [-3.439977, 43.2167257], [-3.4398838, 43.2156651], [-3.4387433, 43.2139089], [-3.4357131, 43.2106208], [-3.4330452, 43.206398], [-3.4329386, 43.2054], [-3.4337601, 43.2015599], [-3.4350649, 43.1997751], [-3.43576, 43.1980939], [-3.4354312, 43.1979771], [-3.4352795, 43.1946221], [-3.4357154, 43.1918739], [-3.4347191, 43.1902118], [-3.4349733, 43.1878695], [-3.4344331, 43.1863137], [-3.43469, 43.1843586], [-3.4345261, 43.182063], [-3.4340721, 43.1804978], [-3.4347019, 43.1790727], [-3.4333976, 43.1773306], [-3.4337402, 43.1753032], [-3.4334518, 43.1710449], [-3.4324442, 43.1712198], [-3.4322751, 43.1699147], [-3.4316635, 43.1686743], [-3.4323459, 43.1677353], [-3.4318047, 43.1660083], [-3.4314563, 43.1654333], [-3.4298661, 43.164971], [-3.4301614, 43.163223], [-3.429392, 43.1622533], [-3.429046, 43.1602645], [-3.4271256, 43.1600556], [-3.4274893, 43.1592888], [-3.4264986, 43.1584908], [-3.4268645, 43.1578864], [-3.4259696, 43.1569414], [-3.4257698, 43.1555476], [-3.4246335, 43.1552505], [-3.4246625, 43.1547059], [-3.4241676, 43.1539345], [-3.4219456, 43.1522408], [-3.4220829, 43.1513569], [-3.4218328, 43.151251], [-3.4176076, 43.1333163], [-3.4214417, 43.1329356], [-3.4219049, 43.1323486], [-3.4257618, 43.133577], [-3.4296724, 43.1336704], [-3.4345642, 43.1316529], [-3.438562, 43.1319258], [-3.4409287, 43.1327632], [-3.4423064, 43.1328479], [-3.444756, 43.1315327], [-3.4492073, 43.1332804], [-3.4511341, 43.1344704], [-3.4543186, 43.1344579], [-3.4589541, 43.1361053], [-3.469128, 43.1367575], [-3.4803372, 43.1360988], [-3.4864068, 43.133939], [-3.4869671, 43.1332612], [-3.4904287, 43.1340839], [-3.4925784, 43.1338226], [-3.4937756, 43.1343848], [-3.4967538, 43.1346961], [-3.5005365, 43.1356612], [-3.5021062, 43.1366539], [-3.5048027, 43.1355974], [-3.5076097, 43.1360083], [-3.5087479, 43.1368497], [-3.5124837, 43.1380487], [-3.5307369, 43.1429007], [-3.5437082, 43.148162], [-3.5612953, 43.1495093], [-3.5681007, 43.1512769], [-3.5728138, 43.1528654], [-3.5804074, 43.1533676], [-3.5855841, 43.154503], [-3.5996055, 43.1519273], [-3.6035435, 43.1496375], [-3.6045392, 43.1508389], [-3.6048597, 43.1521609], [-3.6046509, 43.1547015], [-3.6049216, 43.1559608], [-3.6060963, 43.156585], [-3.6063868, 43.1573579], [-3.6073425, 43.1582262], [-3.6069182, 43.1601014], [-3.6073433, 43.1620442], [-3.6082702, 43.1637232], [-3.609723, 43.16495], [-3.6099791, 43.1661096], [-3.6113941, 43.1673627], [-3.6124489, 43.1695184], [-3.6175121, 43.1714092], [-3.618614, 43.1720968], [-3.6208216, 43.1726161], [-3.6228644, 43.1738747], [-3.626321, 43.1737929], [-3.6302611, 43.1728799], [-3.631998, 43.1730774], [-3.633548, 43.1742485], [-3.6336107, 43.1755629], [-3.6379875, 43.1764122], [-3.6410231, 43.1760711], [-3.6418502, 43.1775073], [-3.6431439, 43.1776802], [-3.6431862, 43.1781932], [-3.645044, 43.1793444], [-3.6463129, 43.1794904], [-3.6479828, 43.1791478], [-3.6496782, 43.1807652], [-3.6510175, 43.1810398], [-3.6552837, 43.1783862], [-3.6581605, 43.1776396], [-3.6576854, 43.1750981], [-3.6551626, 43.1715691], [-3.6552437, 43.1711312], [-3.6583252, 43.1693997], [-3.6609635, 43.1687632], [-3.6607694, 43.1678728], [-3.6622422, 43.1652619], [-3.6667554, 43.1628405], [-3.6679535, 43.1576197], [-3.6766221, 43.1550837], [-3.6757973, 43.1538999], [-3.6757533, 43.1532518], [-3.6765048, 43.1511312], [-3.6799686, 43.1484903], [-3.6817192, 43.146643], [-3.6821451, 43.1451276], [-3.6842052, 43.1423779], [-3.6849484, 43.1406445], [-3.6856108, 43.1371827], [-3.6837806, 43.1362571], [-3.687447, 43.1331465], [-3.689456, 43.1321341], [-3.6929022, 43.1284132], [-3.695863, 43.126045], [-3.7038855, 43.1234117], [-3.7029273, 43.1180866], [-3.7046767, 43.1162749], [-3.7071225, 43.1151703], [-3.70936, 43.1152015], [-3.7126413, 43.1140916], [-3.7142749, 43.1139824], [-3.7164103, 43.1126364], [-3.7192487, 43.1083503], [-3.723194, 43.107308], [-3.7265697, 43.1059179], [-3.7291209, 43.104443], [-3.738463, 43.1025463], [-3.7481927, 43.1022672], [-3.7520545, 43.1015035], [-3.7548816, 43.1005485], [-3.7559822, 43.0991095], [-3.7562494, 43.0968475], [-3.759816, 43.0921144], [-3.7583612, 43.0887201], [-3.757508, 43.0882755], [-3.7578554, 43.0875528], [-3.7569117, 43.0857401], [-3.7570137, 43.085046], [-3.7591384, 43.0839874], [-3.7629946, 43.0828723], [-3.7645689, 43.0810338], [-3.7675942, 43.0803022], [-3.775804, 43.0825343], [-3.7778455, 43.0807555], [-3.7804265, 43.0798735], [-3.7902811, 43.0781312], [-3.7926952, 43.0786278], [-3.7978375, 43.0810955], [-3.8011082, 43.0832069], [-3.8020216, 43.0825882], [-3.8063081, 43.0834497], [-3.8081295, 43.0846255], [-3.8102079, 43.0866549], [-3.811515, 43.0860874], [-3.8140454, 43.0860515], [-3.8153295, 43.0856011], [-3.8185967, 43.0818408], [-3.8207359, 43.0810331], [-3.8232606, 43.0805828], [-3.8285462, 43.0808149], [-3.8330375, 43.0804492], [-3.8357539, 43.0805555], [-3.8443916, 43.0824554], [-3.8452563, 43.0828002], [-3.8469614, 43.0843995], [-3.8507834, 43.0800399], [-3.8509987, 43.0778321], [-3.8507176, 43.0770507], [-3.8489315, 43.0758033], [-3.8468626, 43.0718474], [-3.8460157, 43.0709982], [-3.8407471, 43.0692539], [-3.8389445, 43.0667637], [-3.833741, 43.0642027], [-3.831769, 43.0638263], [-3.8339919, 43.0629097], [-3.8342074, 43.0615934], [-3.8338206, 43.059327], [-3.8345035, 43.0580613], [-3.8426881, 43.0513018], [-3.8455933, 43.0509383], [-3.8482035, 43.0496673], [-3.8497576, 43.0483952], [-3.8498283, 43.0463955], [-3.8489801, 43.0436463], [-3.8494907, 43.0423818], [-3.8491539, 43.0411056], [-3.849866, 43.0402179], [-3.851115, 43.039092], [-3.8558079, 43.0393272], [-3.8565618, 43.0396908], [-3.8594618, 43.0425327], [-3.8606857, 43.0431358], [-3.8615121, 43.0434088], [-3.8649088, 43.0422396], [-3.86692, 43.0438273], [-3.8705256, 43.0435479], [-3.8716349, 43.0438546], [-3.8738729, 43.0432342], [-3.8750823, 43.0436753], [-3.875756, 43.0435621], [-3.8780848, 43.0424276], [-3.8780255, 43.0417077], [-3.8784409, 43.0415695], [-3.8887628, 43.0422103], [-3.8907461, 43.0418257], [-3.8926427, 43.0396858], [-3.8926912, 43.037101], [-3.8930621, 43.0355853], [-3.8943267, 43.0347009], [-3.9052259, 43.0204157], [-3.9092614, 43.0160974], [-3.9246993, 43.0103548], [-3.9454648, 43.005773], [-3.9529968, 43.0001005], [-3.956293, 42.9974617], [-3.9608157, 42.9924531], [-3.9663717, 42.9837616], [-3.9686796, 42.9776277], [-3.9716661, 42.9749099], [-3.9726146, 42.9704984], [-3.9743794, 42.9680971], [-3.9775454, 42.9612623], [-3.9795546, 42.9565175], [-3.9799491, 42.9543349], [-3.9818196, 42.9516894], [-3.9838304, 42.9455397], [-3.9871706, 42.9405402], [-3.9872483, 42.93619], [-3.9895742, 42.9337206], [-3.9909782, 42.931088], [-3.987794, 42.9258385], [-3.9775781, 42.9183167], [-3.9748871, 42.9139271], [-3.9746173, 42.9123535], [-3.9737161, 42.9119199], [-3.9697026, 42.9114406], [-3.9539578, 42.9112935], [-3.9457821, 42.9094071], [-3.9434158, 42.9092825], [-3.9425531, 42.9097489], [-3.9411803, 42.9096971], [-3.9386217, 42.9106276], [-3.9377889, 42.9106434], [-3.9360507, 42.9115491], [-3.9345309, 42.9131284], [-3.9310007, 42.9146429], [-3.9296417, 42.914699], [-3.936367, 42.9081606], [-3.9366122, 42.9065467], [-3.9376026, 42.9048096], [-3.9372993, 42.9033802], [-3.9353423, 42.9003254], [-3.9335431, 42.8996017], [-3.928662, 42.9040988], [-3.9263518, 42.9044327], [-3.9240403, 42.9120787], [-3.92342, 42.9156678], [-3.91821, 42.9162949], [-3.9169967, 42.9170971], [-3.9160685, 42.9189596], [-3.911999, 42.9213423], [-3.91149, 42.9233906], [-3.9075026, 42.9247189], [-3.898395, 42.9245114], [-3.8956453, 42.9250192], [-3.8925178, 42.9248274], [-3.8912774, 42.9254855], [-3.8906131, 42.9287145], [-3.8888281, 42.9298629], [-3.8896883, 42.9351423], [-3.8880221, 42.9368932], [-3.8868618, 42.9423143], [-3.886827, 42.9450161], [-3.8873833, 42.9487669], [-3.8777219, 42.9477876], [-3.8701364, 42.9497004], [-3.8678426, 42.9530947], [-3.8670945, 42.9548294], [-3.8623993, 42.9522082], [-3.851184, 42.946997], [-3.8455764, 42.9430042], [-3.840542, 42.9405467], [-3.8395388, 42.9397796], [-3.8373433, 42.9342305], [-3.8347223, 42.9316291], [-3.8308827, 42.9295318], [-3.8299267, 42.9276926], [-3.8311477, 42.9209659], [-3.833546, 42.9179858], [-3.838313, 42.9162311], [-3.8396453, 42.9168967], [-3.8439833, 42.916946], [-3.8461541, 42.9188931], [-3.8472266, 42.9193715], [-3.8501426, 42.9193589], [-3.8520852, 42.9189483], [-3.8534344, 42.9181638], [-3.8542432, 42.9172843], [-3.8547414, 42.9152094], [-3.8559003, 42.913958], [-3.8558237, 42.912842], [-3.8568754, 42.910934], [-3.8566939, 42.9093234], [-3.8574168, 42.907562], [-3.860352, 42.9045593], [-3.8589801, 42.9036781], [-3.8633715, 42.9014749], [-3.8663793, 42.899327], [-3.8686051, 42.899076], [-3.8702296, 42.8996221], [-3.8719195, 42.8995912], [-3.8755378, 42.9008064], [-3.8790235, 42.901302], [-3.8832675, 42.9042862], [-3.885038, 42.9030298], [-3.8902382, 42.9026204], [-3.8913678, 42.9028097], [-3.8986776, 42.9068141], [-3.9027466, 42.9094747], [-3.9035042, 42.9110176], [-3.9070994, 42.9130784], [-3.9078189, 42.9145226], [-3.9080064, 42.9122698], [-3.9105839, 42.9109256], [-3.9084424, 42.9094207], [-3.9070431, 42.9075587], [-3.9036367, 42.9058206], [-3.899141, 42.9041359], [-3.8986439, 42.9036445], [-3.8974383, 42.8999078], [-3.8946072, 42.8938514], [-3.8932213, 42.8894676], [-3.8955841, 42.8911062], [-3.8929338, 42.8873627], [-3.9027762, 42.8862681], [-3.9043375, 42.8875165], [-3.9092558, 42.8897019], [-3.9103299, 42.8919627], [-3.9165115, 42.889257], [-3.9202798, 42.8906586], [-3.9229811, 42.8903037], [-3.9243488, 42.8892211], [-3.9221876, 42.8880048], [-3.9203204, 42.888443], [-3.9144189, 42.8868693], [-3.9104566, 42.8864055], [-3.9086265, 42.8868703], [-3.9071032, 42.8857116], [-3.904897, 42.885576], [-3.9025117, 42.8849194], [-3.8988639, 42.8824895], [-3.8981063, 42.881757], [-3.8974728, 42.8802851], [-3.9009423, 42.8746747], [-3.9024321, 42.8752393], [-3.9035461, 42.8718626], [-3.9056641, 42.8701799], [-3.908535, 42.8689235], [-3.9102367, 42.868919], [-3.9127955, 42.8680972], [-3.9147487, 42.8660555], [-3.9157859, 42.8625081], [-3.9156955, 42.8613562], [-3.9148321, 42.8600843], [-3.9127731, 42.8590831], [-3.9119946, 42.8594135], [-3.9070638, 42.8595696], [-3.9038272, 42.8600634], [-3.899235, 42.8599374], [-3.8986147, 42.8593659], [-3.8983161, 42.8581886], [-3.8964405, 42.8563031], [-3.8932561, 42.8570214], [-3.8877941, 42.8568296], [-3.8865282, 42.8547502], [-3.8857108, 42.8540811], [-3.8798211, 42.8513257], [-3.8737236, 42.8529032], [-3.8722165, 42.8536621], [-3.8685014, 42.856698], [-3.871928, 42.8601301], [-3.872741, 42.8613667], [-3.8726897, 42.8620695], [-3.8734482, 42.8620367], [-3.8734974, 42.8629188], [-3.8738685, 42.8631952], [-3.8739757, 42.8655897], [-3.8735752, 42.8701855], [-3.8724235, 42.8727338], [-3.8709768, 42.8743387], [-3.8740487, 42.8751168], [-3.8715973, 42.8792869], [-3.869515, 42.8818602], [-3.8687516, 42.8833068], [-3.8685427, 42.8850014], [-3.8680543, 42.8859776], [-3.8637358, 42.8898104], [-3.862988, 42.8888795], [-3.8611902, 42.8881726], [-3.8607242, 42.8872485], [-3.8587834, 42.8868218], [-3.8567238, 42.8857746], [-3.8542315, 42.8853159], [-3.8513212, 42.8838426], [-3.8518304, 42.8834696], [-3.8367905, 42.8787805], [-3.8347878, 42.8773632], [-3.8323311, 42.8749587], [-3.8267421, 42.8708566], [-3.8253535, 42.8686333], [-3.830661, 42.8599679], [-3.8341292, 42.8557102], [-3.8337757, 42.8521737], [-3.8249533, 42.8431421], [-3.8165122, 42.8359261], [-3.8166945, 42.8302514], [-3.8196726, 42.8278437], [-3.8196002, 42.8269977], [-3.8173653, 42.8235826], [-3.8176685, 42.8215272], [-3.8162322, 42.8192861], [-3.8157897, 42.8126072], [-3.8160319, 42.8105612], [-3.818067, 42.8090608], [-3.8205743, 42.8062782], [-3.8216692, 42.8002908], [-3.8232767, 42.7988564], [-3.8292801, 42.7987771], [-3.8327353, 42.7965278], [-3.8441748, 42.7924548], [-3.8542444, 42.7875623], [-3.862043, 42.7865224], [-3.8646118, 42.7866112], [-3.8686735, 42.7885347], [-3.8721476, 42.791264], [-3.8766395, 42.7941746], [-3.886052, 42.7982449], [-3.8913352, 42.8016711], [-3.8944461, 42.8045377], [-3.8963291, 42.8019654], [-3.8973861, 42.7997868], [-3.897635, 42.7975515], [-3.8989051, 42.794894], [-3.8995912, 42.7907641], [-3.9004746, 42.7892803], [-3.9014672, 42.7885881], [-3.9028319, 42.7882621], [-3.9078036, 42.7879438], [-3.9093425, 42.786995], [-3.9096645, 42.7864431], [-3.9087125, 42.7798586], [-3.9088056, 42.7770302], [-3.9096651, 42.7714398], [-3.9109527, 42.7683857], [-3.9187675, 42.7686746], [-3.9264774, 42.7701255], [-3.9305886, 42.7744871], [-3.9383952, 42.7709383], [-3.9419765, 42.7709269], [-3.9440212, 42.7703428], [-3.9464981, 42.7684491], [-3.9487938, 42.7675026], [-3.9472649, 42.7642191], [-3.946582, 42.7619102], [-3.9524799, 42.7615732], [-3.9565474, 42.7622148], [-3.9656942, 42.7585987], [-3.9788847, 42.7580813], [-3.9803487, 42.7618062], [-3.9815879, 42.7683068], [-3.9837653, 42.7684142], [-3.9879434, 42.7705936], [-3.9906632, 42.7709843], [-3.9945611, 42.7686089], [-3.9958406, 42.7683636], [-3.9996518, 42.7689788], [-3.9964226, 42.7825786], [-3.9964339, 42.7840465], [-3.995943, 42.7862211], [-3.997558, 42.787819], [-3.9966526, 42.7908348], [-3.9965137, 42.798959], [-3.9967436, 42.8003348], [-3.9976461, 42.8017048], [-3.9970591, 42.8032319], [-4.0008703, 42.8097997], [-3.9999826, 42.813923], [-3.9996328, 42.8195545], [-4.0000362, 42.8240988], [-4.0016062, 42.8296685], [-4.0022992, 42.8309142], [-4.0035551, 42.8314075], [-4.0074411, 42.8311122], [-4.0110385, 42.8303781], [-4.012918, 42.8285874], [-4.0207799, 42.8193499], [-4.0141829, 42.8063774], [-4.0166203, 42.8073464], [-4.0179067, 42.8074791], [-4.0222642, 42.806945], [-4.0239787, 42.8063443], [-4.0282407, 42.8030011], [-4.0329201, 42.8012569], [-4.032487, 42.7994777], [-4.0327128, 42.7968731], [-4.0314842, 42.795047], [-4.0317902, 42.7935943], [-4.0283492, 42.7903292], [-4.0298692, 42.7883433], [-4.0335695, 42.7866079], [-4.037833, 42.790802], [-4.0437539, 42.788794], [-4.0460996, 42.7857827], [-4.0502167, 42.7798013], [-4.0488132, 42.7734201], [-4.0496973, 42.7729347], [-4.0481299, 42.769869], [-4.0459117, 42.7666111], [-4.0546875, 42.7630274], [-4.0602748, 42.7624354], [-4.0717301, 42.7605366], [-4.0813396, 42.7614641], [-4.0816335, 42.7643071], [-4.0830419, 42.7686797], [-4.0855452, 42.7713398], [-4.0853643, 42.7721791], [-4.0907894, 42.7720646], [-4.0924199, 42.7723372], [-4.0940751, 42.7733211], [-4.0940707, 42.7744559], [-4.0947876, 42.7762953], [-4.0952998, 42.7790011], [-4.0958957, 42.7802112], [-4.0997141, 42.7845964], [-4.0983132, 42.7862669], [-4.0984857, 42.7911824], [-4.10517, 42.7930273], [-4.1129372, 42.7945462], [-4.1226714, 42.7945955], [-4.1284122, 42.7922337], [-4.1375102, 42.7902795], [-4.1404307, 42.7915203], [-4.1444006, 42.7913096], [-4.1466708, 42.7897649], [-4.1499147, 42.7893091], [-4.1557732, 42.795329], [-4.158382, 42.7955548], [-4.1603589, 42.7966515], [-4.164281, 42.8010515], [-4.1679578, 42.8034276], [-4.1736561, 42.8085747], [-4.1787573, 42.8108975], [-4.1809544, 42.8103278], [-4.1827037, 42.8103458], [-4.1838497, 42.8120721], [-4.1838655, 42.8148277], [-4.1854295, 42.8172971], [-4.1832144, 42.8217327], [-4.1797073, 42.8245066], [-4.1787269, 42.8261255], [-4.1652421, 42.8285324], [-4.1636898, 42.8313902], [-4.1624673, 42.8324778], [-4.163359, 42.8336948], [-4.161997, 42.8357056], [-4.1580672, 42.8374822], [-4.1570633, 42.8375732], [-4.151887, 42.8353204], [-4.1507826, 42.8341199], [-4.1508158, 42.8314932], [-4.1454421, 42.8288999], [-4.1455816, 42.829747], [-4.1406827, 42.829104], [-4.1409616, 42.8303925], [-4.1380058, 42.8326643], [-4.1373723, 42.8334811], [-4.1370284, 42.839428], [-4.128477, 42.8462666], [-4.1277775, 42.8529014], [-4.1255018, 42.8542926], [-4.1261196, 42.8566369], [-4.1390941, 42.8593094], [-4.1412223, 42.8618818], [-4.1452558, 42.8622198], [-4.1466417, 42.8643492], [-4.1489937, 42.8657575], [-4.1471623, 42.8673428], [-4.1442598, 42.8686145], [-4.1499013, 42.8711336], [-4.1608388, 42.8648367], [-4.1639219, 42.8621308], [-4.167619, 42.8595447], [-4.1693707, 42.8589685], [-4.1693927, 42.8594816], [-4.1720113, 42.8581401], [-4.1775406, 42.8592541], [-4.181202, 42.8586941], [-4.1840167, 42.8567379], [-4.1856008, 42.8544432], [-4.191479, 42.8520588], [-4.1934964, 42.850678], [-4.1964848, 42.8482514], [-4.1996935, 42.8445706], [-4.2072974, 42.8454183], [-4.208986, 42.8447791], [-4.2142339, 42.8471731], [-4.219497, 42.8509446], [-4.222573, 42.8548742], [-4.224679, 42.8567699], [-4.224715, 42.8579763], [-4.2257, 42.8588843], [-4.2234447, 42.8624565], [-4.2229143, 42.8647316], [-4.2234849, 42.8750368], [-4.224357, 42.877657], [-4.2243238, 42.8811413], [-4.2260817, 42.8868512], [-4.2306121, 42.8966904], [-4.2296645, 42.9001675], [-4.2309103, 42.9030718], [-4.2276416, 42.9056373], [-4.225127, 42.9060874], [-4.2225653, 42.9109776], [-4.2309852, 42.913625], [-4.2367027, 42.9171115], [-4.2386807, 42.9235108], [-4.2383276, 42.9260721], [-4.2391717, 42.9315111], [-4.2390766, 42.9365549], [-4.2393222, 42.9384163], [-4.2390492, 42.9437593], [-4.2378287, 42.9525974], [-4.2384895, 42.9543733], [-4.2402491, 42.9565335], [-4.241627, 42.9567707], [-4.2421708, 42.9576023], [-4.2446379, 42.9583499], [-4.2459589, 42.9594161], [-4.2469882, 42.9593869], [-4.2474806, 42.9600929], [-4.248794, 42.9601687], [-4.2538888, 42.9629136], [-4.2565596, 42.9634156], [-4.2622254, 42.9652713], [-4.2732554, 42.9662028], [-4.2752032, 42.9661181], [-4.2780344, 42.9654652], [-4.2808507, 42.9664603], [-4.2867408, 42.967853], [-4.2882572, 42.9688355], [-4.2907176, 42.9692131], [-4.2930493, 42.9687185], [-4.2990382, 42.9665645], [-4.3019072, 42.9666099], [-4.3069764, 42.968011], [-4.3154729, 42.9696876], [-4.3189024, 42.9695041], [-4.3319979, 42.9711804], [-4.3350332, 42.9703436], [-4.3389148, 42.9712168], [-4.3446019, 42.9716544], [-4.3484849, 42.9725812], [-4.3517181, 42.9757489], [-4.3604909, 42.9826239], [-4.3628843, 42.9849277], [-4.3669709, 42.9911195], [-4.3686356, 42.9920631], [-4.3698724, 42.9936242], [-4.3724507, 42.994827], [-4.3748331, 42.9987966], [-4.3739598, 43.0031025], [-4.3743572, 43.0060694], [-4.3776333, 43.0099202], [-4.379983, 43.0107383], [-4.3813709, 43.0129908], [-4.3846345, 43.0146083], [-4.3861884, 43.0160393], [-4.3870922, 43.0202157], [-4.3891228, 43.0231897], [-4.389168, 43.0257376], [-4.3909134, 43.026941], [-4.3922723, 43.0273297], [-4.392973, 43.0290051], [-4.3940504, 43.0305139], [-4.3981161, 43.034868], [-4.3993937, 43.0348106], [-4.4030206, 43.0369618], [-4.4033073, 43.0376206], [-4.4072485, 43.0384326], [-4.4092267, 43.0398553], [-4.4187235, 43.0422954], [-4.4224295, 43.0427537], [-4.4235283, 43.0435505], [-4.426131, 43.0446077], [-4.4299975, 43.0450997], [-4.4318651, 43.0456887], [-4.4330648, 43.0465922], [-4.4341147, 43.0484431], [-4.4367855, 43.0503006], [-4.4382417, 43.0521914], [-4.4414964, 43.0543207], [-4.4424789, 43.0559022], [-4.446182, 43.0572422], [-4.4475511, 43.0585396], [-4.4494156, 43.0574084], [-4.4537967, 43.0567675], [-4.4545911, 43.0571267], [-4.4567627, 43.057045], [-4.4598856, 43.0587612], [-4.4610617, 43.0607093], [-4.4619533, 43.061022], [-4.4627522, 43.0605346], [-4.4630971, 43.0600619], [-4.4624588, 43.0595568], [-4.4651511, 43.0576133], [-4.4711497, 43.0516922], [-4.4764625, 43.0412861], [-4.475665, 43.0407921], [-4.4754559, 43.0402635], [-4.4757132, 43.0387023], [-4.4939788, 43.039654], [-4.4958515, 43.0384139], [-4.5104354, 43.0434093], [-4.5209199, 43.0473767], [-4.5297869, 43.0405498], [-4.5315249, 43.0398422], [-4.5339026, 43.0377122], [-4.5521082, 43.0255352], [-4.5533093, 43.0244923], [-4.5565842, 43.0205217], [-4.5574732, 43.0197622], [-4.5584487, 43.0195147], [-4.5592427, 43.0198551], [-4.5601252, 43.0207796], [-4.5647634, 43.0226794], [-4.5697786, 43.0253932], [-4.5743098, 43.0269249], [-4.5764184, 43.0263465], [-4.5785012, 43.0262008], [-4.5906069, 43.0258711], [-4.5956663, 43.0288173], [-4.596643, 43.0300373], [-4.6016313, 43.0325881], [-4.6034712, 43.0348946], [-4.6060841, 43.0357674], [-4.6125491, 43.0299764], [-4.6168202, 43.0285564], [-4.6196029, 43.0265539], [-4.6214503, 43.0258614], [-4.6295623, 43.0239722], [-4.6329926, 43.02142], [-4.6349752, 43.0188973], [-4.6381314, 43.0166729], [-4.6431113, 43.0179613], [-4.6514354, 43.0208491], [-4.6589054, 43.0211553], [-4.6667608, 43.020735], [-4.6731721, 43.0213708], [-4.6742339, 43.0225079], [-4.6755193, 43.0232905], [-4.6824205, 43.0256746], [-4.686054, 43.0261434], [-4.6880737, 43.0259425], [-4.6903562, 43.0263771], [-4.6916946, 43.0259521], [-4.6937528, 43.0258136], [-4.6957558, 43.025901], [-4.6995078, 43.0266558], [-4.7073416, 43.0254406], [-4.7105087, 43.0241326], [-4.7119646, 43.022643], [-4.7133436, 43.0205963], [-4.71614, 43.0187714], [-4.7236642, 43.0175854], [-4.7260227, 43.0188982], [-4.7286416, 43.0197723], [-4.7307362, 43.0211179], [-4.731087, 43.0222473], [-4.732786, 43.0215642], [-4.7371817, 43.0210155], [-4.7391217, 43.0224698], [-4.7411529, 43.0248011], [-4.7423838, 43.0253543], [-4.7432966, 43.0267926], [-4.7417334, 43.0302133], [-4.7422979, 43.0321809], [-4.7409135, 43.0339705], [-4.7395281, 43.0369709], [-4.7371664, 43.0405836], [-4.7340145, 43.0429491], [-4.7337618, 43.044721], [-4.7323649, 43.0470303], [-4.7380078, 43.0500484], [-4.741765, 43.0553821], [-4.7441965, 43.0556009], [-4.7468768, 43.0549518], [-4.7490066, 43.055469], [-4.7514491, 43.0568223], [-4.7529095, 43.0572231], [-4.7549197, 43.0570933], [-4.7565864, 43.0561132], [-4.7615978, 43.0562552], [-4.7636784, 43.0557526], [-4.7661589, 43.0556238], [-4.7666741, 43.0610276], [-4.7673694, 43.0631818], [-4.7664877, 43.0665144], [-4.7664974, 43.0745466], [-4.7686882, 43.0759805], [-4.7708759, 43.0768742], [-4.7732737, 43.0790883], [-4.7781437, 43.0805525], [-4.7844364, 43.0836152], [-4.7884887, 43.0839752], [-4.7943559, 43.0863236], [-4.796767, 43.0877822], [-4.8007258, 43.0877814], [-4.8029122, 43.0886024], [-4.8043315, 43.0900749], [-4.8074781, 43.0917901], [-4.8128028, 43.09194], [-4.8158218, 43.0922344], [-4.8169033, 43.0926584], [-4.8173355, 43.0960554], [-4.820238, 43.097387], [-4.8214878, 43.0993391], [-4.8233411, 43.0992646], [-4.8302481, 43.1009462], [-4.8328062, 43.1026612], [-4.8353898, 43.1072843], [-4.8350515, 43.1087124], [-4.8363401, 43.111114], [-4.8358066, 43.1162913], [-4.8443204, 43.1206478], [-4.8452441, 43.1215243], [-4.8457945, 43.1238837], [-4.8478942, 43.12421], [-4.8513916, 43.1259163], [-4.844261, 43.1313553], [-4.8426973, 43.1333255], [-4.8438534, 43.1460215], [-4.8431497, 43.146339], [-4.8419803, 43.1463038], [-4.8410078, 43.1468766], [-4.838596, 43.1470426], [-4.8375966, 43.1518582], [-4.8369254, 43.1532647], [-4.834947, 43.1559003], [-4.8345665, 43.1574627], [-4.8347367, 43.1582163], [-4.8377096, 43.1605548], [-4.8402416, 43.1617208], [-4.8406548, 43.1623715], [-4.8388476, 43.1667378], [-4.8399531, 43.16682], [-4.8400834, 43.1675133], [-4.8415595, 43.1685443], [-4.8429083, 43.168898], [-4.8453937, 43.1702023], [-4.846754, 43.1703906], [-4.8471502, 43.171097], [-4.851567, 43.1725743], [-4.8517354, 43.1728722]], [[-4.1132244, 42.8162129], [-4.109434, 42.8132932], [-4.1058166, 42.8083888], [-4.107468, 42.8055209], [-4.1093539, 42.8030595], [-4.1082229, 42.8010857], [-4.1015719, 42.7937349], [-4.0959773, 42.795994], [-4.0934542, 42.7975013], [-4.0914623, 42.7980633], [-4.0900321, 42.7992747], [-4.0878831, 42.8056771], [-4.0893333, 42.8090754], [-4.0888424, 42.8131622], [-4.0888706, 42.8185345], [-4.0919273, 42.8210926], [-4.0959336, 42.8230994], [-4.1030474, 42.8255075], [-4.1072999, 42.8277016], [-4.1126335, 42.8222152], [-4.1122034, 42.8208785], [-4.1122427, 42.8184287], [-4.1132244, 42.8162129]], [[-4.1829812, 42.8204951], [-4.1752067, 42.8118112], [-4.1686281, 42.8115832], [-4.1617317, 42.8130609], [-4.1604185, 42.8151769], [-4.1615889, 42.8203314], [-4.1665041, 42.8217646], [-4.1769646, 42.8235639], [-4.1798105, 42.8232636], [-4.1829812, 42.8204951]]], [[[-3.1683203, 43.3560032], [-3.1682274, 43.3561355], [-3.1681483, 43.3560808], [-3.1683203, 43.3560032]]], [[[-3.3057485, 43.2533586], [-3.3038847, 43.2547919], [-3.3033439, 43.2561835], [-3.3032821, 43.256859], [-3.3045334, 43.2582558], [-3.2911226, 43.2614977], [-3.2841788, 43.2619999], [-3.2820035, 43.2617046], [-3.2804111, 43.2620938], [-3.278935, 43.2619314], [-3.2775043, 43.2631708], [-3.2738459, 43.2651163], [-3.2673825, 43.2674466], [-3.2639635, 43.2670787], [-3.2624792, 43.2659985], [-3.2620778, 43.2644717], [-3.2530881, 43.2621097], [-3.2491749, 43.259649], [-3.2503809, 43.2568848], [-3.2507841, 43.2514459], [-3.2520163, 43.2461191], [-3.2544579, 43.244332], [-3.2574898, 43.2396611], [-3.2592782, 43.2383631], [-3.2689699, 43.2341229], [-3.2697736, 43.2320499], [-3.2702552, 43.2295636], [-3.2679776, 43.2268675], [-3.2674744, 43.2244464], [-3.2665963, 43.223557], [-3.2663592, 43.2228462], [-3.2672875, 43.2227689], [-3.2679182, 43.221756], [-3.269624, 43.220983], [-3.2700513, 43.219959], [-3.270825, 43.2195191], [-3.2716942, 43.218227], [-3.2715993, 43.2173747], [-3.2709784, 43.2169038], [-3.2699592, 43.2146952], [-3.269267, 43.2140719], [-3.2700848, 43.2134054], [-3.2701112, 43.212688], [-3.2673276, 43.2090049], [-3.2668711, 43.2076264], [-3.2657708, 43.206926], [-3.2658028, 43.2061647], [-3.2668349, 43.2051599], [-3.267251, 43.2039979], [-3.2680235, 43.2039163], [-3.269127, 43.202728], [-3.2731435, 43.2019034], [-3.2755534, 43.2008688], [-3.2795776, 43.2008686], [-3.2819271, 43.2002956], [-3.2831757, 43.1990537], [-3.2847313, 43.1985887], [-3.2848167, 43.1971702], [-3.2862532, 43.1974038], [-3.2876094, 43.2005209], [-3.2888222, 43.2016684], [-3.2938319, 43.2039406], [-3.2944949, 43.204322], [-3.2956768, 43.2059744], [-3.2968084, 43.2060177], [-3.2973063, 43.2065027], [-3.2975645, 43.2079439], [-3.2970856, 43.2087741], [-3.2946835, 43.2102008], [-3.2936968, 43.2135059], [-3.2936503, 43.2152421], [-3.2929625, 43.2162757], [-3.2933929, 43.2172181], [-3.2926088, 43.2189409], [-3.295698, 43.2203246], [-3.29727, 43.2221434], [-3.296562, 43.2246848], [-3.2968382, 43.2254453], [-3.2962049, 43.2280977], [-3.2969355, 43.2303397], [-3.294938, 43.232657], [-3.2949731, 43.2341601], [-3.2942069, 43.2349858], [-3.293584, 43.2365591], [-3.2929399, 43.2386009], [-3.2932214, 43.2399515], [-3.2925886, 43.2408275], [-3.2931848, 43.2426971], [-3.2951977, 43.2433086], [-3.2961744, 43.2439771], [-3.2968133, 43.2448234], [-3.2968047, 43.2457543], [-3.2980962, 43.2478884], [-3.2998806, 43.2489308], [-3.3027042, 43.2499106], [-3.3046483, 43.2511051], [-3.3054381, 43.2521986], [-3.3057485, 43.2533586]]], [[[-3.409177, 43.4174251], [-3.4086806, 43.4172009], [-3.4086275, 43.4168793], [-3.4088721, 43.4169056], [-3.409177, 43.4174251]]], [[[-3.4105092, 43.4181937], [-3.4104113, 43.4184625], [-3.4101815, 43.4185487], [-3.4103295, 43.4182168], [-3.410089, 43.4180315], [-3.4105092, 43.4181937]]], [[[-3.5138753, 43.4864755], [-3.5139929, 43.4866395], [-3.5138031, 43.4866939], [-3.5138753, 43.4864755]]], [[[-3.5239468, 43.4950249], [-3.523542, 43.4949142], [-3.5237122, 43.495026], [-3.5232, 43.4956451], [-3.5226468, 43.4950983], [-3.5232272, 43.4946275], [-3.5239468, 43.4950249]]], [[[-3.5230279, 43.4942135], [-3.5231701, 43.4943852], [-3.5228958, 43.4942475], [-3.5230279, 43.4942135]]], [[[-3.5247653, 43.4979084], [-3.5247948, 43.4981536], [-3.5245775, 43.4980757], [-3.5247653, 43.4979084]]], [[[-3.5247271, 43.4939683], [-3.524801, 43.4942151], [-3.524659, 43.4941122], [-3.5247271, 43.4939683]]], [[[-3.5253232, 43.4967745], [-3.5249578, 43.4969337], [-3.5247325, 43.4966286], [-3.5250087, 43.4965238], [-3.5253232, 43.4967745]]], [[[-3.5265143, 43.4959946], [-3.5260225, 43.4960239], [-3.5259993, 43.4957089], [-3.525903, 43.495975], [-3.5255682, 43.4958729], [-3.5248307, 43.4951019], [-3.5259836, 43.4951372], [-3.525987, 43.4956188], [-3.5263808, 43.4954307], [-3.5265143, 43.4959946]]], [[[-3.5292597, 43.4962522], [-3.5290087, 43.4965145], [-3.5286288, 43.4962416], [-3.528671, 43.4965205], [-3.5281572, 43.4968651], [-3.5267576, 43.4961511], [-3.5271888, 43.4962257], [-3.5271621, 43.495591], [-3.5277187, 43.4952328], [-3.5292597, 43.4962522]]], [[[-3.5311905, 43.4931374], [-3.5309572, 43.4931491], [-3.5308043, 43.492793], [-3.5309464, 43.492756], [-3.5311905, 43.4931374]]], [[[-3.5406757, 43.4942519], [-3.5400086, 43.494814], [-3.5396603, 43.4944941], [-3.5401458, 43.4940511], [-3.5406757, 43.4942519]]], [[[-3.5408445, 43.4950217], [-3.5406099, 43.4951505], [-3.5401643, 43.4949439], [-3.540553, 43.4946182], [-3.5408445, 43.4950217]]], [[[-3.7318469, 43.4727519], [-3.7315973, 43.4733741], [-3.7310828, 43.4736872], [-3.7316153, 43.4737085], [-3.7308543, 43.4748373], [-3.7309639, 43.4752494], [-3.7304353, 43.4755841], [-3.7306812, 43.4758913], [-3.7289583, 43.4766615], [-3.7293019, 43.4763809], [-3.7283313, 43.4760913], [-3.7286127, 43.4751591], [-3.7280893, 43.4752715], [-3.7276823, 43.473675], [-3.728991, 43.4721932], [-3.7287117, 43.4719853], [-3.7284505, 43.472235], [-3.7284265, 43.4718517], [-3.7287458, 43.4717075], [-3.7285748, 43.471497], [-3.7282187, 43.4715114], [-3.7285805, 43.4713317], [-3.727353, 43.4715704], [-3.7274622, 43.4711784], [-3.729052, 43.470119], [-3.7307807, 43.4699614], [-3.7312792, 43.4710492], [-3.7313769, 43.4709015], [-3.7313472, 43.4715882], [-3.7317038, 43.4718], [-3.7315589, 43.4719796], [-3.7316135, 43.4724103], [-3.7318469, 43.4727519]]], [[[-3.7274722, 43.4742887], [-3.727481, 43.4746991], [-3.7273794, 43.4743048], [-3.7274722, 43.4742887]]], [[[-3.728457, 43.4715665], [-3.7284033, 43.4717355], [-3.7282008, 43.471744], [-3.728457, 43.4715665]]], [[[-3.7283752, 43.4714021], [-3.7284205, 43.4714098], [-3.7283027, 43.4714547], [-3.7283752, 43.4714021]]], [[[-3.7283598, 43.4761882], [-3.7283934, 43.4762255], [-3.7283341, 43.4762291], [-3.7283598, 43.4761882]]], [[[-3.7286633, 43.4762844], [-3.7287246, 43.4764049], [-3.7284814, 43.476392], [-3.7286633, 43.4762844]]], [[[-3.7286285, 43.4764259], [-3.728598, 43.4764888], [-3.7285694, 43.4764694], [-3.7286285, 43.4764259]]], [[[-3.7298749, 43.4764953], [-3.7298151, 43.4765334], [-3.7297849, 43.4764915], [-3.7298749, 43.4764953]]], [[[-3.731121, 43.4701748], [-3.7311218, 43.470349], [-3.7310413, 43.4703782], [-3.731121, 43.4701748]]], [[[-3.7315518, 43.4715262], [-3.7315299, 43.4716044], [-3.7314905, 43.4715909], [-3.7315518, 43.4715262]]], [[[-3.7315799, 43.4714608], [-3.7315832, 43.4715094], [-3.7315486, 43.4714732], [-3.7315799, 43.4714608]]], [[[-3.7315911, 43.4742526], [-3.7316163, 43.4742544], [-3.7316289, 43.4743132], [-3.7315911, 43.4742526]]], [[[-3.7317269, 43.4718962], [-3.7316495, 43.4719441], [-3.7316364, 43.4719362], [-3.7317269, 43.4718962]]], [[[-3.7318192, 43.4722254], [-3.7318245, 43.4722819], [-3.7317791, 43.4722665], [-3.7318192, 43.4722254]]], [[[-3.7924185, 43.4302409], [-3.7922236, 43.4303307], [-3.7913846, 43.4299641], [-3.7918807, 43.4299034], [-3.7924185, 43.4302409]]], [[[-3.7933911, 43.4180062], [-3.7936165, 43.41837], [-3.7932684, 43.4182354], [-3.7933911, 43.4180062]]], [[[-3.7954367, 43.4182121], [-3.7947681, 43.4185949], [-3.7940006, 43.4182753], [-3.7944202, 43.4180804], [-3.7954367, 43.4182121]]], [[[-3.7947809, 43.4173132], [-3.7943777, 43.4177007], [-3.7942175, 43.4173714], [-3.7947809, 43.4173132]]], [[[-3.7968542, 43.4335062], [-3.7969099, 43.4337383], [-3.7966853, 43.4337501], [-3.7968542, 43.4335062]]], [[[-3.7971091, 43.4163655], [-3.7971691, 43.4165546], [-3.7969911, 43.4163936], [-3.7971091, 43.4163655]]], [[[-3.8799439, 43.4797993], [-3.8786501, 43.4803572], [-3.8778942, 43.4799952], [-3.8752231, 43.4804118], [-3.8754292, 43.4798655], [-3.8761448, 43.4795944], [-3.8757943, 43.4792909], [-3.8767219, 43.4774941], [-3.8793551, 43.4775746], [-3.8795848, 43.4784785], [-3.8787057, 43.4792551], [-3.8787712, 43.4795049], [-3.8799, 43.4794981], [-3.8799439, 43.4797993]]], [[[-3.8915469, 43.4742117], [-3.8915644, 43.474352], [-3.891422, 43.4743497], [-3.8915469, 43.4742117]]], [[[-3.8922506, 43.4740649], [-3.8920242, 43.4742424], [-3.8917199, 43.474173], [-3.8920564, 43.4739235], [-3.8922506, 43.4740649]]], [[[-3.9104501, 43.4753911], [-3.9095145, 43.4762342], [-3.9098794, 43.4762917], [-3.9090005, 43.4773074], [-3.9083177, 43.4772972], [-3.9084759, 43.4770021], [-3.9074158, 43.4775748], [-3.9062603, 43.4777441], [-3.9071666, 43.4767844], [-3.9076319, 43.4768308], [-3.9079016, 43.4762587], [-3.90854, 43.4759862], [-3.9085657, 43.4756191], [-3.9096382, 43.4752738], [-3.9100732, 43.4752724], [-3.9099572, 43.4755312], [-3.9104501, 43.4753911]]], [[[-3.9265671, 43.4740975], [-3.925827, 43.474327], [-3.9256395, 43.4740693], [-3.9262079, 43.4738538], [-3.9265671, 43.4740975]]], [[[-3.9326902, 43.4731282], [-3.9323602, 43.4733891], [-3.9318688, 43.4733098], [-3.9322083, 43.472929], [-3.9326902, 43.4731282]]], [[[-3.9339988, 43.47329], [-3.9328722, 43.4730876], [-3.9329113, 43.4727505], [-3.9335696, 43.4726749], [-3.9339988, 43.47329]]], [[[-3.9432256, 43.4708452], [-3.9424746, 43.4708764], [-3.941977, 43.470475], [-3.9425926, 43.4703338], [-3.9432256, 43.4708452]]], [[[-4.0139736, 43.4526442], [-4.0134096, 43.4529305], [-4.0129522, 43.4528877], [-4.0132325, 43.4522609], [-4.0139736, 43.4526442]]], [[[-4.0162732, 43.4526805], [-4.0160568, 43.453175], [-4.0153822, 43.4527213], [-4.0159553, 43.4525881], [-4.0162732, 43.4526805]]], [[[-4.0163515, 43.452225], [-4.016079, 43.4524272], [-4.0155382, 43.4523161], [-4.015918, 43.4520724], [-4.0163515, 43.452225]]], [[[-4.0227791, 43.4511912], [-4.02144, 43.4512019], [-4.0213071, 43.4507425], [-4.0207488, 43.4505948], [-4.0220369, 43.450472], [-4.022729, 43.4508296], [-4.0224703, 43.4510509], [-4.0227791, 43.4511912]]], [[[-4.0264144, 43.4530767], [-4.0236704, 43.4531094], [-4.0233311, 43.4528285], [-4.0223419, 43.453069], [-4.0210997, 43.4529607], [-4.0209593, 43.4526969], [-4.0246702, 43.4526039], [-4.0262077, 43.4527167], [-4.0264144, 43.4530767]]], [[[-4.4380394, 43.396309], [-4.437401, 43.3962369], [-4.4373193, 43.3961711], [-4.4375312, 43.3960561], [-4.4380394, 43.396309]]], [[[-4.4529807, 43.3947431], [-4.452868, 43.3947967], [-4.4528653, 43.394709], [-4.4529807, 43.3947431]]], [[[-4.4643605, 43.3937318], [-4.4642304, 43.3939725], [-4.4641276, 43.3937416], [-4.4643605, 43.3937318]]], [[[-4.4649235, 43.3936562], [-4.4648096, 43.3938436], [-4.4646255, 43.3938217], [-4.4646522, 43.3936392], [-4.4649235, 43.3936562]]], [[[-4.465052, 43.3937842], [-4.464967, 43.3938071], [-4.4650239, 43.3937243], [-4.465052, 43.3937842]]], [[[-4.4754314, 43.3961327], [-4.4753589, 43.3962126], [-4.4752981, 43.3961825], [-4.4754314, 43.3961327]]], [[[-4.4756922, 43.3956874], [-4.4758371, 43.3961084], [-4.4753125, 43.395953], [-4.4756252, 43.3955607], [-4.4757512, 43.3956075], [-4.4756922, 43.3956874]]], [[[-4.475778, 43.3956192], [-4.4757485, 43.3956757], [-4.4757217, 43.3956777], [-4.475778, 43.3956192]]], [[[-4.4766228, 43.3955571], [-4.4766223, 43.3956396], [-4.4765552, 43.3955967], [-4.4766228, 43.3955571]]], [[[-4.4780795, 43.3948786], [-4.478109, 43.3949195], [-4.4779797, 43.3949516], [-4.4780795, 43.3948786]]], [[[-4.4785221, 43.3949994], [-4.4785274, 43.3950423], [-4.4784979, 43.3950306], [-4.4785221, 43.3949994]]], [[[-4.4785704, 43.3948143], [-4.4785964, 43.3948678], [-4.4785301, 43.3948591], [-4.4785704, 43.3948143]]], [[[-4.4787206, 43.3949488], [-4.4787581, 43.3949858], [-4.4786776, 43.394978], [-4.4787206, 43.3949488]]], [[[-4.4806356, 43.3948513], [-4.4805179, 43.3949253], [-4.480531, 43.394824], [-4.4806356, 43.3948513]]], [[[-4.4820222, 43.396007], [-4.4820732, 43.3960285], [-4.4819663, 43.396046], [-4.4820222, 43.396007]]], [[[-4.4821755, 43.3956309], [-4.482159, 43.3956874], [-4.4821375, 43.3956504], [-4.4821755, 43.3956309]]], [[[-4.4847823, 43.3955062], [-4.4844738, 43.3957946], [-4.4838676, 43.395816], [-4.4844399, 43.3959045], [-4.4844604, 43.3959837], [-4.4843209, 43.3959115], [-4.4840661, 43.3958843], [-4.4843612, 43.3960148], [-4.4833231, 43.3963676], [-4.4828296, 43.3963618], [-4.4837121, 43.3959174], [-4.4827626, 43.3961552], [-4.482776, 43.3962838], [-4.4824434, 43.3962312], [-4.4828537, 43.3959797], [-4.4821409, 43.3960462], [-4.4823012, 43.3959271], [-4.482741, 43.3959076], [-4.4831326, 43.3957634], [-4.4821701, 43.3958667], [-4.4826037, 43.395583], [-4.4837897, 43.3952484], [-4.4847823, 43.3955062]]], [[[-4.48227, 43.396306], [-4.4822529, 43.3963384], [-4.4822137, 43.3963216], [-4.48227, 43.396306]]], [[[-4.4822663, 43.3955763], [-4.4823686, 43.3956426], [-4.4822475, 43.3956854], [-4.4822663, 43.3955763]]], [[[-4.4823763, 43.3954964], [-4.4824223, 43.39551], [-4.4823682, 43.3955178], [-4.4823763, 43.3954964]]], [[[-4.4826257, 43.3955178], [-4.4824728, 43.3955821], [-4.4824652, 43.3955471], [-4.4826257, 43.3955178]]], [[[-4.4826395, 43.3953892], [-4.4825479, 43.3954788], [-4.4825135, 43.3954418], [-4.4826395, 43.3953892]]], [[[-4.4828028, 43.3961552], [-4.4828886, 43.3961824], [-4.4828028, 43.3961785], [-4.4828028, 43.3961552]]], [[[-4.4830978, 43.3952352], [-4.4831112, 43.3952742], [-4.4830621, 43.3952609], [-4.4830978, 43.3952352]]], [[[-4.4843102, 43.3965001], [-4.4840527, 43.3966171], [-4.4834716, 43.3966217], [-4.4837479, 43.3965204], [-4.4843102, 43.3965001]]], [[[-4.4842226, 43.3961189], [-4.4841707, 43.3962175], [-4.483767, 43.396241], [-4.4842226, 43.3961189]]], [[[-4.484396, 43.3961025], [-4.4842968, 43.3962682], [-4.4839535, 43.3962818], [-4.4842244, 43.3962292], [-4.484396, 43.3961025]]], [[[-4.4840473, 43.39513], [-4.4841117, 43.3951339], [-4.484042, 43.3951475], [-4.4840473, 43.39513]]], [[[-4.4844211, 43.3967582], [-4.4842217, 43.3968412], [-4.4841305, 43.3967886], [-4.4844211, 43.3967582]]], [[[-4.4843504, 43.3962701], [-4.4844524, 43.3962877], [-4.4843585, 43.3962994], [-4.4843504, 43.3962701]]], [[[-4.4849727, 43.3964475], [-4.4847367, 43.3963501], [-4.4847206, 43.3965372], [-4.4843612, 43.3963949], [-4.4846616, 43.3962721], [-4.4849727, 43.3964475]]], [[[-4.4846723, 43.3965566], [-4.4847045, 43.3967087], [-4.4845364, 43.3966081], [-4.4846723, 43.3965566]]], [[[-4.4848171, 43.3952333], [-4.4848037, 43.3952586], [-4.4845543, 43.3951924], [-4.4848171, 43.3952333]]], [[[-4.484852, 43.3954886], [-4.4848547, 43.3955958], [-4.4847752, 43.3955654], [-4.484852, 43.3954886]]], [[[-4.4851551, 43.3954828], [-4.4849754, 43.3956562], [-4.4848288, 43.395618], [-4.4849271, 43.3956056], [-4.4851551, 43.3954828]]], [[[-4.4848905, 43.3954368], [-4.4850183, 43.3954886], [-4.4848905, 43.395468], [-4.4848905, 43.3954368]]], [[[-4.4850183, 43.3958297], [-4.4850371, 43.3958862], [-4.48497, 43.3958745], [-4.4850183, 43.3958297]]], [[[-4.4851265, 43.3964483], [-4.4850719, 43.3965488], [-4.4850666, 43.3964417], [-4.4851265, 43.3964483]]], [[[-4.4851444, 43.3955978], [-4.485139, 43.3956465], [-4.4851024, 43.3956278], [-4.4851444, 43.3955978]]], [[[-4.4852704, 43.3952353], [-4.4852436, 43.3952411], [-4.4852436, 43.3951924], [-4.4852704, 43.3952353]]], [[[-4.4853009, 43.3951893], [-4.4853241, 43.3952353], [-4.4852704, 43.3951885], [-4.4853009, 43.3951893]]], [[[-4.485376, 43.3951737], [-4.4853804, 43.395206], [-4.4853563, 43.3951826], [-4.485376, 43.3951737]]], [[[-4.4882316, 43.3936877], [-4.4881011, 43.3936827], [-4.4882209, 43.3936624], [-4.4882316, 43.3936877]]], [[[-4.4882048, 43.3935942], [-4.4882325, 43.3936417], [-4.4881118, 43.3936417], [-4.4882048, 43.3935942]]], [[[-4.4882128, 43.3935396], [-4.4882772, 43.3935825], [-4.4881833, 43.3935766], [-4.4882128, 43.3935396]]], [[[-4.4884569, 43.3935143], [-4.4884059, 43.393526], [-4.4883791, 43.393487], [-4.4884569, 43.3935143]]], [[[-4.4907314, 43.3957946], [-4.4906456, 43.3958316], [-4.4906438, 43.395809], [-4.4907314, 43.3957946]]], [[[-4.4907502, 43.3960655], [-4.4907851, 43.3961006], [-4.4907448, 43.3960947], [-4.4907502, 43.3960655]]], [[[-4.492354, 43.396964], [-4.4923068, 43.3969784], [-4.4922934, 43.3969453], [-4.492354, 43.396964]]], [[[-4.4936629, 43.3970673], [-4.49362, 43.3970731], [-4.4936307, 43.3970439], [-4.4936629, 43.3970673]]], [[[-4.4947315, 43.3976995], [-4.494533, 43.3977248], [-4.4945062, 43.3976703], [-4.4947315, 43.3976995]]], [[[-4.4945706, 43.3974656], [-4.4945642, 43.3975019], [-4.494533, 43.3974656], [-4.4945706, 43.3974656]]], [[[-4.4951328, 43.3976752], [-4.4952106, 43.3978078], [-4.4948978, 43.3976956], [-4.4951328, 43.3976752]]], [[[-4.4989952, 43.3959759], [-4.4990972, 43.3959973], [-4.4989818, 43.3959876], [-4.4989952, 43.3959759]]], [[[-4.5014568, 43.3968889], [-4.4997939, 43.3974112], [-4.4993701, 43.3971714], [-4.4994326, 43.3965079], [-4.4991644, 43.3963189], [-4.5004974, 43.3961026], [-4.5014568, 43.3968889]]], [[[-4.4992339, 43.3961961], [-4.4992313, 43.3962253], [-4.4992071, 43.3962098], [-4.4992339, 43.3961961]]], [[[-4.4998529, 43.3961193], [-4.4996282, 43.3961454], [-4.4995934, 43.396124], [-4.4996427, 43.3961069], [-4.4998529, 43.3961193]]], [[[-4.4999447, 43.395818], [-4.4999796, 43.3958395], [-4.4999367, 43.3958317], [-4.4999447, 43.395818]]], [[[-4.500272, 43.3957479], [-4.500298, 43.3957658], [-4.500263, 43.395762], [-4.500272, 43.3957479]]], [[[-4.5011947, 43.395167], [-4.5013262, 43.3952138], [-4.501251, 43.3952157], [-4.5011947, 43.395167]]], [[[-4.5061942, 43.3948941], [-4.5061995, 43.3949662], [-4.5061459, 43.3948785], [-4.5061942, 43.3948941]]], [[[-4.5076989, 43.3940814], [-4.507664, 43.3941184], [-4.5076318, 43.394095], [-4.5076989, 43.3940814]]], [[[-4.5081789, 43.3939604], [-4.5082058, 43.394019], [-4.5081386, 43.393976], [-4.5081789, 43.3939604]]], [[[-4.5098152, 43.3931848], [-4.5098043, 43.3932354], [-4.5097346, 43.3931964], [-4.5098152, 43.3931848]]], [[[-4.5117598, 43.3933213], [-4.5117642, 43.3933702], [-4.5117435, 43.3933426], [-4.5117598, 43.3933213]]]]}, "properties": {"nombre": "Cantabria"}}